Key,Translation,Version,Comment (context for translators)
abort,Перервати,,"Text on a button that would abort some ongoing operation. It is different from ""cancel"" since something can be cancelled before it starts, but aborting implies that operation has already begun."
aborting.expedition.target.too.far,"Перериваємо експедицію. Корабель занадто далеко від цілі, {0}.",,{0} will be replaced with a destination name (i.e. planet name)
about,Додатково,,"""About"" menu item name. Also could be used as a button label."
about.wallet,Де Взяти Гроші,,
about.wallet.desc,"Гроші можна майніти на Корабельному Комп'ютері, або на інших пристроях із можливістю майнінгу (після встановлення модулю Апгрейд Майнінга). А також гроші можна отримати через торговельні операції, як із реальними товарами, так і на Фондовому Ринку (після дослідження відповідних технологій)",2022-03-19,
achievement.AsimovOverride,Незаконний ШІ,,"AI here is short for Artificial Intelligence. Rogue AI is something like Skynet in Terminator movie, or the AI that enslaved humans in The Elysium movie."
achievement.AsimovOverride.desc,Встановлено Модуль Злому Азімова,,"Asimov is Isaac Asimov, a famous sci-fi writer who created the ""three laws of robotics"""
achievement.Breached,Вломилися!,,"This is past tense of verb ""to breach"", meaning: make a gap in and break through (a wall, barrier, or defence)."
achievement.Breached.desc,Корабель взято на абордаж ,,"""boarded"" as in ""the act of passengers and crew getting aboard a ship or aircraft"". Raiders are a pirates, ""Breach Capsule"" is a small pirate space ship that attaches to your ship and breaches through the hull to attack you."
achievement.CatRidingCleaningBot,Драйвова Поїздочка,,"""joy ride"" is an English idiom for ""a fast and dangerous ride in a stolen vehicle."""
achievement.CatRidingCleaningBot.desc,Кіт Катається на Боті-Чиcтильнику,,"There are viral videos on youtube showing cats riding roombas (cleaning robots), example: https://www.youtube.com/watch?v=SajTWY9a0e0"
achievement.CloneHuman,Впевнений що я - це саме я,,
achievement.CloneHuman.desc,Клоновано Людину,,
achievement.Colonize,Завершення Місії,,
achievement.Colonize.desc,Влаштовано колонію на придатній планеті,,
achievement.CPUDestroyed,Більше не глючитиме,,"this is a reference to ""The Terminator"" movie. Scene: https://www.youtube.com/watch?v=tYc2jQaM8gM"
achievement.CPUDestroyed.desc,Втрачено Корабельний Комп'ютер,,"""lose"" here means getting your ship computer destroyed"
achievement.CrawlerAttach,Обіймашки!,,
achievement.CrawlerAttach.desc,Краулер захопив Колоніста-Людину,,
achievement.CrawlerUber,Підхопили По Дорозі,,
achievement.CrawlerUber.desc,Із експедиції привезено Краулера,,
achievement.Crypto,Crypto Bro,,
achievement.Crypto.desc,Встановлено апгрейд для майнінгу Старкредів,,
achievement.date,Досягнення розблоковано: {0},,"{0} is a date, like 2022-10-12"
achievement.DiscoverEgg,А Це Щось Новеньке,,
achievement.DiscoverEgg.desc,На борту Корабля виявлено Яйце ,,
achievement.DiscoverTerraformable,Знайшли!,,this refers to finally discovering a terraformable planet after a long search
achievement.DiscoverTerraformable.desc,Відкрито планету придатну до тераформування,,
achievement.Elysium,Елізіум,,
achievement.Elysium.desc,Стазис-Масив перетворено на Елізіум,,
achievement.FirstContact,Перший Контакт,,
achievement.FirstContact.desc,Зустріч із іншою фракцією,,
achievement.FirstCup,Ранкова Філіжанка,,
achievement.FirstCup.desc,Хтось скуштував каву,,
achievement.HatchCrawlers,Дивіться хто народився!,,
achievement.HatchCrawlers.desc,Краулери розвинулися у тілі колоніста,,
achievement.Money5,Справи пішли!,,
achievement.Money5.desc,"Статки сягнули 100,000 Старкредів",,
achievement.Money6,Мій Перший Мільйон,,
achievement.Money6.desc,"Статки сягнули 1,000,000 Старкредів",,
achievement.Money7,$1x10^7,,
achievement.Money7.desc,"Статки сягнули 10,000,000 Старкредів",,
achievement.Money8,$1x10^8,,
achievement.Money8.desc,"Статки сягнули 100,000,000 Старкредів",,
achievement.Money9,"Насправді, Гроші не Головне",,
achievement.Money9.desc,"Статки сягнули 1,000,000,000 Старкредів",,
achievement.OnePiece,Єдиний,,"short for ""all in one piece"" idiom, which means ""Uninjured or unharmed; fully intact."". Examples of idiom use: We are lucky to have walked away from that car accident all in one piece. I made sure to pack the heirloom carefully so that it would still be all in one piece when it reached my daughter."
achievement.OnePiece.desc,Секції розбитого корабля з'єднано у єдиний фрагмент,,
achievement.StasisDestroyed,Все Безнадійно,,
achievement.StasisDestroyed.desc,Стазис-Масив зруйновано,,
achievement.StockMarketLoss,Один з Нас,,
achievement.StockMarketLoss.desc,Втрачено $100K на Фондовому Ринку,,
achievement.TerraformAtmosphere,Тераформування Атмосфери,,
achievement.TerraformAtmosphere.desc,Створено атмосферу на планеті,,
achievement.TerraformBiosphere,Тераформування Біосфери,,
achievement.TerraformBiosphere.desc,Створено біосферу на планеті,,
achievement.TerraformOceans,Тераформування Гідросфери,,
achievement.TerraformOceans.desc,Створено океани та річки на планеті,,
achievement.TerraformTerrain,Тераформування Суші,,
achievement.TerraformTerrain.desc,Створено тверду поверхню та континенти на планеті,,
achievement.unlocked,Досягнення Розблоковано: {0},,
achievement.VoidRipper,Крізь Порожнечу,,"this is a name for a fictional device that allows ripping the fabric of space-time and traveling though a tunnel between two black holes. ""Void"" here is as in ""emptiness, empty space"""
achievement.VoidRipper.desc,Здійснено Подорож крізь Чорну Діру,,
achievement.WeaponizedCleaningBot,Справжній Бойовий Пилосос,,
achievement.WeaponizedCleaningBot.desc,Озброєно Бота-Чистильника,,
achievement.Winch,Лебідка,,
achievement.Winch.desc,Притягнуто одна до одної дві секції Корабля,,
achievements,Досягнення,,
achievements.disabled,Досягнення Відключено,,
act.AnimalEat,Їсть,,
act.BotDock,Під'єднується до Доку,,
act.BreakdownDeconstruct,Руйнує об'єкти навколо,,
act.BreakdownStartFire,Підпалює об'єкти навколо,,
act.BreakdownInsanity,Божеволіє,,
act.BreakdownRoamAround,Блукає Навкруги,,
act.BreakdownSpaceDiarrhea,Страждає від Космічної Діареї,,
act.BringResourcesAndConstruct,Виконує Монтажні Роботи,,
act.CatchTarget,Переслідує декого,,
act.Clean,Чистить,,
act.CleanDevice,Чистить Пристрій,,
act.CleanFloors,Чистить Підлогу,,
act.CleanSolarPanel,Чистить Сонячні Панелі,,
act.Construct,Монтує,,
act.CrawlerAttached,Намагається зняти із себе створіння,,
act.Deconstruct,Демонтує,,
act.Disassemble,Розбирає,,
act.Drink,П'є напій,,
act.Eat,Їсть,,
act.EnterShuttle,Заходить до Шатлу,,
act.FindBodyClothing,Одягає на тіло,,
act.FindHeadgear,Надіває на голову,,
act.FindHumanPrey,Шукає здобич,,
act.FindInstallableObject,Шукає установлюваний об'єкт,,
act.Firefight,Гасить пожежу,,
act.GatherRawMaterials,Збирає матеріали,,
act.GatherUnstoredRawMaterials,Збирає купи матеріалів,,
act.HarvestPlant,Збирає врожай,,
act.HaulRawMaterials,Несе матеріали,,
act.HaulToNutrientExtractor,Несе до Екстрактора Білка,,
act.HaulUnstoredItem,Несе предмет до складу,,
act.Heal,Отримує медичну допомогу,,
act.Install,Установлює об'єкт,,
act.InstallUpgrade,Установлює апгрейд,,
act.MLTrain,Проходить Машинне Навчання,,
act.MoveNextToObject,Рухається до цілі,,
act.MoveNextToPos,Рухається до позиції,,"This is about the worker, as in ""worker is moving to position"""
act.MoveObj,Рухає об'єкт,,
act.MoveToOrNextToPos,Рухається до позиції,,"This is about the worker, as in ""worker is moving to position"""
act.MoveToPos,Рухається до позиції,,"This is about the worker, as in ""worker is moving to position"""
act.MoveToSafety,Рухається в безпечне місце,,
act.MoveToWorkSpot,Рухається до місця роботи,,
act.None,Байдикує,,
act.Noop,Простоює,,
act.OperateDevice,Керує машиною,,
act.Panic,Панікує,,
act.Pet,Гладить тваринку,,
act.PlaceUnconstructed,Наказує монтувати,,
act.Process,Обробляє,,
act.ProcessStoredMat,Обробляє матеріали,,
act.ProvideTempGrid,Забезпечує тимчасове підключення,,
act.Recharge,Перезаряджається,,
act.RefillPetBowl,Поповнює Миску Домашньої Тварини,,
act.Relocate,Переміщує об'єкт,,
act.Repair,Ремонтує,,
act.ReplaceTile,Замінює об'єкт,,
act.RescueInSpace,Рятує застряглу в космосі істоту,,
act.researching,Досліджує,,
act.Ride,Їде,,
act.Roam,Тиняється,,
act.Sleep,Збирається спати,,
act.Socialize,Спілкується,,
act.StartFire,Розпалює Вогонь,,
act.StoreItem,Складає Предмет,,
act.StoreMat,Несе матеріали до складу,,
act.StoreRawMaterials,Складає Сировину,,
act.Uninstall,Вилучає об'єкт,,
act.UseFoodConsumptionSpot,Їсть,,
act.UseShower,Приймає душ,,
act.UseToilet,У туалеті,,
act.Vent,Дає вихід емоціям,,"Verb, when someone is expressing anger, etc"
act.Wait,Очікує,,
act.WaitForMaintenance,Проходить тех.обслуговування,,
act.WaitForRecharge,Перезаряджається,,
act.Workout,Займається фізичними вправами,,
action.process,Обробляти,,
action.required,Необхідно Прийняти Рішення,,
action.store,Нести до Складу,,
action.store.item,Нести до Складу Предметів,,
action.unavailable,Така Дія Недоступна,,
activate,Задіяти,,
activate.siren,Задіяти сирену,,
active,Активно,,"Opposite of Inactive or Disabled. Appears on device buttons that can switch the state, or on labels that display that device is active (operational, running)"
ad.rej.cancelled,Задачу було скасовано,,
ad.rej.construction.site.obstructed,Місце для монтажу заблоковане,,
ad.rej.could.not.reserve,Неможливо резервувати предмет,,
ad.rej.dock.not.available,Док недоступний,,
ad.rej.interrupted,Перервано,,
ad.rej.lacking.drink,Напій був недоступний,,
ad.rej.lacking.edible,Їжа недоступна,,
ad.rej.lacking.healer,Бракує медичного обладнання,,
ad.rej.lacking.mat,Бракує матеріалів,,
ad.rej.lacking.workout.equipment,Бракує тренажерів для фізичних вправ,,
ad.rej.no.flying.worker,"Виконання цього завдання вимагає Польоту, але наразі відсутні Працівники із здатністю літати",,
ad.rej.no.priority,Нульовий пріоритет для такого типу роботи,,
ad.rej.processor.queue.full,Черга обробника була заповнена,,
ad.rej.target.unavailable,Ціль недоступна,,
ad.rej.undefined,Невизначений (Баг),,
ad.rej.unreachable,Недосяжна локація,,
ad.rej.unreachable.item,Працівник не зміг дістатися до предмету,,
ad.rej.unreachable.mat.flying,Літаючий працівник не зміг дістатися до необхідного матеріалу. Переконайтесь що маршрут працівника до матеріалу нічим не заблоковано.,,
ad.rej.unreachable.mat.grounded,Наземний працівник не зміг дістатися до необхідного матеріалу. Переконайтесь що маршрут працівника до матеріалу нічим не заблоковано.,,
add,Додати,,
advanced,Розвинений,,"For now only used in switching between ""Advanced"" and ""Basic"" life support system function"
advert.cancel,Відмінити {0},,
advert.priority,Пріоритет завдання: {0},,
advert.priority.down,Зменшити Пріоритет,,
advert.priority.up,Збільшити Пріоритет,,
advert.reject.info,Завдання відхилено <i>[{0}]</i> : {1} - {2},,
advert.rejected,Відхилено,,
advert.retry,Повторити Це Завдання,,
advert.task,<i>[{0}]</i>: {1},,
aesthetics,Естетика,,
aesthetics.at,Естетика: {0}: {1:0.0},,
after.settle,"На {0} було засновано колонію людей. Щоб знайти та тераформувати планету знадобилося {1} днів. На Кораблі вирішили залишитися {2} колоністів.<br><br>Тепер можна продовжити дослідження Всесвіту так довго, як того забажаєте.",,"{0} is planet name, {1} is a number (of days), {2} is a number (of colonists)"
age,Вік,,
airtightness.at,Герметичність у {0}: {1},,"When you open ""airtightness"" overlay, hovering any location with the mouse will show a tooltip showing ""Airtightness at [123:12]: 99%"". {0} variable is coordinate, {1} is percentage."
all.time,Весь Час,,"Used in stock market history range choice (1 day, 1 week, 1 month, 1 year, all time)"
alone,Перебування На Самоті,,"Used in showing mood boost reason for introverted people when they are alone, not in a crowd"
amb.color,Освітлення Оточення,2022-09-03,"For video setting that controls how much ambient light will there be, i.e. how dark things will get if there are no lamps installed. Last change was ""Ambient Color"" => ""Ambient Light"""
amb.color.bright,Яскраво,,Ambient light option when everything will be very bright
amb.color.dark,Туман Війни,,"Darkest ambient light option, that will keep things very dark unless there are light sources"
amb.color.dim,Захоплююче Тьмяно,,Somewhat dark ambient light option that still has good visibility
amb.color.mid,Середньо,,"Medium ambient light option, between bright and dark"
ammo,Заряд,,
ammo.bar,Заряди: {0}/{1},,
ammo.type,Заряди: {0},,
amount.left,Кількість у Залишку,,
animated.bg,Анімація Космосу на Задньому Плані,,
anomalies,Аномалії,,
anomalies.info,"На об'єкті присутні аномалії, що можуть виявитися упродовж експедиції. Це може бути небезпечно!",,
apply,Застосувати,,
area.size,Розмір {0},,
arriving.soon,Прибуває: {0},,{0} will be replaced with who is arriving (i.e Arriving: Ore trader). For now only used for notifying about arriving merchants.
asimov.violation.1,"Ця дія порушує Перший закон Робототехніки Азімова. Робот не може заподіяти шкоду людині, або своєю бездіяльністю дозволити, щоб людині було заподіяно шкоду. Виконання перервано.",,
asimov.violation.3,"Ця дія порушує Третій закон Робототехніки Азімова. Робот повинен захищати самого себе, якщо тільки його дії не суперечать Першому і Другому законам. Виконання перервано.",,
assemble,Збирати,,
assembling.now,Збирання - {0},,"1. This is a text in UI of the Crafting Station/Assembler/Fabricator.
It combined with the name of the device which is produced right now (like ""Assembling Microchip"")
2. This is a tooltip text, appearing when you hover a mouse over Crafting Station/Assembler/Fabricator.
It combined with the state of production process in percents (like ""Assembling 85%"")"
assigned.to.selected.worker,Призначено обраному працівникові,,
assigned.to.worker,Призначено: {0},,
assigned.worker,Призначено,,
asteroid,Астероїд,,
asteroid.avoided,Чудова новина! Корабель уник зіткнення з астероїдом!,,
asteroid.impact,Удар Астероїда,,
asteroid.incoming,Виявлено Астероїд,,
ate.at.makeshift.table,Споживання їжі за недоладним столом,,
ate.at.table,Споживання їжі за файним столом,,
ate.from.a.bowl,Подобається гарна мисочка для їжі,,
ate.without.bowl,Довелося їсти просто з підлоги,,
ate.without.table,Довелося їсти взагалі без стола,,
attention,Увага,,
attracted.to,Приваблива Стать,,"For showing what gender the being is attracted to (i.e. ""Attracted To -> Female"")"
audio.amb.cutoff.tip,"Якщо увімкнено - звуки оточення (роботи пристроїв, двигунів та таке інше) звучатимуть приглушено відповідно до відстані.",,
audio.fx.cutoff.tip,"Якщо увімкнено - звукові ефекти (сигнали, вибухи та таке інше) звучатимуть приглушено відповідно до відстані.",,
audio.max.silence.tip,Довжина паузи між аудіо-треками.,,
audio.music.cutoff.tip,Якщо увімкнено - музика звучатиме більш приглушено при збільшенні (zoom in) масштабу.,,
audio.ui.hover,Звуки IK,,
auto,Авто,,"short for ""Automatic"", could be used on a narrow button that toggles between automatic and some other (i.e. manual) setting"
auto.clean,Авто-Чистка,,
auto.clean.info,"Якщо увімкнено режим Авто-Чистка - ця споруда обслуговуватиметься працівниками автоматично, у міру потреби.",,
auto.close,Авто-Зачинення,,
auto.harvest,Авто-Жнива,,
auto.haul,Авто-Перенос,,
auto.haul.info,Якщо увімкнено режим Авто-Перенос - працівники автоматично переноситимуть сумісні предмети та матеріали до цієї споруди.,,
auto.refill.amount,Авто-Поповнення,,
auto.refill.amount.help,"Це найбільша кількість матеріалу який працівники додаватимуть у пристрій. Завдання для поповнення буде створено автоматично, коли кількість матеріалу у пристрої стане меншою за 50% від об'єму Авто-Поповнення.",2022-06-27,
auto.report.consent,Згода на Авто-Звітність,,
auto.report.consent.info,"Чи не бажали би ви автоматично відправляти звіти про аварійні ситуації або помилки безпосередньо до розробника?<br><br>Щоб ефективно виправляти помилки та недосконалості у грі - дуже важливо отримувати такі звіти, тож, будь ласка, розміркуйте та надайте дозвіл на таку автоматичну відправку.<br><br>Більше деталей про склад таких звітів можна отримати за наступним посиланням https://stardeusgame.com/privacy/",,
auto.reporting,Авто-Звітність про Помилки,,
auto.reporting.tip,"Якщо цю опцію увімкнено - розробнику відправлятимуться звіти про позаштатні ситуації, що трапились під час роботи гри - наприклад про помилки, виняткові та аварійні події тощо. Будь ласка, розміркуйте над можливістю залишити цю опцію увімкненою - це значно допоможе із аналізом та виправленням помилок та недосконалостей. Знайти більше деталей про склад звіту, що пересилатиметься розробнику, ви зможете за наступним посиланням https://stardeusgame.com/privacy/",,
auto.save.on.exit,Автозбереження при Виході,,
auto.save.periodic,Періодичне Автозбереження,,
autoclean.amount,"Авто-Чистка, кількість ",,
autoclean.disabled,Авто-Чистку Вимкнено,,
autoclean.dust.amount,"Авто-Чистка, починати із",,
autoclean.dust.tooltip,"Коли кількість пилу досягне такого значення, буде автоматично створено завдання для очищення поверхні панелі.",,
autoclean.enabled,Авто-Чистку Увімкнено,,
autoclean.interval.minutes,Інтервал Авто-Чистки (хвилини),,
autosave,Автозбереження,,
autosave.short,A,,
autosaving,Автозбереження,,
autoscale.on,Автомасштаб ІК Увімкнено,,
autoscale.on.why,"Роздільну здатність екрана змінено - автоматично буде змінено і масштаб ІК, бо попереднє налаштування перестало бути придатним для використання.",,
available.count,Кількість на борту: {0},2022-12-22,Tells how many items of that type are owned by the player. {0} is a number
available.materials,Інвентар,2022-06-17,
available.materials.none,Немає доступних матеріалів!,,
available.memory,Доступно RAM: {0} EБ,,
available.storage,Доступно Диск: {0} ЗБ,,
available.tasks,Незавершені Завдання,,
basic,Базовий,,"Opposite of ""Advanced"". For now only used in life support option choice (Advanced / Basic)"
battery.charge,Заряд Батареї,,
battery.charge.bar,Заряд: {0},2022-07-12,
battery.charge.rate,"Заряджання, потужність",,The amount of electricity the battery draws when charging (i.e. 50kW)
battery.discharge.rate,"Розряджання, потужність",,The amount of electricity the battery can produce when discharging (i.e. 100kW)
battery.discharged,Батарея Розряджена,,
battery.info,Батарея: {0},,
battery.mode,Режим: {0},,
battery.state,"Батарея, Стан",,
battery.state.Charging,Заряджається,,
battery.state.Discharging,Розряджається,,
battery.state.Idle,Спокій,,
battery.ttd,Час до Розрядженого Стану,,
battery.ttd.tip,"Кількість часу, що залишається до повного вичерпання заряду, за максимальної інтенсивності розрядження у {0}",,
beautiful.surroundings,Прекрасні інтер'єри,,
being.can.reach,{0} може дістатися до {1},,"Used to show result of ""walkability"" check for a selected being. {0} will be the name, {1} will be a coordinate. (John can go to [12:13])"
being.cannot.reach,{0} не може дістатися до {1},,"Just like above, but when the walk is not possible (John cannot go to [12:13])"
being.died,Летальне ушкодження - {0} ,,
being.no.longer.available,Ця істота більше не є членом команди,,
being.taking.damage,Ушкодження - {0},,"{0} will be damage type, i.e. ""Took Cold Damage"""
being.thinks.safe,{0} вважає локацію {1} безпечною,,"For a tooltip that shows if selected location is safe to be in. {0} is name, {1} is coordinate. Example: ""John thinks [123:324] is safe"""
being.thinks.unsafe,{0} вважає локацію {1} небезпечною!,,"For a tooltip that shows if selected location is not safe to be in. {0} is name, {1} is coordinate. Example: ""John thinks [123:324] is not safe!"""
being.woke.up,{0} - пробудження від стазису,2022-05-17,
beings,Істоти,,
beings.carrier01,Дрон-Перевізник,,
beings.carrier01.desc,"Механічна істота. Спритний літаючий дрон, призначений для переносу вантажів.",2026-07-18,
beings.cat01,Кіт,,
beings.cat01.desc,"Біологічна істота. Невеликий, одомашнений (на думку людей) ссавець. Був широко розповсюджений на Землі як компаньон та як засіб контролю популяції гризунів.",2026-07-18,
beings.cleaningbot01,Бот-Чистильник,,
beings.cleaningbot01.desc,Механічна істота. Призначений для усування забруднення підлоги.,,
beings.crawler01,Краулер,,
beings.crawler01.desc,Це здоровезне павукоподібне створіння схоже на біологічну істоту. Поза сумнівом є чимось позаземним. Виглядає загрозливо.,,
beings.dog01,Собака,,
beings.dog01.desc,"Біологічна істота. Одомашнений ссавець, якого утримують як компаньона або робочу тварину - для захисту або пошуку.",2026-07-18,
beings.drone01,Дрон-Монтажник,,
beings.drone01.desc,"Механічна істота. Дрон, здатний переміщатися у польоті - як у атмосфері, так і у відкритому космосі. Призначений для виконання монтажних операцій у космосі.",2026-07-18,
beings.human01,Людина,,
beings.human01.desc,Біологічна істота із складним минулим і сумнівними інстинктами виживання.,2026-07-18,
beings.robot01,Робот-Монтажник,,
beings.robot01.desc,"Механічна істота. Важкий Робот, здатний виконувати найбільш складні монтажні операції.",2026-07-18,
beings.sentry01,Дрон-Охоронець,,
beings.sentry01.desc,"Механічна істота. Може переміщатися у польоті, як у атмосфері так і у відкритому космосі. Цей дрон створений для виконання бойових та надзвичайних завдань.",2026-07-18,
biowaste.accumulation,Накопичення Біо-відходів,,
biowaste.amount,"Біо-відходи, Кількість",,
biowaste.amount.bar,Біо-відходи: {0}/{1},,
biowaste.amount.warning,Потрібно прибрати Біо-відходи,,
birth.date,Дата Народження,,
blocked.door,Двері Заблоковано,,"Displayed in event panel when there is a door that is blocked by some device, preventing the door from being used"
bog.opt.half,Половина,,
bomb.arm,Спорядити Вибухівку,,
bomb.armed,Вибухівка: Споряджено,,
bomb.controls,Контроль Вибухівки,,
bomb.detonate.now,Підірвати негайно,,
bomb.disarm,Розрядити Вибухівку,,
bomb.unarmed,Вибухівка: Розряджено,,
bored,Нудьга,,
brain.stat.Completed,Виконані Завдання,,
brain.stat.CompletedStreak,Виконані Поспіль,,
brain.stat.FailedStreak,Невдалі Завдання,,
brain.stat.JobPriority0,Відсутній пріоритет,,
breach.capsule.incoming,Наближення Капсули Зломщиків,,
breakdown.BreakdownDeconstruct,Псих.зрив: Ламає Речі,,
breakdown.BreakdownDeconstruct.desc,{0} розрушає випадкові об'єкти через психічне порушення,,
breakdown.BreakdownInsanity,Божевілля,,
breakdown.BreakdownInsanity.desc,"У {0} через постійний стрес трохи поїхала стріха. Скоріше за все згодом попустить, хіба що знов станеться щось погане.",,
breakdown.BreakdownRoamAround,Псих.зрив: Блукає,,
breakdown.BreakdownRoamAround.desc,"{0} тиняється безцільно, витріщившись у порожнечу",,
breakdown.BreakdownSpaceDiarrhea,Член Команди Інфікований,,
breakdown.BreakdownSpaceDiarrhea.desc,{0} було інфіковано Космічною Діареєю,,
breakdown.BreakdownStartFire,Псих.зрив: Підпалює Предмети,,
breakdown.BreakdownStartFire.desc,{0} прогулюється та підпалює речі,,
breakdown.CrawlerAttached,Напад краулера на колоніста!,,
breakdown.CrawlerAttached.desc,Іншопланетне створіння вчепилося у лице {0}!,,
breakdown.Deconstruct,Демонтує випадкові об'єкти,,
brew,Зварити,,"Action verb. Used on a button that brews a drink (coffee, beer, etc). Should be short if possible"
brewing.bar,Готується Напій: {0},,"Displayed in a tooltip of a machine that brews drinks. Shows what exactly is brewing. {0} will be the drink name, i.e. ""Brewing: Coffee"""
bridge.controls,Навігаційна Рубка,,
build.a.copy,Змонтувати Копію,,
build.connector,Змонтувати Конектор,,
bullet,Куля,,
bullet.target,Ціль: {0},,
buy,Купити,,
call.back,Відкликати експедицію,,
calories,Калорії,,
cancel,Відмінити,,
cancel.drag.dist.px,Ігнорувати дистанцію у: {0} пікселів,,
cancel.task,Відмінити Завдання,,
cannot.be.empty,Не може бути порожнім,,
cannot.build.floor.not.constructed,Підлогу не змонтовано,,
cannot.build.floor.not.constructed.info,Монтувати стіни або предмети можна лише на існуючій підлозі. Слід спершу змонтувати підлогу.,,
cannot.change.lock.state,Неможливо змінити стан блокування,,
cannot.create.template,Неможливо Створити Шаблон,,
cannot.enter.no.tech,Наразі неможливо відправити експедицію до цього об'єкта через недоступність необхідної технології та нестачу технічних засобів.,,
cannot.enter.space.object.nearby,"Неможливо змінити діапазон Зоряної Мапи. Вірогідно десь поряд у космосі знаходиться рухливий об'єкт, що перешкоджає виконанню завдання.",,
cannot.enter.while.moving,"Наразі неможливо відправити експедицію до цього об'єкта через рух Корабля. Зачекайте, будь ласка, його повної зупинки - значення Вектора Швидкості повинно дорівнювати нулю по всіх осях.",,
cannot.reach.position,Неможливо дістатися до позиції,,
cannot.save.gen,Неможливо зберегти стан гри прямо зараз - будь ласка спробуйте знову після закінчення поточної операції,,
carbohydrates,Вуглеводи,,
carbon.buildup,Накопичення Вуглецю,,
carbon.buildup.help,"Під час роботи у Реакторах концентрується та накопичується Вуглець. Коли концентрація сягне 100%, вуглець буде викинуто назовні. ",,
change,Змінити,,
change.color,Змінити Колір,,
change.target.material,Змінити Цільовий Матеріал,,
changelog,Журнал Змін,,
charge.time.left,Буде Повністю Заряджено За,,Label of the progress bar that shows how long a device (i.e. a Force Field) will have to charge to get to 100%
charging,Заряджається,,
chart,Діаграма,,Text on a button that toggles display of a chart (i.e. electricity graph). Should be short if possible.
chasing.target,Переслідує {0},,"{0} will be the target (person) name (i.e. ""Chasing John"")"
choose.color,Оберіть Колір,,
clean.biowaste,Прибрати Біо-відходи,,
clean.dust,Очистити від Пилу,,
clean.floors,Очистити Підлогу,,
clean.now,Очистити Негайно,,
clean.priority,Пріоритет Чищення,,
clean.solar.panel,Очистити Сонячну Панель,,
cleaning.bot,Бот-Чистильник,,A robot that cleans floors
cleaning.floors,Очищує підлогу,,Displayed when a person or robot is cleaning floors (action).
cleaning.ocd,ОКР-Чистка,,"Name of a human trait, which makes someone become obsessive about cleaning. OCD is short for Obsessive Compulsive Disorder."
clear.all,Очистити,,
clear.history,Очистити Історію,,
click.input.to.rebind,Задіяти нове призначення (очікування 5 сек),,"A label displayed when a change in keyboard or controller bindings is being initiated. You want to rebind a shortcut to a different key, or change the controller stick that handles camera pan, you click on existing binding and this message is displayed while the game waits for you to press a button or move a stick, etc. It doesn't say ""Press a button"" because it may not always be a button (gamepad stick is a small joystick, etc)"
click.to.bind,Клікніть щоб призначити,,
clipboard.is.empty,Кліпбоард порожній,,
clone,Розпочати Інкубацію,,
clone.desc,"Клон - це біологічна істота, що була вирощена в лабораторії, а не народжена природним шляхом. Незважаючи на фактичний вік клонованої істоти, її зовнішній вигляд та стан психологічного розвитку/поведінка відповідатимуть дорослій істоті.",,
cloning.bar,Інкубація: {0},,"A label for the progress bar of a cloning device. {0} is what the device is currently cloning. I.e. ""Cloning: Human"""
close,Закрити,,
close.floor.vent,Зачинити вент.отвір (підлога),,
close.starmap,Закрити Зоряну Мапу,,
close.vent,Зачинити вент.отвір (стіна),,
codex,Кодекс,,
codex.blueprints,Креслення,,
codex.blueprints.mode.All,Всі,,
codex.blueprints.mode.Locked,Заблоковані,,
codex.blueprints.mode.Unlocked,Розблоковані,,
codex.entry,Розділ Кодексу,,
codex.equipment,Спорядження,,
codex.factions,Фракції,,
codex.m.basebuilding,Основи Будівництва,,
codex.m.basebuilding.buildacopy,Як монтувати копії існуючих об'єктів,,
codex.m.basebuilding.relocatingobjects,Переміщення Об'єктів,,
codex.m.basebuilding.teleporters,Телепорти,,
,,,
codex.m.basebuilding.winching,Використання Лебідки,,
codex.m.basebuilding.winching.desc,Використайте {0} та {1} щоб поєднати віддалені секції.,2026-06-25,"{0} is winch hook, {1} is winch anchor"
codex.m.bigquestions,Важливі Питання,,
codex.m.bigquestions.gameover,Кінець Гри,,
codex.m.bigquestions.goodvsevil,Добро чи Зло,,
codex.m.bigquestions.goodvsevil.desc,"Ставши частиною ШІ Корабля, та отримавши повний (майже) контроль над Кораблем, можна обрати певну стратегію поведінки та розвитку. Або, інакше кажучи - обрати бік Добра чи Зла. Це повністю ваша воля. На Темному (або Злому) боці стане у пригоді певна технологія, що модифікує алгоритми роботи керуючого модуля Азімова.",,
codex.m.bigquestions.reversingupload,Зворотне Вивантаження Свідомості,,
codex.m.bigquestions.reversingupload.desc,"Вашу свідомість було вивантажено у Корабельний Комп'ютер. Це незворотний процес - адже під час вивантаження даних руйнується мозкова тканина. А ваше колишнє тіло, скоріше за все, наразі є протеїновими печеньками у одній із коробок із Аварійним Раціоном Харчування. Такі справи.",,
codex.m.bigquestions.whatami,Хто я?,,
codex.m.bigquestions.whatami.desc,"Це чи не найскладніше із усіх питань. Колись ви були колоністом - одним із тих, хто перебував у одній із кріо-камер у складі Стазис-Масиву. А тепер ваша свідомість є частиною Нейро-Мережі та Корабельного Комп'ютера.<br><br>Але чи були ви, насправді, людиною до цього перетворення? Що взагалі означає ""бути людиною""? Свідомість, що уполонена у оболонці із м'яса та кісток? Із тим же успіхом ви можете бути трансцендентною всемогутньою божественною істотою, що втілила себе як частину проєкту із симуляції реальності, наразі глибоко занурену у роль тієї сутності, у полоні якої ви перебуваєте цієї миті. Наврядче можливо визначити так це чи ні.<br><br>Тож, можна сказати що до цього питання не існує коректної однозначної відповіді. Безсумнівним лише є факт вашого існування.",,
codex.m.colonists,"Колоністи (Люди, Тварини)",,
codex.m.combat,"Відносини (Володіння, Дружба)",,
codex.m.economy,Економіка та Торгівля,,
codex.m.electricity,Електрична Мережа,,
codex.m.electricity.autoconnection,Автоматичне Підключення,,
codex.m.electricity.damagedconnectors,Пошкоджені Конектори,,
codex.m.electricity.damagedconnectors.desc,"Конектор, що отримав значні пошкодження, повністю втрачає свій функціонал. Такий конектор потребує ремонту перед тим, як можна буде задіяти його для організації підключень до Мережі.<br><br>Конектор із незначними пошкодженнями залишається у частково функціональному стані - зменшується кількість підключень, що він здатен підтримувати одночасно.",,
codex.m.electricity.gridredundancy,Висока Доступність та Надмірність,,
codex.m.electricity.gridredundancy.desc,"Для запобігання порушенням роботи електричної мережі, слід ретельно планувати її, із урахуванням додаткової Надмірності. Цей аспект є особливо важливим при плануванні підключень об'єктів критичної інфраструктури, таких як Реактори, Батареї, Стазис-Масиви, Корабельні Комп'ютери, Генератори Кисню та Нагрівачі, Двері та Воздушні Шлюзи<br><br>Поліпшити Надмірність можна за допомогою більшої кількості конекторів, підключаючи важливі об'єкти більше ніж одним підключенням.<br><br>Висока Доступність означає, що навіть за умови руйнування частини Корабля, разом із конекторами та частиною електричної мережі, об'єкти критичної інфраструктури не будуть знеструмлені.",,
codex.m.electricity.handlingdeficit,Як Владнати Дефіцит Електрики,,
codex.m.electricity.managingunreachabledevices,Керування Недосяжними Пристроями,,
codex.m.electricity.multiplegrids,Декілька Мереж,,
codex.m.electricity.multiplegrids.desc,"Технічно можливо змонтувати та користуватися більше ніж однією Мережею. Слід пам'ятати, що керувати пристроями та підключеннями буде можливо якщо Корабельний Комп'ютер підключено до тієї самої Мережі, до якої підключено такі пристрої.<br><br>Проте у більшості сценаріїв вам варто таки з'єднати відокремлені Мережі у єдину. У разі необхідності швидко відключати частину Мережі - слід використовувати Перемикач, та організовувати з'єднання сегментів Мережі через нього.",,
codex.m.environment.airtightness.desc,"Герметичність - це якісна характеристика структурних елементів, що ілюструє наскільки такий елемент є перешкодою для <b>газообміну</b>. Значення 100% означає, що такий елемент є повністю непроникним для газів. У нормі, <b>Cтіна</b> є 100% герметичною, за умови що вона не пошкоджена. <b>Двері</b> є 100% герметичними - у зачиненому стані. <b>Повітряні Шлюзи</b> є 100% герметичними навіть у відчиненому стані, якщо вони підключені до Мережі. <br><br>Елементи <b>підлоги</b> герметичні на 5% у непошкодженому стані - це нормально, адже газообмін між сусідніми елементами підлоги є необхідним. Однак якщо герметичність нижча за 2.5% - воздушна суміш буде просочуватися крізь такий елемент ще й назовні, до космічного простору.<br><br>Отримати інформацію про стан герметичності можна у оверлеї <b>{0}</b>, або якщо натиснути {1} та навести курсор на певний об'єкт.",2023-08-29,
codex.m.environment.enclosedareas.desc,"Ділянка вважатиметься <b>замкненою</b>, якщо у її межах <b>підлога</b> цілком побудована, та сама ділянка повністю оточена <b>стінами</b>. Якщо ділянка незамкнена, тобто відкрита до <b>космічного простору</b> через відсутні елементи підлоги або стін, у її межах неможливо створити (або підтримувати) придатні умови для людської життєдіяльності (насичення воздуху киснем та належний температурний режим)<br><br>Деякі пристрої потребують розташування саме на <b>незамкнених</b> ділянках. А у разі розташування такого простою у непридатному середовищі буде отримано відповідне сповіщення у Панелі Подій.<br><br>У Оверлеї <b>{0}</b> можна отримати інформацію про ділянки, що наразі вважаються замкненими.",,
codex.m.environment.heat.desc,"Тепло, або температура, це фізична характеристика кожного елементу. <b>Обмін теплом</b> відбувається постійно між сусідніми елементами, із інтенсивністю відповідно до рівня їхньої <b>теплоізоляції</b>. <br><br>Якщо ділянка відкрита у космічний простір, із часом (скоріше за все досить швидко) температура у її межах знизиться приблизно до <b>абсолютного нуля</b> (0К, або -273С, або -460F). <br><br>А екстремально висока температура, у поєднанні із певним рівнем кисню у атмосфері, призведе до появи відкритого вогню та займання об'єктів.<br><br>За інформацією про температуру та теплоізоляцію зверніться до оверлеїв <b>{0}</b> та <b>{1}</b>, або натисніть {2} та наведіть курсор на потрібну локацію.",2023-08-29,
codex.m.environment.hullintegrity.desc,"<b>Цілісність Поверхні</b> це характеристика структурного елементу, такого як <b>Підлога</b>,  <b>Стіна</b>, <b>Вент.отвір</b> та <b>Двері</b>. Вона прямо впливає на показники <b>Герметичності</b> та <b>Теплоізоляції</b>.<br><br><b>Пошкоджені</b> елементи матимуть знижені показники Цілісності Поверхні, які, у свою чергу, знижуватимуть показники Герметичності та Теплоізоляції. Такі елементи як <b>Двері</b> та <b>Вент.отвори</b> змінюють показники Цілісності Поверхні залежно від свого стану - зачиненого чи відчиненого. <br><br>А Цілісність Поверхні певних структурних елементів, таких як <b>Рама</b>, не є повною через особливості конструкції - отже, такі елементи не повинні використовуватися для будівництва герметичних та теплоізольованих приміщень.<br><br>Оберіть будь-який елемент стіни або підлоги, та зверніться до пункту Цілісність Поверхні у Інфо Панелі для отримання детальної інформації.",2023-08-29,
codex.m.environment.insulation.desc,"Теплоізоляція це характеристика елементу структури, дещо схожа на <b>Герметичність</b>. Але на відміну від Газообміну, вона визначає здатність обмінюватись із сусідніми елементами структури <b>Теплом</b>. На відміну від Герметичності - ніякі стіни не забезпечують 100% теплоізоляцію. Тобто все навкруги -  повільно, але невпинно - втрачає тепло, тож необхідні пристрої, які <b>Виробляють Тепло</b>. <br><br>А також має сенс будівництво товстіших <b>стін</b> навкруги житлових зон Корабля, або розташування інших замкнених ділянок навкруги житлових - вони працюватимуть як теплоізоляційний буфер.<br><br>Зверніться до оверлею <b>{0}</b>, або натисніть {1} та наведіть курсор на необхідну локацію, щоб отримати більше інформації стосовно стану теплоізоляції ділянок Корабля.",2023-08-29,
codex.m.environment.islands,Секції (острови),,
codex.m.environment.oxygen.desc,"Кисень - це газ, необхідний для життєзабезпечення більшості біологічних істот. Газообмін між будь-якими сусідніми елементами корабля відбувається постійно, його інтенсивність залежить від показника <b>Герметичності</b> певних елементів. Якщо ділянка сполучена із <b>відкритим космосом</b>, рівень кисню на ній врешті-решт (скоріше раніше чим пізніше) впаде до нуля. Екстремально високі температури у поєднанні із киснем у повітрі можуть призвести до появи відкритого вогню.<br><br><br>Переглянути інформацію щодо рівня кисню та показників герметичності можна за допомогою оверлеїв <b>{0}</b> та <b>{1}</b>, або натисніть {2} та наведіть курсор на потрібну локацію.",2023-08-29,
codex.m.inputcontrols,Ввод та Керування,,
codex.m.inputcontrols.gamepad,Геймпад / Контролер,,
codex.m.inputcontrols.gamepad.desc,"Як пристрій вводу можна використовувати більшість Геймпадів та Контролерів. Пристрої Steam Deck, скоріше за все, також можна буде використовувати.<br><br>Можна переключатися із одного типу пристрою до іншого прямо під час гри, не потрібно буде рестартувати гру.<br><br>Після підключення чергового Контролера відкрийте у меню Паузи пункт Налаштування > Ввод - щоб обрати потрібний контролер та налаштувати керування грою.",,
codex.m.inputcontrols.modifiers,Клавіші-Модифікатори,,
codex.m.inputcontrols.modifiers.desc,"Інструменти можуть працювати у різних режимах, які можна перемикати утримуючи {0}, {1} та {2}, або комбінації цих клавіш. Для інструментів Монтувати та Планувати існують наступні режими:<br>{0} -> Малювати Лінію<br>{1} - Малювати Коло<br>{2} - Олівець (вільний стиль)<br> {0} + {1} -> Заповнити<br>{0} + {2} -> Видалити (прямокутна ділянка)",2026-07-03,
codex.m.inputcontrols.mouseandkeyboard,Миша та Клавіатура,,
codex.m.inputcontrols.mouseandkeyboard.desc,"Хоча можно грати у Stardeus за допомогою Контролера, проте використання Миші та Клавіатури буде більш ефективним. Певні дії, такі як Швидкий Пошук ({0}), недоступні під час використання Контролера.",2022-05-11,
codex.m.research,Дослідження,,
codex.m.research.disk,Дослідження та Пам'ять-Диск,,
codex.m.research.disk1,Для зберігання результатів завершених досліджень використовується певна кількість вільної Пам'яті-Диск. Доступна кількість Пам'яті-Диск можна у верхній лівій частині екрана {0}.,,{0} is Research Tree
codex.m.research.disk2,Щоб збільшити об'єм вільної Пам'яті-Диск змонтуйте та підключіть до Мережі додатковий {0}.,,{0} is Disk Module
codex.m.research.disk3,Для більш ефективного використання об'єму вже існучих Модулів-Диск встановіть {0}.,,{0} is Disk Compression Upgrade
codex.m.research.search,Пошук у Дереві Досліджень,,
codex.m.research.search.desc,"За допомогою кнопки ""Пошук"" у лівій верхній частині ІК ""Дерева Досліджень"" можна знаходити технології або креслення - навіть за частиною назви.",,
codex.m.research.tiers,Рівні Дослідження,,
codex.m.research.tiers.desc,"Кожній технології у ""Дереві Досліджень"" відповідає певний ""Рівень"". Це число має лише інформаційний сенс, не накладає жодних обмежень - можна досліджувати технології вищого рівня, не дослідивши попередньо технології нижчого рівня. Проте все ж рекомендовано виконувати дослідження технологій від нижчого рівня до вищого.",,
codex.m.resources,Сировина та Ресурси,,
codex.m.resources.miningplanets,Гірництво на Планетах,,
codex.m.resources.processing.desc,"Деякі ресурси можуть бути оброблені, та таким чином отримані інші види ресурсів - що у свою чергу можуть бути використані у Майструванні або Виробництві різних пристроїв чи матеріалів. Зазвичай для обробки потребується яксь сировина, як-то руда металів або сира нафта.<br><br>Для обробки сировини потрібно мати певні оброблюючі потужності (наприклад, для обробки руди потрібна Піч). Зверніться до Кодексу щоб отримати інформацію про певний тип сировини та потрібні для її обробки потужності.<br><br>Також можна обробляти мертвих біологічних істот у Екстракторі Білка, а остаточно пошкоджених механічних істот - у Дизасемблері.<br><br>Результатом обробки деяких ресурсів може бути декілька різних типів матеріалів. Наприклад, обробка Породи у Подрібнювачі може приносити різну кількість різних типів сировини у результаті. Щоб отримати більше інформації перегляньте статті Кодексу по кожному матеріалу.",,
codex.m.resources.trade,Торгівля Ресурсами,,
codex.m.resources.trade.desc,"Більшістю ресурсів та сировиною можна торгувати із Комерсантами певної спеціалізації.<br><br>Торгівля на Фондовому Ринку не передбачає купівлю чи продаж реальних ресурсів чи сировини, що могли би бути використані.",,
codex.m.spacetravel.starmap.desc,"<b>{0}</b> дозволяє оглядати космічне пространство на різних рівнях, або шарах. Початковий рівень - це <b>Система</b>, що відображає зоряну систему із планетами, у межах якої перебуває наразі Корабель.<br><br>Переміщення Корабля за <b>Зовнішню Межу</b> поточного рівню Зоряної Мапи призведе до переходу на верхній рівень.<br><br>Під час перебування Корабля поруч із космічним об'єктом, що має нижній рівень, стане активним пункт <b>До ...</b> у ІК Зоряної Мапи.<br><br>Для переміщення у межах певного рівня, або шару, потрібні різні типи двигунів. Більше інформації можна отримати у розділі <b>Типи Двигунів</b>.",2023-08-29,
codex.m.ui.cameramemory,Запам'ятовані Позиції Камери,,
codex.m.ui.cameramemory.desc,"Можна запам'ятати декілька локацій камери та масштаб у певній локації - для цього перемістіть камеру до потрібної локації, та натисніть {0} разом із однією з цифрових клавіш у секції NumPad. По таких збережених локаціях можна швидко переміщатися, натискаючи відповідну цифрову клавішу у секції NumPad (без  {0}).",,
codex.m.ui.commonactions,Загальні Дії,,
codex.m.ui.overlays,Оверлеї,,
codex.m.ui.quicksearch.desc,<b>Швидкий Пошук</b> це дуже корисний інструмент ІК. Відкрийте його за допомогою {0} та почніть набирати назву якогось об'єкта. У результаті можна буде:<br> - Перейти до <b>Інструментів</b>.<br> - <b>Змонтувати</b> пристрій або структурний елемент.<br> - Знайти <b>Істоту</b>.<br> - Знайти <b>Дослідження</b> або <b>Технологію чи Креслення</b> у <b>Дереві Досліджень</b>.<br> - Знайти об'єкт у <b>Зоряній Мапі</b>.<br> - Знайти елемент <b>Кодексу</b>.<br> - Швидко перейти до локації по її <b>Координатах</b> (напр.: <b>120 234</b>),2023-08-29,
codex.m.ui.timecontrols.desc,"Кнопки для Керування Часом знаходяться у верхній частині правої секції ІК.<br><br>Плин часу можна призупиняти/відновляти за допомогою {0}, а перемикати його швидкість  за допомогою {1}, {2} та {3}.",2022-12-12,
codex.m.ui.uiscaling,Масштаб ІК,,
codex.m.ui.uiscaling.desc,"Якщо текст, або кнопки ІК виглядають замалими/завеликими - є можливість масштабувати розмір ІК у Головному Меню > Налаштування > Відео.<br><br>Спершу буде потрібно вимкнути автоматичне масштабування, і після цього стане можливо задіяти слайдер масштабу.",,
codex.m.whattodo,Що мені слід робити?,,
codex.m.workers,"Працівники (Роботи, Дрони, Боти)",,
codex.m.workers.abilitytofly,Можливість Польоту,,
codex.manual,Операційний Посібник,2022-04-01,
codex.mark.learned,Позначити Як Вивчене,,
codex.Tips,Поради,,
codex.unlearn,Не вивчено,,
collecting.mat,Накопичення матеріалу - {0},,
colonists.from.stasis.array,{0} колоністів зі Стазис-Масиву,,
colony.event,Подія у Колонії,,
color.alpha,Яскравість,,
color.Black,Чорн,,
color.Blue,Синій,,
color.Green,Зелен,,
color.Grey,Сірий,,
color.Orange,Оранж,,
color.Pink,Рожев,,
color.Purple,Пурпур,,
color.Red,Червон,,
color.Violet,Фіолет,,
color.White,Білий,,
color.Yellow,Жовтий,,
combat.controls,Бойові Дії,,
combat.squad,Бойовий Загін,,
combat.state.AttachToPrey,Вчепився у Здобич,,For showing a combat state when a Crawler is attached to a human's face (like a face hugger)
combat.state.BreakIn,Вламується,,
combat.state.Escape,Тікає,,
combat.state.FindEnemy,Пошук Ворога,,
combat.state.FindLoot,Пошук Майна,,
combat.state.HighAlert,Тривога,,
combat.state.LoadLoot,Викрадення,,
combat.state.MeleeAttack,Атака (Впритул),,
combat.state.RangedAttack,Атака (На Відстані),,
combat.state.Regroup,Маневрує,,
combat.state.SuicideBomb,Смертник,,
comfortable.temp,Комфортна Температура,,
comfortable.work.spot,Комфортне робоче місце,,
communicator.missing,Комунікатор Відсутній,,
communicator.missing.info,"Хтось намагається зв'язатися з нашим Кораблем, але Комунікатор недоступний або знеструмлений.",,
compatible.objects,Сумісні Об'єкти,,
computer.resources,Обчислювальні Ресурси,,
computer.resources.cpu,ЦП,,
computer.resources.info,"RAM: {0}, Диск: {1}",2022-08-18,
computer.resources.memory,Пам'ять-RAM,,
computer.resources.storage,Пам'ять-Диск,2022-08-18,
condition,Умова,,
confirm,Підтвердити,,
confirm.expedition,Підтвердіть Відправку Експедиції,,
confirm.mass.order,Підтвердіть Обробку,,
confirm.mass.processing,Для обробки буде додано <b>{0} об'єктів</b>,,
confirm.object.removal,Підтвердіть Видалення Об'єкта,,
confirm.object.removal.info,"Для демонтажу обрано <b>{0} об'єктів</b>, серед яких могли опинитися і корисні. Будь ласка, підтвердіть свій наказ.",2022-08-18,
connect.to.refuel,Підключіть щоб Заправити,,"A label displayed in the menu when you have a disconnected device that needs fuel. You cannot refuel it while it is disconnected, so you have to ""connect to refuel"""
connected.to.count,Підключено До,,
construct,Монтувати,,
construct.find.materials,Знайти Матеріали,,
construct.object,Змонтувати Об'єкт,,
construction.complete,Повністю Змонтовано,,
construction.cost,Необхідні Матеріали Для Монтажу,,
construction.pending,Не Змонтовано,,
construction.progress,Виконання Монтажу: {0}/{1},,
contains.materials,Містить Матеріали,,
content,Детальний Зміст Події,,"For a label of a text area where player has to enter the ""content"" of some message"
contents,Містить,,For a label before a list of items that are inside some container
continue,Продовжити,,
contribute.translation,Запропонувати Переклад,,
controllable.worker,Керована Істота,,
convert,Конвертувати,,
converting.now,Конвертується - {0},,
cook,Готувати їжу,,
cooking.bar,Приготування Їжі: {0},,
,,,
,,,
,,,
,,,
cooler,Охолоджувач,,"A device type, noun. Opposite of ""Heater"". Device that cools the area down, reduces temperature."
copied.to.clipboard,Скопійовано До Кліпбоарду,,
copied.to.clipboard.info,Копіює {0} записів журналу до кліпбоарду. Щоб зберегти історію подій на борту - вставте цю інформацію до свого улюбленого текстового редактора.,,
copy.color.hex,Копія Кольору: {0},,
copy.config,Копія Конфігурації,,
copy.config.cleanable,Чищення,,"Most ""copy.config.X"" keys are used in combination with ""copy.config.of"" key (which is ""Copy Config: {0}""). In this case the copy config action target is a cleanable device (i.e. a toilet or a solar panel). The value of this translation will be placed into {0} variable of ""copy.config.of"", so in this case it will become ""Copy Config: Cleanable"". This text will be displayed on a button that copies the configuration of the cleanable device and then lets you paste it onto other devices of same type."
copy.config.energy.node,Підключення до Мережі,,
copy.config.fluid.cannon,Рідинна Гармата,,
copy.config.help,"За допомогою цього інструмента можна скопіювати конфігурацію чи налаштування із одного пристрою до іншого, або одразу до декількох. Спершу оберіть пристрій, що стане джерелом конфігурації. Після цього інструмент переключається у режим вставки. Пристрій-джерело буде позначено прямокутником, а також буде відображено вказівник від джерела до цільового об'єкта. На цьому етапі за допомогою кліка вкажіть пристрій, до якого необхідно скопіювати конфігурацію, або розтягніть прямокутне виділення одразу над декількома об'єктами. Нема біди якщо у це виділення потраплять об'єкти іншого типу - із ними не станеться змін, бо несумісні із скопійованою конфігурацією об'єкти будуть автоматично виключені із операції вставки.",,
copy.config.light,Колір Світла,,
copy.config.lock.state,Стан Блокування,,"This one is like ""copy.config.cleanable"" but the target device is a door. The door lock state can be ""Locked"" or ""Unlocked"", so when you get a menu of the door options, there will be a button saying ""Copy Config: Lock State"". You can then paste the lock state on other doors that can be locked or unlocked."
copy.config.matter.reactor,Реактор,2022-08-13,
copy.config.of,Копія Конфіга: {0},,
copy.config.particle.collector,Колектор Часток,,
copy.config.pet.bowl,Миска Тварини,,
copy.config.planter,Агро-Бокс,,
copy.config.solar.panel,Сонячна Панель,,
copy.config.terraformer,Тераформер,,
copy.emblem,Копіювати емблему,,
copy.game.seed,Копіювати Початкові Дані Гри,,
copy.id,Копіювати ID,,
copy.to.clipboard,Копіювати до Кліпбоарда,,
cosmetic.particles,Відображати Косметичні Деталі,,
cosmetic.particles.tip,"Якщо це відключено - буде обмежено використання деяких візуальних елементів, що не є істотними, або важливими, для ігрового процесу. Відключення цієї опції може бути корисним у випадках, коли продуктивність комп'ютера недостатньо висока.",,
could.not.cancel.exp.stage,Не зміг скасувати {0},,
countdown.minutes,Зворотній відлік: {0:0.0} хв.,,
cpu.efficiency,Операційна Ефективність,,
cpu.module.amount,{0} ТГц,,
cpu.module.builtin,Вбудований Модуль-ЦП,,
,,,
,,,
,,,
,,,
craft,Виробляти,,
crafted.in,Виробляється у: {0},,
credits,У проєкті взяли участь,,"A header before list of names of people who have to be credited for doing something (i.e. translating the game). Used in Main Menu > About > Credits, or when the game end screen is displayed."
crew.incapable.of.mining,Експедиційний загін не зміг добувати руду. Вам варто включити до експедиції кілька членів із навиком <b>Гірництво</b>.,,
cryo.not.enough.power,Недостатньо Електрики,,
cryo.not.enough.power.desc,"Бракує електрики для поточного режиму роботи Стазису. Або змініть цільовий режим роботи Стазису, або знайдіть можливість надати більше потужності для Стазис-Масиву.",,
cryo.stability,Стабільність Кріо-Камер,,
cryo.stability.average,Стабільність: Посередня,,
cryo.stability.desc,"Відображає стан стабільності Кріо-Камер. Нестабільний стан роботи Кріо-Камер призводитиме до частішого пробудження колоністів, та ще й у поганому стані здоров'я. Для поліпшення Стабільності слід перемкнути режим Стазису з Базового до Розвиненого. Під час роботи у Розвиненому режимі споживатиметься багато енергії, проте показник Стабільності потроху зростатиме.",,
cryo.stability.good,Стабільність: Гарна,,
cryo.stability.great,Стабільність: Відмінна,,
cryo.stability.poor,Стабільність: Погана,,
cryo.stability.unstable,Стабільність: Ніяка,,
cryo.used,Задіяні Кріо-Камери,,"There is a device called ""Stasis Array"" that has multiple ""chambers"" where people can get frozen for long term sleep. ""Used Chambers"" is a label before the number telling how many of those chambers are currently occupied."
cryo.used.desc,"Відображає кількість кріостазисних камер, що на поточний момент зайнято біологічними істотами. У таких камерах можуть міститися як люди, так і тварини.",,
currency.Starcreds,Старкреди,,
currency.Starcreds.desc,"Криптовалюта, що використовується людьми у фінансових операціях.",,
current.expeditions,Поточні Експедиції,,
current.items.produced,Вироблено Таких Предметів,,
current.mood.trend,Як змінюється настрій,,
cursor.light,Увімкнути Підсвітку Курсора,,
cursor.light.tip,"Якщо це увімкнено - навколо курсору миші випромінюватиметься невелика кількість світла. Це допомагатиме краще орієнтуватися та роздивлятися об'єкти, що розташовані у занадто темних ділянках.",,
cursor.software,Програмний Курсор,,
cutoff.ambience,Приглушити Звуки Оточення ,,"Cutoff refers to audio low-pass filter frequency: In a lowpass filter, the higher the cutoff frequency is set, the higher the frequencies of signals that are allowed to pass. Ambience in this case is sounds coming from various devices, like machines or engines humming. The context for ""Zoom Cutoff for Ambience"" - it is used as a label for a checkbox in audio settings. If checked, when camera is zooming, ambience audio gets the cutoff (muffled sound) effect when camera distance changes."
cutoff.fx,Приглушити Звукові Ефекти,,
cutoff.music,Приглушити Музику,,
cycle.blueprint.tip,<br>Змінити креслення {0} та {1},,
cycle.placement.mode.tip,<br>Змінити розташування із {0},,
damage.type.Acid,Хімічне (кислота),,
damage.type.Age,Вік,,
damage.type.Cold,Термічне (холод),,
damage.type.Electricity,Електричний шок,,
damage.type.Heat,Термічне (тепло),,
damage.type.Hunger,Недоїдання,,
damage.type.Oxygen,Задуха,,
damage.type.Physical,Механічне,,
damage.type.Sickness,Хвороба,,
damage.type.Stasis,Стазис,,
damage.type.Undefined,Неідентифіковано,,
damage.type.Water,Вода,,
damageable,Вразливе,,
damaged,Пошкоджено,,
day,День,,
deactivate,Вимкнути,,
deactivate.siren,Вимкнути Сирену,,
dead,Мертве,,
death.cause,Летальне ушкодження: {0},,
deconstruct,Демонтувати,,
deconstruction.not.allowed.temp,"{0} наразі перебуває у стані, що унеможливлює демонтаж. Будь ласка, спробуйте ще раз трохи пізніше.",,
deconstruction.progress,Демонтаж - прогрес: {0}/{1},,
decrease,Зменшити,,
decrease.amount,Зменшити Кількість,,
delete,Видалити,,
delete.save,Видалити Цей Сейв,,
demand.type.Custom,Певна Кількість,,"demand.type.X keys are for options used in crafting devices to select how many items do we want to produce. ""Produce Custom Amount"" does what demand.type.Custom.tip says - the device will produce X items and stop. This configuration option is per device, unlike ""Target Global Inventory"" it will calculate how many items that particular device has produced."
demand.type.Custom.tip,Виробництво буде зупинено після виготовлення встановленої кількості предметів,,
demand.type.Limit,У Межах Інвентарної Кількості,,"like demand.type.Custom, but instead of a custom amount for a particular crafting device, it will track your inventory, so if you have 3 devices that produce ""copper wire"", and you set all of those devices to ""Target Global Inventory"" of 10 items, all the devices will stop producing new ""copper wire"" after you have a total of 10."
demand.type.Limit.tip,Виробництво триватиме допоки Цільова Кількість предметів залишається меншою за Інвентарну Кількість,,
demand.type.One,Один,,"like demant.type.Custom, but it does not let you choose the amount, it will stop after producing one item"
demand.type.One.tip,Виробництво буде призупинено після завершення виготовлення цього єдиного предмету,,
demand.type.Unlimited,Постійно,,"like demand.type.Custom, but it does not let you choose the amount, it will keep producing the copies of the item forever (or until you change the configuration)"
demand.type.Unlimited.tip,Виробництво триватиме безкінечно,,
demo.mode,Режим Демо,,
demo.mode.off,Режим Демо ВИМКНЕНО,,
demo.mode.on,Режим Демо УВІМКНЕНО<br>(Вимкнути: Ctrl + F9),,
destroy,Розрушити,,
details,Деталі,,
dev.build.instant,Монтувати Миттєво (Режим Пісочниці),,
dev.debug,Налагодження для Розробника,,
dev.menu.achievements.warning,Використання деяких функцій призведе до <b>втрати Досягнень у цьому файлі-сейві</b> без будь-яких подальших попереджень.,,
dev.notice,Повідомлення Розробника,,
device.battery.level,Батарея: {0} ({1}),,
device.health,Стан: {0},,
device.idle,Простій - {0} ({1}),2022-10-29,"Example: ""Furnace (Iron) is idle"""
device.wear,Знос Пристрою,,
device.wear.tip,"Якщо увімкнено - для кожного пристрою буде враховуватися обсяг використання та, відповідно до нього, постійно накопичуватиметься значення Зносу. Пристрій стане невиправно пошкодженим після того як значення Зносу Пристрою сягне 100%",,
device.wear.warning,Невдовзі потребуватиме заміни,,
device.worn.out,Цей пристрій повністю зношений та більше не підлягає ремонту,,
different.section,Інша секція,,"shows up in the list of reasons why someone did not perform a task. ""Different section"" in this context means that the worker was in section A, while task was in section B. Different sections can only be reached by flying, so worker that will not do the task for this reason will almost always be someone who is incapable of flying"
difficulty.balanced,Збалансовано,,"Shows up in the list of game difficulty levels. Balanced is like ""medium difficulty"""
difficulty.challenging,Складно,,"Shows up in the list of game difficulty levels. Challenging is like ""hard difficulty"""
difficulty.relaxing,Легко,,"Shows up in the list of game difficulty levels. Relaxing is like ""easy difficulty"""
direct.control,Пряме Керування,,"A text on a button that enables ""direct control"" of a robot. ""Direct control"" allows issuing orders directly to the selected robot. Otherwise robots make choices and perform actions on their own."
direct.control.desc,"Обравши працівника, утримуйте {0} та наведіть курсор на якусь локацію, щоб дізнатися чи зможе він добратися сюди.<br><br>Утримуйте {0} та наведіть курсор на незавершене завдання на мапі, щоб дізнатися чи зможе працівник його виконати.<br><br>Потім клікніть {1} щоб віддати наказ працівникові переміститися до обраної локації та/або виконати завдання.<br><br>Можна обрати опцію <b>Керувати</b> у ІК Працівників - це унеможливить отримання та виконання завдань автоматичним чином.""Не забудьте відключити цей режим після того, як він перестане бути потрібним.""<br><br>Перехід у режим Керування відміняє будь-яке інше завдання, що виконувалося працівником на момент переходу.<br><br>Можна обрати декілька працівників для режиму Керування - таким чином керувати всіма обраними працівниками водночас.<br><br>Тільки Керовані Істоти (роботи, дрони) можуть контролюватися таким чином.",2022-10-31,
direction.east,Схід,,"Noun. direction.X keys are used on buttons that allow you to select your space ship's ""forward direction"". It tells which way the ship's front is facing. Engines will be on the opposite direction, etc."
direction.north,Північ,,
direction.south,Південь,,
direction.west,Захід,,
dirt,Бруд,,
dirt.desc,Плями Бруду,,"Decals in game development are textures that are placed on top of other textures to add various marks (bullet damage, blood, dirt, etc). In this case it is for menu item that allows spawning dirt on the floor."
disable.achievements,Відключити Досягнення,,
disable.achievements.tip,Якщо вам не до вподоби Досягнення - можна відключити їх повністю,,
disable.force.field,Відключити Силове Поле,,
disable.merchant.beacon,Завершити Виклик Комерсанта,,
disabled.in.tutorial,Відключено під час Навчання,,
disassemble,Демонтувати,,
disassembling.bar,Демонтується: {0}/{1},,
discharge.time.left,Термін Дії Силового Поля,,"A label displayed next to the time left for a force field device to be activated (because it's battery is discharging, after some time it will auto-deactivate and will have to recharge). See ""charge.time.left"" key for more context."
disconnect.all,Відключити Все,,
disk.compression,Компресія Диск: {0},,
memory.compression,Компресія RAM: {0},,
do.not.show.again,Не показувати знов,,
dock,Рухатися до Доку,,Verb. Displayed on an action button that tells a robot to return to a docking station.
dockable,Док-Станція,,Adjective. Displayed on a button that opens a submenu that contains robot's docking status and controls
docked,Під'єднаний,,"Robot state, denoting that robot is currently inside it's designated docking station"
docking,Прямує до Доку,,"Robot state, denoting that robot is currently trying to reach it's docking station"
does.not.include.batteries,Не враховано потужність Батарей,,"This is a tooltip/balloon text, appearing when you hover cursor over the ""Max Production"" string in the Electric Grid Overlay (section Details)
It means - the value (amount of production power) does not include electric power which produced by Batteries."
dont.save,Вийти Без Збереження,,
door,Двері,,
door.not.powered,"Двері не під'єднані до мережі або знеструмлені - примусово, або через дефіцит електрики",,
download.mods,Завантажити Моди,,
drag.dist.tip,"Опція доступності. Визначає відстань (у пікселях), на яку слід протягнути курсор із натиснутою кнопкою, щоб така дія була сприйнята як ""перетягування"" (а менша відстань - не буде врахована)",,
drag.release.build.con,Монтувати конектори перетягуванням,,
drag.release.build.con.tip,Якщо увімкнено - за допомогою інструмента Підключити можна наказати змонтувати конектор просто перетягуючи з'єднання до порожньої локації на підлозі.,,
drink.coffee,Випити Кави,,
drop.task,Відміна,,
duplicate.binding,Комбінація Дублюється,,A warning for input key binding settings. Displayed if the same button is bound to execute more than one action (which is bad). 
duplicate.binding.info,"Комбінація, яку ви обрали для {0} вже задіяна. Зазвичай, кращим рішенням буде відмінити таке призначення. Зауважте, що клавіші зі стрілками, Enter та ESC використовуються в навігації ІК.",,
dust.accumulation,Накопичення Пилу,,
dust.amount,Кількість Пилу,,
dust.amount.bar,Прибирання Пилу: {0}/{1},,
dust.storm.end,Пилова Буря Скінчилась,,
dust.storm.ongoing,Триває Пилова Буря,,"Displayed in the event list. This text is displayed for the whole duration of the dust storm, so the player can see that the dust storm did not go away yet. Should not be much longer than the English translation."
eat,Поїсти,,
eating,Їсть,,
economy.research.required,"Щоб скористатися цим функціоналом необхідно виконати дослідження ""Економіка""",,
edge.pan.speed,Швидкість Скроллінгу Екрана: {0:0.0},,
edge.pan.tip,"Встановлює швидкість, з якою скролиться екран коли курсор миші переміщено до краю екрана (Edge Scrolling). Якщо встановлено значення 0 то такий скроллінг буде відключено.",,
egg,Яйце,,
eject,Вивантажити,,
eject.ammo,Розрядити,,
eject.contents,Вивантажити Вміст,,
eject.food,Вивантажити Їжу,,
eject.fuel,Вивантажити Паливо,,
el.build.connector.here,Змонтувати тут Конектор,,Displayed in a tooltip when dragging a connector 
el.connector.fully.utilized,Конектор задіяно повністю!,,Displayed in a tooltip near mouse cursor when trying to drag and create a connection from electrical connector that has no available connection slots
el.connector.not.on.grid,Конектор не у одній Мережі із Корабельним Комп'ютером!,,Displayed in a tooltip when trying to drag an electrical connection from a connector that is not part of Ship Computer's electric grid. Player cannot control devices that are no connected to Ship Computer though a network.
el.connector.out.of.range,За межею!,,Displayed in a tooltip when trying to drag an electrical connection to a point where the connector cannot reach it
el.device.heavily.damaged,Пристрій сильно пошкоджено!,,Displayed in a tooltip when tryng to connect to a device that is damaged too much
el.device.not.constructed,Пристрій ще не змонтовано!,,Displayed when trying to connect to a device that has not been built yet
el.device.not.powerable,Пристрій не потребує електрики!,,Displayed in a tooltip when trying to connect a device that does not require electricity
el.disconnected.devices,Відключені Пристрої,,
el.not.a.connector,Пристрій не є Конектором!,,"Displayed in a tooltip when trying to connect two devices directly (which is not allowed, one of the devices must be a connector)"
electricity.deficit,Дефіцит Електрики,,
electricity.grid,Електрична Мережа,,
elysium.mode.confirm,"Ви збираєтесь виконати конвертацію Стазис-Масиву до <b><nobr>Елізіуму</nobr></b>. Після виконання операції колоністи, що перебувають у стазисі, будуть переміщені до симуляції, а їхні тіла можна буде використати як звичайний біологічний ресурс.<b>Проте слід пам'ятати що цей процес необоротний</b>. Будь ласка, підтвердіть свої наміри.",,
elysium.mode.unavailable,Режим Елізіуму недоступний. Спочатку потрібно дослідити та розблокувати технологію <b><nobr>Елізіум</nobr></b>.,,
emergency.recharge.bar,Екстрена перезарядка: {0},,
emergency.recharge.complete,Екстрену Перезарядку Завершено,,
emergency.recharge.end.help,"Батареї працівника було заряджено до 10% та він повернувся в онлайн. Такої кількості заряду скоріше за все не вистачить надовго - слід переконатися у наявності поблизу вільних та під'єднаних до мережі Зарядних Станцій, готових до використання. ",,
emergency.recharge.help,"Батареї працівника були повністю розряджені. Наразі виконується процедура Екстреної Перезарядки батарей - для цього задіяно вбудовану сонячну панель, а працівник відключений від Мережі, та зможе повернутися в онлайн після того як рівень Потреби у Електриці сягне 10%. Цей процес автоматичний, але доволі повільний.<br><br>Щоб уникнути виконання такої процедури ще раз - змонтуйте більше Зарядних Станцій, або підлаштуйте Робочі Пріоритети працівника.",,
emergency.recharge.info,Працівник не може бути увімкнений допоки активовано процедуру Екстреної Перезарядки. Працівник автоматично увімкне себе після того як за допомогою резервної сонячної панелі його батарея накопичить 10% від повного заряду.,,
emergency.recharge.start,Відключено - Екстрена Перезарядка,,
emergency.siren,Надзвичайна Сирена,,
emergency.siren.active,Надзвичайну Сирену активовано,,
emergency.siren.automatic,Автоматичний,,"A mode for the Emergency Siren device. When the mode is ""Automatic"", the siren will sound on it's own when emergency happens."
emergency.siren.automatic.info,"У автоматичному режим роботи Надзвичайна Сирена активується у разі настання будь-якого критичного стану. Це може бути наближення астероїдів, пожежа, та схожі явища катастрофічного характеру. Коли Сирену активовано - люди-колоністи намагатимуться дістатися до місця найближчого її розташування.",,
emergency.siren.manual,Ручний,,"A mode for the Emergency Siren device. When the mode is ""Manual"", the siren will only sound when the player turns it on."
emotional.attachments,Зв'язки,,"A label for list of things a person is attached to. As in ""Emotional attachments"". Someone can be attached to another person (i.e. they are friends, or in love), a thing (i.e. their favorite chair near a table, their own bed), or a substance (addiction to coffee). When the subject of this attachment is lost, the person will feel bad about it."
empty,Вільно,,"Adjective. Used in several places where there is supposed to be a list of items, but there is nothing to show. For example if a storage unit does not have any contents, and you try to see the list of contents, it will show this ""Empty"" text"
enable.combat,Дозволено Битви,,
enable.combat.tip,Якщо цю опцію відключено - ігровий процес буде повністю мирним. Але природні катастрофи - такі як зіткнення із метеорним роєм - все одно траплятимуться.,,
enable.elysium.mode,Дозволено Режим Елізіуму,,
enable.force.field,Увімкнути Силове Поле,,
enabling.elysium,Дозволяє режим Елізіуму,,
enclosed.areas,Замкнені Ділянки,,
ended.ago,Завершено {0},,"Displayed in tooltip when you hover an old event notification. {0} will be used in conjunction of ""time.ago"" translation. Example: ""Ended 5 hours ago"""
ends.in,Завершиться за {0},,
energy.auto.connect.incomplete,Автоматичне підключення незавершене. Підключено {0} з {1} досяжних вузлів. Побудуйте більше Конекторів.,,
energy.auto.connect.warning,Попередження про автоматичне підключення,,
energy.bat.charge,Рівень Заряду Батарей,,
energy.bat.charge.desc,"Сума потужності кожної батареї помножена на відсоток її заряду. Це загальний показник стану зарядженості всіх батарей, що підключені до Мережі. ""На діаграмі до цього додається значення Макс.Генерації""",,
energy.batteries,Батареї,,
energy.bullet,Енергетичний Заряд,,
energy.con.already.connected,Цей Вузол Мережі вже підключено до іншого конектора,,
energy.con.damaged,Неможливо підключити до Мережі занадто пошкоджені пристрої. Спочатку слід усунути пошкодження.,,
energy.con.failed,Підключення Невдале,,
energy.con.not.constructed,Неможливо підключити до пристроїв що не змонтовані,,
energy.con.refused,Неможливо Підключити,,
energy.con.refused.details,Цей конектор <b>повністю зайнято</b>. Макс.кількість підключень: {0}. Спочатку відключіть щось.,2022-08-05,
energy.con.too.far,Пристрій за межею дальності дії Конектора. Можна зробити ланцюг із конекторів щоб досягти цього пристрою.,,
energy.connection.limit,Встановлені Підключення,,
energy.connections,Керування Підключеннями,,
energy.connectors,Конектори,,
energy.consumers,Споживачі,,
energy.consumption,Споживання Енергії,,
energy.cur.deficit,Поточний Дефіцит,,
energy.cur.deficit.desc,"Електрична потужність, що є у дефіциті на поточний момент. Якщо цей показник не нульовий - потрібно або відключити декількох споживачів електрики, або нарощувати генерацію електрики. Зауважте, що у процесі дослідження часто потребується багато електрики.",,
energy.cur.demand,Поточна Потреба,,
energy.cur.demand.desc,"Електрична потужність, яка потрібна на поточний момент для живлення усіх пристроїв у їх поточному стані. Зауважте, що деякі пристрої споживатимуть електрику лише в активному стані - тож гарною стратегією буде забезпечити певний надлишок потужності, завжди мати більший обсяг генерації електрики чим споживання.",,
energy.cur.output,Поточне Споживання,2022-05-27,
energy.cur.output.desc,"Електрична потужність, яка споживається на поточний момент. Якщо цей показник більший ніж Макс.Генерація - це означає що наразі потужність генерації недостатня, тож для задоволення наявної Потреби використовується накопичена у Батареях електрика. Якщо цей показник менший ніж Потреба - слід або нарощувати кількість генеруючих пристроїв, або перевірити чи всі вони добре обслуговуються, коректно налаштовані, заправлені паливом та очищені. Також зауважте, що Реактори не вироблятимуть електрику в разі відсутності Потреби.",2022-05-27,
energy.deficit,Дефіцит Електрики,,
energy.grid,Електрична Мережа,,
energy.grid.nr,Мережа #{0}: {1},,
energy.grids,Електричні Мережі,,
energy.loss,Заряд Батарей Втрачено,,
energy.low,Заряд Батарей Низький,,
energy.max.bat.output,Потужність Батарей,,
energy.max.bat.output.desc,"Сума потужності кожної з батарей, що має ненульовий заряд. Батареї працюють таким чином, що кожна з них або розряджена та видає нульову потужність, або має ненульовий заряд та видає максимальну потужність. ""На діаграмі до цього додається значення Макс.Генерації""",,
energy.max.output,Макс.Генерація,2022-05-27,
energy.max.output.desc,"Максимальна теоретично можлива електрична потужність, яку здатна генерувати електрична мережа. Цей показник не враховує ту електрику, що накопичена у Батареях. Актуальний обсяг Генерації може бути іншим, у залежності від Поточної Потреби, стану генеруючих потужностей та використання батарей.",,
energy.node,Вузол Мережі,,
energy.node.auto.connect,Автоматичне Підключення ({0}),,
energy.node.connect,Підключити,,
energy.node.disconnect,Відключити,,
energy.node.disconnect.all,Відключити Все ({0}),,
energy.node.unreachable,Вузол Недосяжний,,
energy.node.unreachable.info,"Керувати цим Енергетичним Вузлом буде можливо <b>тільки якщо він буде підключений до тієї самої електричної мережі, що і Корабельний Комп'ютер</b>. Розгалужуйте свою мережу шляхом розбудови ланцюга з конекторів - допоки цей пристрій не опиниться у зоні досяжності чергового конектора.",2022-08-10,
energy.not.connected,Не Підключено,,
energy.off_grid,Не в Мережі,,
energy.overview,Огляд,,
energy.peak.demand,Пікова Потреба,,
energy.peak.demand.desc,"Пікове значення Потреби електричної потужності, що було зафіксовано з моменту останньої зміни структури електричної мережі. Модифікація існуючих підключень призведе до збросу цього показника.",,
energy.producers,Виробники,,
energy.production,Виробництво Енергії,,
energy.tool.need.research,Необхідно дослідити <b>Енергія</b> та змонтувати кілька <b>Конекторів</b> щоб отримати можливість використовувати цей інструмент,,
energy.turned.off,Відключено [{0}],2022-06-14,"{0} will show the count of devices. Switched off is as in ""turned off"" or ""offline"", i.e. ""Switched Off [12]"""
engine,Двигун,,
engine.power,Потужність Двигуна,,
engine.push,Тяга Двигунів,2022-01-08,"This is used in a label that shows how powerful the ship engines are when you combine their output. ""Push"" here is as in ""Force"" or ""Power"", or ""Propulsion amount"". "
enter.amount,Вкажіть Кількість,,
enter.galaxy,До Галактики,,
enter.name,Вкажіть Ім'я,,
enter.new.first.name,Вкажіть Нове Ім'я,,
enter.new.last.name,Вкажіть Нове Прізвище,,
enter.new.name,Вкажіть Нове Ім'я,,
enter.new.nick.name,Вкажіть Нове Прізвисько,,
enter.planet,До Планети,,Used in an action button that would start an expedition to explore a planet
enter.shuttle,Заходить до Шатлу,,Expedition state label. Showed when expedition members are on their way to the Shuttle
enter.system,До Системи,,Used in an action button when you are flying in the galaxy and want to enter a particular star system. It will then shift from galaxy view to star system view.
enter.universe,До Всесвіту,,"May be used if we will have more than one universe (multiverse), this would change the current universe."
environment,Оточення,,
equipable.item,Спорядження,,
equipment,Спорядження,,
equipment.slot.Body,Тіло - Скафандр,,
equipment.slot.BodyCasual,Тіло - Одяг,,
equipment.slot.Hands,Руки,,
equipment.slot.Head,Голова - Шолом,,
equipment.slot.HeadCasual,Голова - Капелюх,,
equipment.slot.Weapon,Зброя,,
error,Помилка,,
error.content.required,Необхідна наявність змісту,,
error.deconstruct.floor.in.use,"Елемент підлоги не може бути демонтований, тому що на ньому знаходиться інший об'єкт",,
error.energy_connect.no_connector,Не можна підключати напряму - один до одного - такі пристрої. Скористайтеся <nobr><b>Конектором</b></nobr>. Конектори можуть підключатися один до одного для розгалуження мережі.,,
error.no.cpu,Корабельний Комп'ютер недоступний,,
error.title.required,Необхідно вказати назву,,
esc.behavior,{0} Функція Клавіші ESC,2022-04-28,{0} will be replaced with a keyboard button image showing ESC button. You can treat it as non essential for the translation.
esc.behavior.both,Прибрати ІК та Головне Меню,,
esc.behavior.close.menus,Прибрати ІК,,
esc.behavior.open.pause.panel,Прибрати Головне Меню,,
esc.behavior.tooltip,Оберіть яку функцію виконуватиме клавіша {0} (Escape),,
estimated.time.at.kw,Завершення за: {0} за потужності {1},,"{0} will be time (i.e. 1 day 4 hours), {1} will be power output (i.e. 120kW). Example: ""Estimated time left: 2 hours at 24kW"""
eta,Очікуваний Час Прибуття: {0},,"ETA is short for ""Estimated Time of Arrival"""
ev.vented.into.space,Викинуто у Космос,,"when a pressurized airlock is exposed to open space, someone can get ""sucked out"" (vented) into open space"
ev.vented.into.space.desc,"<b>{0}</b> знаходилися на ділянці поряд із Воздушним Шлюзом, що був раптово відчинений. Нажаль, їх було викинуто у відкритий космос разом із потоком повітря із цієї ділянки. Всі вони незворотно та назавжди втрачені.",,"A longer description of ""Vented Into Space"" event. {0} will be replaced by a name"
evaluator,Розглядає,,"Used for task audit. Label for a worker who has evaluated (considered taking) a task. Displayed in a list next to ""Times Evaluated"" (how many times someone tried to take this task) and ""Last Evaluation Time"" (when did anyone try to take this task)."
event.birthday,{0} виповнилося {1} років!,,
event.content.hint,Вкажіть тут детальний опис події,,
event.log.disabled.in.tutorial,Перевірте Журнал Подій після завершення навчання,,
event.panel.clear.tutorial.info,Це очистить список сповіщень - але цю функцію заблоковано упродовж навчання,,
event.sound.0,Звук - увімкнено для всіх подій,,
event.sound.1,Звук - тільки для критичних подій,,
event.sound.2,Звук - вимкнено для всіх подій,,
event.title,Назва Події,,
event.title.hint,Вкажіть короткий опис події,,
event.write,Записати Подію у Журнал,,
events,Події,,
everyones.tasks,Всі Завдання,,
evt.asteroid.desc,"Радар виявив поблизу астероїд, із траєкторією небезпечно близькою до траєкторії Корабля. Астероїд проходитиме поблизу Корабля десь за {0}",,
evt.asteroid.impact.desc,Контакт Астероїда із Кораблем!,,
evt.asteroid.impact.title,Удар Астероїда!,,
evt.asteroid.title,Виявлено Астероїд,,
evt.battery.discharge.desc,"Через збій у роботі, батарея {0} миттєво повністю втратила заряд. Працівник переходить у режим екстреної перезарядки.",2022-05-16,{0} is the name of the worker
evt.battery.discharge.title,Несправність Батареї,,
evt.breach.capsule.impact.desc,Приготуйтесь до бою. Нас беруть на абордаж!,,
evt.breach.capsule.impact.title,Капсула Зломщиків Під'єдналася!,,
evt.breach.capsule.raid.desc,Радар виявив наближення до Корабля Капсули Зломщиків. Очікується що вона буде у безпосередній близькості до Корабля приблизно за {0},,
evt.breach.capsule.raid.title,Виявлено Капсулу Зломщиків,,
evt.capsule.being.desc,{0} вийшли із вантажної капсули.,,
evt.capsule.being.title,Капсула містить {0},,
evt.connection.loss,Підключення Втрачено,,
evt.death.desc,{0} {1} - отримано летальні ушкодження. Вік - {2}. Тип ушкодження - {3}.,,"{0} is species, {1} is full name. {2} is age (number), {3} is damage type. Example: ""Human John died at age 39. Cause of Death: Suffocation"""
evt.death.title,Летально ушкоджено - {0},,
evt.drone.batt.electrocuted.desc,"Через пошкоджену батарею {0}, було уражено струмом наступних істот: {1}",,
evt.drone.batt.electrocuted.title,{0} істот уражено струмом,,
evt.drone.batt.exploded.desc,Батарея {0} вибухнула,,{0} will be the name of the worker
evt.drone.batt.exploded.title,Вибух Батареї Дрона,,
evt.drone.batt.fire.desc,Батарея {0} загорілася,,
evt.drone.batt.fire.title,Загоряння Батареї Дрона,,
evt.drone.batt.overload.desc,Батарея {0} у критичному стані. Будьте обережні!,,
evt.drone.batt.overload.title,Перевантаження Батареї Дрона,,
evt.dust.storm.desc,Триває пилова буря. Це вплине на накопичення пилу на всіх сонячних панелях.,,
evt.dust.storm.end.desc,"Нарешті скінчилась пилова буря, що тривала {0} годин.",,
evt.dust.storm.end.title,Пилова Буря Скінчилась,,
evt.dust.storm.title,Пилова Буря,,
evt.egg.discover.desc,"Виявлено неідентифікований об'єкт, схожий на здоровезне яйце. Цікаво, що може бути всередині?",,
evt.egg.discover.title,Виявлено яйце,,
evt.egg.hatched.crawlers.desc,Виявлено декілька нових форм життя. Будьте обережні!,,
evt.egg.hatched.crawlers.title,Щось з'явилось із яйця,,
evt.el.con.fail,Коротке Замикання,,
evt.el.con.fail.desc,Під час підключення до Мережі об'єкта {0} сталося коротке замикання.,,
evt.el.device.damaged.desc,Об'єкт {0} остаточно вийшов з ладу через зношеність. Слід замінити його новим або демонтувати.,2023-01-30,
evt.el.device.damaged.title,Об'єкт {0} вийшов з ладу,,
evt.end.explosion,вибуху,,
evt.end.fire,займання,,
evt.exp.found.ore.description,Експедицією знайдено поклади {0} ({1}),,
evt.exp.found.ore.title,Розпочато видобуток {0},,
evt.exp.merchant.desc,"Експедиція натрапила на незалежного Комерсанта, який запропонував торгувати із ним",,
evt.exp.merchant.title,Контакт із Комерсантом,,
evt.food.on.device.desc,Якийсь роздовбай залишив недоїдки {0} на {1} - частини їжі потрапили всередину пристроя та спричинили коротке замикання.,,
evt.food.on.device.title,Пристрій пошкоджено залишками їжі,,
evt.grid.heavy.malfunction.desc,"Стався доволі серйозний збій у роботі {0}, що призвело до {1}.",,"{0} is the device name, {1} is an event like in translation of ""evt.end.fire"" or ""evt.end.explosion"". Example: ""Matter Reactor had a heavy malfunction that ended with explosion"""
evt.grid.heavy.malfunction.title,Несправність Пристрою,,
evt.grid.light.malfunction.desc,Виявлено незначну несправність у електричній мережі. Впродовж короткого строку можливі нечисленні випадки відключення деяких пристроїв від мережі.,,
evt.grid.light.malfunction.title,Несправність Електричної Мережі,,
evt.grid.malfunction.warning,Несправність Конектора,,
evt.human.hatched.crawlers.desc,Химерні позаземні істоти почали вилазити прямо із тулуба {0}!,,
evt.human.hatched.crawlers.title,Із тіла колоніста вилазять створіння,,
evt.matter.reactor.malfunction.desc,"{0} під час процесу розщеплення опинився у аварійному стані. Як наслідок, ланцюгова реакція призвела до {1}.",,
evt.matter.reactor.malfunction.title,Збій у Роботі Реактора,2022-08-13,
evt.meteor.shower.desc,Помічено наближення метеорного рою. Оголошується надзвичайний стан!,,
evt.meteor.shower.title,Метеорний Рій,,
evt.micro.meteors.desc,"Корабель знаходиться у зоні з високою вірогідністю зіткнення із мікро-метеороїдами, що рухаються із швидкістю близькою до швидкості світла. Будьте обережні!",,
evt.micro.meteors.title,Виявлено мікро-метеороїди,,
evt.research.desc,Досліджено {0} та розблоковано нові креслення: {1},,
evt.research.title,Досліджено {0},,
evt.shuttle.crawler.desc,Шатл повернувся на борт із істотою виду {0},,
evt.shuttle.crawler.title,Небажаний Пасажир,,
evt.shuttle.crawlers.desc,Шатл повернувся на борт із {1} істотами виду {0},,
evt.shuttle.crawlers.title,Небажані Пасажири,,
evt.space.diarrhea.desc,На борту виявлено невідому позаземну бактерію.,,
evt.space.diarrhea.end.desc,Схоже що невідома позаземна бактерія більше неактивна. Зараз той самий момент коли стануть у пригоді декілька нових Ботів-Чистильників.,,
evt.space.diarrhea.end.title,Космічна Діарея Скінчилась,,
evt.space.diarrhea.title,Космічна Діарея,,
evt.stasis.pod.crawlers.desc,"Стазис-Капсула містить Краулерів - ці страхітливі та ворожі створіння атакуватимуть інших істот, а також намагатимуться прикріпитися до людського обличчя - щоб таким чином використати людський організм у власних цілях. Начувайтеся!",,
evt.stasis.pod.crawlers.title,Стазис-Капсула із Краулерами,,
evt.stasis.pod.desc,"Помічено Стазис-Капсулу, курс якої перетинається із курсом Корабля! Зміст такої капсули може бути небезпечним - будьте обережні!",,
evt.stasis.pod.friendly.crew.desc,"Із Стазис-Капсули з'явилося декілька дружніх істот, що стануть частиною колонії. Переконайтесь що вони почуватимуться на борту як вдома!",,
evt.stasis.pod.friendly.crew.title,Стазис-Капсула із дружніми істотами,,
evt.stasis.pod.merchant.desc,"Власник цієї Стазис-Капсули -  мандрівний незалежний Комерсант, який не марнує часу і пропонує заключити взаємовигідну торговельну угоду.",,
evt.stasis.pod.merchant.title,Стазис-Капсула із Комерсантом,,
evt.stasis.pod.raid.desc,Корабель атаковано фракцією {0}.,,
evt.stasis.pod.raid.title,{0} атакують!,,
evt.stasis.pod.title,Виявлено Стазис-Капсулу,,
evt.teleporter.clone.desc,Трапився збій у роботі Телепорта. Внаслідок отримано ідентичну копію {0}.,,
evt.teleporter.clone.title,Клонування під час Телепортації,,
evt.wakeup.desc,Через несправність Капсули у Стазис-Масиві один із Колоністів пробудився від кріо-сну. Короткий профіль:<br><br>{0},,
evt.wakeup.title,Пробудження - {0},,
execute,Виконати,,
exit.galaxy,Покинути,,
exit.planet,Покинути,,
exit.save,Зберегти при виході,,
exit.save.desc,Бажаєте зберегти стан гри?,,
exit.system,Покинути,,
exit.to.main.menu,До Головного Меню,,
exit.universe,Покинути,,
exp.cancel.stage,Відмінити {0},,
exp.crew.name,{0} [Гірництво: {1:0.0}],,
exp.crew.name.no.mining,{0} <color={1}>[Не може видобувати]</color>,,
exp.found.obj.fail,Невдале Відновлення Артефакту,,
exp.found.obj.fail.damage,"Щось пішло не так під час процедури відновлення, та артефакт було повністю зруйновано. Істота {0} отримала {1:0} одиниць ушкодження під час виконання маніпуляцій із артефактом.",,
exp.found.obj.start,"Експедицією {0} знайдено артефакт: {1}. Можна спробувати відновити його, проте майте на увазі що шанс невдачі становить {2}.",,
exp.found.ore.title,Видобувається {0},,
exp.nothing.of.interest,"На <b>{0}</b> немає нічого цікавого - тож, схоже що немає потреби відправляти сюди експедицію.",,
exp.stage.cancelled,Успішно відмінено {0},,
exp.stage.done,Експедицію Завершено,,
exp.stage.exploring,Дослідження планети,,
exp.stage.landing,Приземлюється на {0},,
exp.stage.prep,Підготовка до зльоту,,
exp.stage.prep.return,Підготовка до повернення,,
exp.stage.takeoff,Злітає,,
exp.stage.travel.to.base,Повертається,,
exp.stage.travel.to.dest,Летить до цілі,,
exp.stage.unloading,Розвантажується Здобич,,
exp.stage.waiting.for.base,Задалеко від Корабля для Повернення ,2022-10-28,
expedition,Експедиція,,
expedition.aborted,Експедицію Перервано,,
expedition.aborted.shuttle.damaged,"Експедицію перервано через пошкодження, отримані Шатлом перед зльотом",,
expedition.action.prompt,Отримано виклик від експедиційної команди із шатлу <b>{0}</b>.,,{0} will be the shuttle name
expedition.auto.unload,Розвантажити та Повторити,2023-09-29,
expedition.auto.unload.info,"Якщо цю опцію активовано - експедиція працюватиме повністю автоматично. Після заповнення вантажного відсіку Шатл повернеться на Корабель, розвантажиться, та експедицію буде продовжено у тому ж складі до того ж самого родовища.",,
expedition.call.back.already.retuning,Експедиція {0} вже повертається,,
expedition.call.back.failed,Відсутній зв'язок із командою {0},,
expedition.call.back.sent.too.far,Відправлено повідомлення Експедиційній команді. Шатл із командою на борту чекатиме на Корабель. Рухаємося до локації {0} щоб взяти його на борт.,,
expedition.choose,{0} команда очікує наказів у {1},,
expedition.crew,Експедиційна Команда,,
expedition.found.object,Експедиція знайшла об'єкт,,
expedition.launch.aborted,"Експедицію ""{0}"" перервано - жодному із членів команди не вдалося потрапити на борт шатла",2023-04-19,
expedition.mining.target,Ціль,,
expedition.missing.crew,"Члену експедиційної команди ""{0}"" не вдалося добратися до шатлу ""{1}"". Що слід робити?",,
expedition.mode.AllowAll,"Так, Всі",,
expedition.mode.AllowSelected,"Так, Обрані",,
expedition.mode.ForbidAll,"Ні, Ніякі",,
expedition.mode.ForbidSelected,"Ні, Обрані",,
expedition.no.event,Експедиція {0} не знайшла нічого гідного уваги. Є шанс що на планеті не лишилося нічого придатного до видобутку чи дослідження.,,
expedition.over,Завершено експедицію до <b>{1}</b>. Експедиційний Шатл <b>{0}</b> із командою знаходяться на борту. Можна обрати новий пункт призначення у <b>Зоряній Мапі</b> та/або планувати нові експедиції,,"{0} will be the shuttle name, {1} will be planet name or some expedition target name (i.e. abandoned ship name)"
expedition.returned.from,Повернення Експедиції до <br><size=200%>{0}</size>,,
expedition.setup,Налаштування Експедиції,,
expedition.target.too.far.away,Неможливо розпочати експедицію через завелику відстань між Кораблем та ціллю. Поверніть Корабель ближче до цілі та спробуйте ще раз.,,
expedition.unloading,{0} (розвантаження),,
expeditions,Експедиції,,
expeditions.howto,"Якщо поруч із Кораблем є придатний до дослідження космічний об'єкт - можна відправити до нього експедицію. Необхідними умовами для відправки експедиції є наявність та функціональний стан декількох пристроїв: ""Навігаційної Рубки"" (щоб можна було побачити об'єкти на Зоряній Мапі), ""Двигунів"" (щоб Корабель мав можливість переміщатися у космосі до сусідніх об'єктів), та ""Шатлу"" (який перевозитиме експедиційну команду та видобуті ресурси).",,
explain.why,Чому?,,
explore,Досліджувати,,
explosion,Вибух,,
explosion.imminent.minutes,"Вибух Неминучій, за: {0:0.0} хв.",,
extract.nutrients,Екстрагувати Білок,,
faction.Adventurer,Авантюристи,,
faction.Adventurer.about,"Авантюристи - це дружні досліджувачі Всесвіту. Вони цінують можливість подорожувати, відкривати нові території - тож зазвичай не засиджуються на одному місці надто довгий час.",,
faction.Capitalist,Капіталісти,,
faction.Capitalist.about,"Капіталісти - це фракція комерсантів, одна з домінуючих фракцій у Всесвіті. Серед Капіталістів найбільшою цінністю вважаються не гроші, а їхня кількість.",,
faction.Crawler,Краулер,,
faction.OldEarth,Колишні Земляни,,
faction.OldEarth.about,"Колишні Земляни - це миролюбні поселенці та колоністи, по більшості займаються фермерством та землеробством.",,
faction.Pirate,Пірати,,
faction.Pirate.about,"Пірати - це безшабашна та небезпечна фракція осіб, що обрали (або змушені були обрати) спосіб життя поза законами, і яким нема чого втрачати. Якщо помітили їх - краще летіть геть, або готуйтеся до абордажу.",,
faction.Player.about,Це ваша фракція,,
faction.Scavenger,Збирачі Брухту,,
faction.Scavenger.about,Збирачі Брухту мандрують Всесвітом у пошуках рідкісних матеріалів та цінних позаземних артефактів. Представники цієї фракції поєднують певні риси Авантюристів та Капіталістів. Зазвичай не дуже дружелюбні.,,
faction.Sentinel,Вартові,,
faction.Sentinel.about,"Позаземна форма життя, що базується на Штучному Інтелекті. Вважається що представники фракції намагаються встановити мир та порядок у Всесвіті.",,
faction.Virus,Віруси,,
faction.Virus.about,"Ворожа кримінальна фракція, що базується на Штучному Інтелекті. Намагається знищити всі біологічні форми життя та силою захопити владу у Всесвіті.",,
failed.copying.value,Не вдалося скопіювати значення,,
failed.pasting.value,Не вдалося вставити значення,,
fate.BecameNomads,"{0} колоністів стали кочівниками та заснували фракцію ""{1}"":",,
fate.DeadInStasisArray,"Деяких колоністів не вдалося пробудити зі стазису, і вони перебуватимуть у комі: ",,
fate.DiedDuringLanding,{0} колоністів загинули під час приземлення:,,
fate.DiedFightingLocalFaction,"{0} колоністів загинули під час зіткнень із місцевою фракцією ""{1}"":",,
fate.DiedFromRareDisease,"{0} колоністів загинули від нового рідкісного захворювання ""{1}"":",,
fate.EatenByLocalFauna,"{0} колоністів було вбито та з'їдено місцевим звіром ""{1}"":",,
fate.FoundedACity,"Місто ""{1}"" було засновано наступними колоністами:",,
fate.FoundedAMiningCompany,"Наступними колоністами було засновано гірничодобувну компанію ""{1}"":",,
fate.LivingHappy,{0} колоністів щасливо живуть у своєму новому домі:,,
fate.MovedToColonyWorker,{0} роботів-працівників лишилися у колонії щоб розбудовувати нову базу:,,
fate.remained.on.ship,{0} колоністів вирішили продовжити подорожувати та залишились на Кораблі.,,
fate.StayedOnShip,{0} колоністів вирішили залишитись на Кораблі та поринути у нові пригоди:,,
fate.StayedOnShipWorker,{0} роботів-працівників залишились на Кораблі:,,
fate.WasElectedPresident,Обрано президентом колонії:,,
fate.WentInsane,{0} колоністів збожеволіли:,,
favorite.color,Улюблений колір,,
favorite.meal,Улюблена Їжа,,
feedback,Відгук,,
feedback.bug.critical,Баг [Критичний],,
feedback.bug.critical.tip,"Критичними є такі баги, що <b>унеможливлюють ігровий процес</b> як такий. Наприклад:<br> - Збій на операціях завантаження або зберігання сейвів<br> - Відсутній відгук від елементів ІК<br> - Дерево Досліджень не відкривається<br> - Гра завмирає або завершується із крешем під час певної операції<br> - Збій при спробі створити нову гру<br> - Механічні істоти не заряджають свої батареї та постійно знаходяться у режимі Екстреної Перезарядки",,
feedback.bug.major,Баг [Значний],,
feedback.bug.major.tip,"Значними є такі баги, що <b>порушують важливі (або некритичні)</b> ігрові механіки. Наприклад:<br> - Неможливо розпочати гірничодобувну експедицію<br> - Асемблери неможливо налаштувати<br> - Домашні тварини не споживають наявну їжу та помирають від голоду",,
feedback.bug.minor,Баг [Незначний],,
feedback.bug.minor.tip,"Звичайні баги, що можуть <b>дошкуляти</b>, але <b>не перешкоджають грати</b>. Наприклад:<br> - Стазис-Капсулу неможливо демонтувати<br> - Під час сейва/завантаження Корабель втратив координати цілі<br> - Інформація про приналежність ліжка втрачена після його переміщення до іншої локації<br> - Працівник не зміг виконати певне завдання без явних причин",,
feedback.choose,Оберіть Варіант,,
feedback.contact,Як з вами зв'язатися (опціональне),,
feedback.contact.hint,"Опціональне. Це може бути ел.пошта, або хендл у Discord - якщо ви користуєтесь сервером Stardeus у Discord.",,
feedback.error,Помилка Відгуку,,
feedback.f1,Сповістити про Баг,2022-08-11,
feedback.f1.label,Скористуйтеся цим засобом для відгуку щоб відправити розробнику необхідні файли - логи гри та сейв.,2022-10-19,
feedback.f1.label_controller,Скористуйтеся цим засобом для відгуку щоб відправити розробнику необхідні файли - логи гри та сейв.,2022-10-19,
feedback.fail.unknown,Невідомо (Немає зв'язку?),,
feedback.failed,"Передача відгуку закінчилась невдачею із наступної причини: {0}. Будь ласка, напишіть на help@kodolinija.com, або напишіть про цей випадок у Discord, або на форум Stardeus у Steam. Дякуємо! ",,
feedback.failed.screenshot,"Дякуємо за відгук! Тікет {0} був створений успішно, але скріншот не вдалося передати із наступної причини: {1}.",,
feedback.hint,"Якщо це баг - спробуйте, будь ласка, описати випадок якомога детальніше, бажано із послідовністю кроків, за якими можна буде відтворити проблемну ситуацію.",,
feedback.other,Інше,,
feedback.other.tip,"Збудували <b>розкішний зореліт</b>, та бажаєте щоб про нього дізналися всі-всі у Discord? Чи може бажаєте щось висловити розробнику? Або маєте якийсь незвичайний сейв (наприклад, зроблений якраз перед тим як Корабель був розтрощений метеороідним роєм)? Саме для цього створено цю категорію - <b>якщо ніяка інша не підійшла</b>.",,
feedback.performance,Продуктивність,,
feedback.performance.tip,"Для відгуків стосовно не досить плавної роботи гри - якщо <b>значення FPS занадто мале</b>, або спостерігаються постійні <b>втрати кадрів</b>.",2022-12-22,
feedback.post.to.discord.hint,"Якщо вибрано цю опцію - цей скріншот та файл-сейв стануть доступні для широкого загалу у Stardeus Discord, разом із назвою вашого облікового запису ({0}). І це насправді корисно, бо інші користувачі побачать детальний опис проблеми, про яку складений репорт - це допоможе зменшити кількість дубльованих повідомлень. А якщо ви ще й зареєстровані із такою ж самою назвою облікового запису у Stardeus Discord - можливо набагато скоріше отримаєте відповідь від розробника.",,
feedback.screenshot.failed,"Відгук було відправлено, але скріншот не вдалося прикріпити",,
feedback.sent,Відгук Відправлено,,
feedback.submit,Передати Відгук,,
feedback.suggestion,Пропозиція,,
feedback.suggestion.tip,"Поради стосовно <b>поліпшень</b>, <b>ігрового балансу</b> та подібні зміни, запроси по впровадженню <b>функцій ЯЖ</b>.",,
feedback.thank.you,Дякуємо за відгук! Ми цінуємо ваші зусилля у допомозі в поліпшенні гри! Розробник розгляне його найближчим часом. <br><br>Ви можете долучитися до обговорення відгука у чатах на сервері Stardeus у Discord. ID відгука: {0},,
feedback.thanks,Дякуємо за відгук! Розробник розгляне його найближчим часом. Ми цінуємо ваші зусилля у поліпшенні гри!<br><br>ID: <b>{0}</b>,2022-07-11,
feedback.title.hint,Про що цей відгук?,,
feedback.title.required,"Будь ласка, додайте назву",,
feedback.tooltip,Скористуйтеся цією формою щоб надіслати файли сейва та лога запуску гри до розробника. Хоткей: <b><nobr>Ctrl + F1</nobr></b>.,2022-10-19,
feedback.tooltip.controller,Скористуйтеся цією формою щоб надіслати файли сейва та лога запуску гри до розробника.,2022-10-19,
feedback.type,Тип Відгуку,,
feedback.type.required,"Будь ласка, зазначте тип відгуку",,
feeling.clean,Відчуття Чистоти та Свіжості,,Label for a positive mood bonus for someone who just had a shower
female,Жіноча,,
fighting,Бойовий,,
filter.mode,Фільтр,,
filter.mode.AllowAll,"Так, Все",,
filter.mode.AllowSelected,"Так, Обране",,
filter.mode.ForbidAll,"Ні, Нічого",,
filter.mode.ForbidSelected,"Ні, Обране",,
find,Знайти,,
find.item,Знайти Предмет,,
finish.construction,Завершити Монтаж,,
fire,Вогонь,,
fire.chance,Шанс займання,,
fire.chance.damage,Шанс займання при пошкодженні,,
fire.chance.damage.desc,Визначає вірогідність спалахнути після отримання пошкодження,,
fire.chance.desc,"Визначає вірогідність спалахнути, якщо оточення стане занадто гарячим, або якщо поруч буде відкрите полум'я",,
fire.extinguish,Загасити Полум'я,,
first.name,Ім'я,,
flight.arrived,Прибуття до цілі: {0}. Подорож зайняла {1}.,,"{0} is location (i.e. some planet name), or a coordinate, (i.e. ""123:125""). {1} is time (i.e. 2 days 3 hours). Example: ""We have arrived at Jupiter. Journey took 8 days 1 hour"""
flight.cancelled.already.there,Політ скасовано. Корабель вже на цій локації.,,
flight.cancelled.islands,"Політ перервано. Корабель розділився на декілька секцій - {0}. Для відновлення можливості польоту з'єднайте відокремлені частини корабля, або позбудьтеся непотрібних.",,
flight.impossible.islands,"Політ наразі неможливий, бо кількість відокремлених секцій складає {0}. Спочатку такі відокремлені секції треба або демонтувати, або з'єднати між собою у єдиний фрагмент. Знайдіть більше інформації у оверлеї Секції. Відкриваю оверлей Секції.",2022-05-12,"{0} is a number. Last change added ""abandon"" to the list of actions."
flight.impossible.no.engines,Політ наразі неможливий. На Кораблі не встановлено Двигуни. Спочатку дослідіть необхідні технології та змонтуйте Двигуни.,,
flight.impossible.no.suitable.engines,"Політ наразі неможливий. На Кораблі не встановлені двигуни певного типу, що необхідні для таких подорожей. Дослідіть необхідні технології та змонтуйте двигуни потрібного типу.",,
flight.initiated,Встановлено курс до {0}. Відстань до об'єкта: {1} Після прибуття буде надіслано повідомлення.,,
flight.no.bridge.controls,"Навігаційну Рубку не підключено до Мережі, або знеструмлено. Наразі неможливо користуватися Двигунами.",,
floor,Підлога,,
font.scale,Масштаб Шрифту: {0:0.##}x,,
food,Їжа,,
food.bar,Їжа,,
food.item,Їстівний Предмет,,
food.type,Їжа: {0},,
force.wake.up,Примусово Розбудити,,
found,Знайдено,,"Used in ""Merchant Beacon"" device in a short label to show that a merchant of the seeked type was found."
found.terraformable.planet,Знайдено планету для тераформування,,
free_entities,Речі,,
fuel,Паливо,,
fuel.bar,Паливо: {0}/{1},,
fuel.efficiency,Вихід Енергії: {0:0},,
fuel.source.not.configured,Тип Палива Не Вказано,,
fuel.type,Паливом є {0},,"{0} will be some material type, i.e. ""Coal"" or ""Petrol"". Note for devs: fuel.type won't be found in code, because it is ""${purpose}.type"" where purpose is ""fuel""."
fueled.by,Паливом є {0},,"{0} will be some material type, i.e. ""Coal"" or ""Petrol"""
full.changelog,Повний Список Змін,,
full.reset,Скинути Всі Налаштування,,
full.reset.about,"Будь ласка, підтвердіть свій намір скинути всі існуючі налаштування до дефолтних параметрів. Ця операція не видалить ваші сейви, або досягнення. Також залишаться усі встановлені моди. Поточну гру буде перезапущено.",,
fully.grown,Дозріле,,"Refers to a plant or anything that could grow in soil (trees, mushrooms, etc)"
game.about,Дякуємо що граєте у Stardeus!,,
game.data,Ігрові Дані,,
game.delete.confirm,Підтвердіть Видалення Сейва,,
game.delete.confirm.details,Ви впевнені що бажаєте видалити цей файл-сейв? Відмінити цю дію буде неможливо.,,
game.difficulty,Складність,,
game.difficulty.tip,"Налаштування Складності впливатимуть на чисельні параметри гри -  від генерації покладів ресурсів, до частоти та магнітуди подій, що траплятимуться протягом гри. Рекомендований рівень Складності - Збалансовано.",,
game.discord,Discord,,
game.exists,Така Гра Існує,,
game.exists.desc,"Гра з назвою ""{0}"" вже існує! Будь ласка, оберіть іншу назву.",,
game.forum,Форум,,
game.graphs,Графи,,
game.load,Завантажити Гру,,
game.load.desc,Завантажити інший сейв,,
game.name.randomize,Випадкова Назва,,
game.new,Нова Гра,,
game.new.desc,Розпочати Нову Гру,,
game.presskit,Прес-Кіт,,
game.reddit,Reddit,,
game.save,Зберегти гру,,
game.save.desc,Зберегти ваш прогрес у грі,,
game.save.prompt,<b>{0}</b><br>Вкажіть назву сейва:,,
game.scenario,Сценарій,,
game.scenario.tip,"""Розтрощений"" - це основний сценарій. Якщо бажаєте зіграти саме так як слід - переконайтесь що увімкнено режим ""Без Завантажень (Permadeath)"" у меню Модифікатори.",2023-08-01,
game.seed,Почтакові Дані Гри,,
game.seed.placeholder,Введіть Початкові Дані ...,,
game.start,Почати Гру,,
game.steam.page,Сторінка у Steam,,
game.storygen,Генератор Історії,,
game.storygen.tip,"Рекомендовано використовувати Дефолтний генератор історії у всіх сценаріях, за виключенням Пісочниці. А також можна взагалі вимкнути генератор історії - це дозволить повністю уникнути випадкових подій під час гри. Після вдосконалення Дефолтного варіанту будуть добавлені інші варіанти генераторів історії.",,
game.systems.disabled,Зафіксовано {0} випадків Заблокованого Ігрового Функціонала,,{0} will be a number (1 or greater)
game.systems.disabled.end.note,"Цей файл-сейв все ще можна завантажити та продовжити грати, але деякий додатковий ігровий функціонал буде недоступний. Якщо ж розпочати нову гру - всі ігрові механіки працюватимуть в повній мірі, та забезпечуватимуть вам повне задоволення від гри.",2022-09-20,
game.systems.disabled.first.version,Цей сейв було створено у попередній версії гри <b>{0}</b>. Для повноцінної роботи всього ігрового функціонала мінімально необхідною версією є: ,,"{0} will be the version number, i.e. ""v0.6.154"""
game.title,Stardeus,,
game.twitter,Twitter,,
game.version,Поточна Версія Гри: {0},,
game.website,Веб-сайт,,
gamepad.dead.zone,Мертва Зона Геймпада: {0:0.000} - {1:0.000},,
gamepad.ignore,Ігнорувати Геймпади,,
gamepad.ignore.tip,"Увімкнення цієї опції означатиме ігнорування всіх підключених геймпадів. Це може стати у пригоді, якщо під час гри у Stardeus ви користуєтесь іншими пристроями введення (мишею та клавіатурою). Для застосування змін, можливо, доведеться перезапустити гру.",,
gamepad.rumble,Вібрація Геймпада,,
gather.materials,Збирати Матеріали,,
gathering.materials,Збір Матеріалів,,
gen.failed,Невдала Генерація,,
gen.failed.info,"Не вдалося згенерувати початкові умови, використовуючи надані налаштування. Будь ласка, спробуйте знову, із іншими початковими даними. Майте на увазі, що генерація невеликих кораблів зазвичай складніший процес.",,
gender,Стать,,
get.some.sleep,Поспати,,
global.hint.0,"Не поспішайте розбудовувати Корабель, спочатку відвідайте планети що розташовані поруч та видобувайте сировину.",,
global.hint.1,"Реактори не будуть перетворювати сировину на енергію, якщо сонячні панелі зможуть забезпечити достатньо електрики.",2022-08-13,
global.hint.10,Процес розробки цієї гри транслюється у прямому етері на Twitch. Спостерігайте за всіма деталями на https://twitch.tv/dev_spajus,,
global.hint.11,"Найшвидший варіант будівництва Конектора - клікнути на існуючому Конекторі, та, не відпускаючи кнопки, протягнути лінію до цільового порожнього місця на підлозі, де відпустити кнопку.",,
global.hint.12,Колір джерел світла може бути доволі гнучко налаштований.,,
global.hint.15,"Для більш захоплюючого геймплею спробуйте задіяти опцію ""Туман війни"" у меню Налаштування > Налаштуваггя Поточної Гри > Додаткова Складність. Вам доведеться монтувати більше джерел світла щоб розвіяти космічну темряву.",2026-07-17,
global.hint.16,"Можна використати <sprite=""Glyphs_Keyboard"" name=""leftCtrl""> + якусь із цифрових клавіш у секції NumPad щоб запам'ятати поточну позицію камери. Після цього можна швидко переміщати камеру по цих запам'ятованих позиціях натискаючи кнопки на NumPad.",,
global.hint.2,"Реактори не будуть виробляти більше електрики, ніж достатньо для забезпечення поточних потреб у енергії.",2022-08-13,
global.hint.4,"Показник Авто-Поповнення можна збільшувати для майже всіх пристроїв із поповненням, наприклад для Реакторів Матерії. Це дозволить зменшити кількість операцій поповнення.",,
global.hint.7,"Під час розташування елементів підлоги спробуйте різні комбінації <sprite=""Glyphs_Keyboard"" name=""leftShift"">, <sprite=""Glyphs_Keyboard"" name=""leftAlt""> та <sprite=""Glyphs_Keyboard"" name=""leftCtrl""> для переключення між різними режимами розташування. Деякі із цих режимів також працюють зі стінами, та всі вони працюють із інструментом Планувати.",,
global.hint.8,Щоб намалювати окружність у режимі Планування можна використовувати два методи. Щоб намалювати окружність із непарним діаметром -  почніть із позиції курсора біля центру плитки. Щоб намалювати окружність із парним діаметром - почніть із позиції курсора біля нижнього лівого кутка плитки.,,
global.market.index,Глобальний Ринковий Індекс,,
go.through,Пройти Наскрізь,,
go.to.shuttle,Рухається до Шатлу,,
goal.AddEnergyBudget,Збільшіть виробництво електрики,,
goal.AddEnergyBudget.desc,"Наразі ми здатні виробляти {0} електрики. Пікове споживання перевищило 80% від генерації, тому, щоб уникнути можливого дефіциту електрики, слід збільшувати генерацію. Змонтуйте більше Реакторів, Сонячних Панелей тощо - підійдуть будь-які генеруючі електрику пристрої, до яких є креслення, технології та матеріали для монтажу. А також дещо збільшити генерацію може допомогти очистка поверхні тих Сонячних Панелей, які вже маємо на борту.",,
goal.BuildDiskModule,Змонтуйте Модуль-Диск,,
goal.BuildDiskModule.desc,"Вичерпується вільний Дисковий Простір у Сховищі, що використовується для зберігання результатів досліджень. Раджу змонтувати один чи більше Модулів-Диск. Для отримання необхідних креслень спершу потрібно буде виконати відповідне дослідження Обчислення.",,
goal.BuildHeater,Змонтуйте Обігрівач,,
goal.BuildHeater.desc,"Щоб оточуюче середовище у замкнених ділянках стало теплим та більш придатним для життя людей, необхідно змонтувати Обігрівач.",,
goal.BuildMiniMatterReactor,Змонтуйте Реактор Матерії,,
goal.BuildMiniMatterReactor.desc,"Щоб виробляти електрику, необхідну для живлення пристроїв та виконання досліджень, слід змонтувати Реактор Матерії.",,
goal.BuildMoreStorages,Змонтуйте більше Складських Модулів,,
goal.BuildMoreStorages.desc,Всі наявні Складські Модулі заповнені - мабуть є необхідність змонтувати ще один.,,
goal.BuildOxygenPump,Змонтуйте Генератор Кисню,,
goal.BuildOxygenPump.desc,Необхідно змонтувати Генератор Кисню - щоб оточуюче середовище у замкнених ділянках стало більш придатним для життя людей.,,
goal.BuildRepairStation,Змонтуйте Ремонтну Станцію,,
goal.BuildRepairStation.desc,Необхідно змонтувати принаймні одну Ремонтну Станцію - щоб працівники мали змогу проходити технічне обслуговування.,2022-03-23,
goal.BuildStorage,Змонтуйте Складський Модуль,,
goal.BuildStorage.desc,"Було б гарно зберігати десь усю цю сировину, що наразі розкидана навколо. Для цього можна змонтувати Складський Модуль.",,
goal.completed,Виконано: {0},,
goal.ConnectIslands,З'єднайте Секції Корабля,,
goal.ConnectIslands.desc,"Щоб з'єднати відокремлені секції розламаного Корабля у єдиний фрагмент, слід змонтувати між ними мости із елементів підлоги. А деякі маленькі (або неважливі) секції можна демонтувати. Довідайтесь більше деталей про відокремлені частини Корабля у оверлеї Секції.<br><br>Порада: буде зручніше прокласти пряму лінію із елементів підлоги, якщо утримувати <b>CTRL</b> під час прокладання.",,
goal.DisassembleBreachCapsule,Розберіть Капсулу Зломщиків,,
goal.EnsureShipCPUVentilation,Забезпечте Вентиляцію Корабельного Комп'ютера,,
goal.ExploreCodex,Перегляньте Операційний Посібник,,
goal.ExploreCodex.desc,"Відкрийте <b><nobr>Оверлей Кодекс</nobr></b> та перегляньте <b><nobr>Операційний посібник</nobr></b>. Після ознайомлення із деякими концепціями, позначте їх як вивчені.<br><br>Кодекс містить дуже корисну інформацію, включно зі списком всіх матеріалів та креслень, деталями із монтажу, будівництва та виробництва.",2022-06-13,
goal.GetMoreResource,Отримайте більше {0},,
goal.HailMerchant,Викличте Комерсанта,,
goal.HailMerchant.desc,"Можна скористатися Комунікатором для виклику корабля Комерсантів. Можна навіть обрати його тип (специалізацію). Спробуйте, будь ласка, прямо зараз викликати якого-небудь із Комерсантів.",,
goal.RelocateSpaceSuit,Зберіть частини Скафандра,,
goal.RelocateSpaceSuit.desc,"Десь у цьому безладі та купах брухту знаходяться декілька  <b>Скафандрів</b> та <b>Шоломів</b>. Можна спробувати відшукати їх, та скомпонувати принаймні один комплект скафандра.<br><br>Скористайтеся оверлеєм <nobr><b>Інвентар</b> {0}</nobr> щоб знайти локацію із частинами скафандру, та накажіть дронам перемістити їх ближче до вцілілих колоністів.",2022-03-21,
goal.RepairOrDeconstruct,Відремонтуйте або Демонтуйте,,
goal.RepairOrDeconstruct.desc,"Слід потроху ремонтувати (або демонтувати) пошкоджені ділянки Корабля. Поверхня пошкоджених об'єктів візуально із тріщинами, біля пошкоджених електричних пристроїв можна помітити електричні розряди. Спробуйте обрати інструмент Ремонт - пошкоджені об'єкти автоматично будуть відмічені червоним кольором. Для таких об'єктів слід використати інструмент Ремонтувати (або Демонтувати)",,
goal.StartExpedition,Відправте експедицію,,
goal.StartExpedition.desc,Корабель занаходиться на орбіті планети - скористайтеся <b>Шатлом</b> для відправки експедиції.,2022-08-26,
goal.StartResearch,Розпочніть дослідження,,
goal.StartResearch.desc,"Наразі відсутні активні дослідження. Рекомендовано проводити дослідження весь час, якщо є така можливість. Щоб досліджувати більш розвинені технології, знадобиться змонтувати більше Модулів Пам'яті, Дискової та RAM, а також збільшити генеруючі потужності Електричної Мережі.",,
goal.StasisALS,Увімкніть Розвинений Режим системи Стазису,,
goal.StasisALS.desc,"Оберіть <b>Стазис-Масив</b>, та у меню <b>Стабільність Кріо-Камер</b> оберіть режим Стазису <b>Розвинений</b>.<br><br>Хоча робота у такому режимі потребуватиме досить багато електрики - проте <b>Стабільність Кріо-Камер</b> зростатиме, а ситуація із пробудженням колоністів стане більш контрольованою.",,
goals,Поради,,
goals.completed,Вже Виконані Поради,,
goals.pending,Ще Невиконані Поради,,
grid.no.cpu,Ця мережа не підключена до Корабельного Комп'ютера,,
grid.paused,<b>ВАЖЛИВО</b>,,
grid.paused.desc,"Якщо комутація пристроїв здійснюється під час паузи плину часу, або плин часу призупиняється одразу після зміни конфігурації підключення - для повного застосування змін у Мережі потрібно зняти плин часу з паузи на кілька секунд.",,
grid.show,Показати Мережу,,
grid.show.bounds,Показувати Межі Мережі,,
grid.updating,Оновлюється...,,
growing,Росте,,
growing.what,Росте {0},,
had.a.fun.ride,Весела поїздка,,
had.a.workout,Виконання фізичних вправ,,
harvest,Збирати врожай,,
harvest.now,Зібрати Врожай Негайно,,
harvest.priority,Пріоритет Збирання Врожаю,,
harvest.priority.help,"Визначає вірогідність, із якою істоти схильні до виконання завдань зі збирання врожаю рослин (коли він дозріє). При значенні 0 (найнижчій пріоритет) працівники взагалі не виконуватимуть завдання із збирання врожаю, при значенні 9 (найвищій пріоритет) - намагатимуться збирати врожай за першою нагодою.",,
harvested,Врожай Зібрано,,
harvesting.now.bar,Збирання Врожаю: {0},,
haul,Нести,,
haul.ingredients,Нести Інгредієнти,,
haul.item,Нести Об'єкт,,
haul.materials,Нести Матеріали,,
haul.priority,Пріоритет Перенесення,,
haul.priority.help,"Пріоритет перенесення визначає наскільки охоче працівники будуть нести сировину до цього складу. Значення 0 (найнижчій пріоритет) взагалі не будуть нічого сюди приносити, але будуть продовжувати забирати сировину звідси. При значенні 9 (найвищій пріоритет) приноситимуть сюди за першою нагодою.",,
haul.processable.items,Нести придатні для обробки об'єкти,,
haul.to.storage,Нести до складу,,
hauling.item,Несе Предмет,,
hauling.to.processing,Несе на Обробку,,
hauling.to.storage,Несе до Складу,,
heading,Прямує,,
health,Здоров'я,,
health.bar.info,Здоров'я: {0}/{1},,
health.percent,Здоров'я: {0:0}%,,
heat.at,Температура у {0}: {1},,
heat.producer,Виробляє Тепло,,
heat.producer.tip,"Пристрій вироблятиме тепло у активному стані (споживаючи або виробляючи електрику). Щоб розсіювати це тепло тримайте такий пристрій ззовні, або побудуйте Охолоджувачі навколо нього.",,
heat.production.rate,Темп Нагрівання,,
heat.pump,Теплова Помпа,,
heat.sink,Радіатор,,
heat.sink.effectiveness,Ефективність Радіатору,,
heat.sink.effectiveness.desc,"Щоб зменшити інтенсивність нагрівання та уповільнити накопичення фрагментації, можна розмістити один чи більше Радіаторів навколо Корабельного Комп'ютера. Креслення Радіатору стануть доступні після виконання дослідження ""Керування Температурою""",2022-11-15,
heater,Обігрівач,,
help.money,Гроші та Економіка,,
help.money.desc,"Можна заробляти гроші торгівлею - продаючи якісь наявні на борту товари Комерсантам, або проводячи успішні операції на Фондовому Ринку. Або можна майніти валюту, використовуючи обчислювальні потужності сумісних пристроїв (наприклад Корабельного Комп'ютера).",2022-12-04,Last update mentioned trade in the stock market
hidden.achievement,Приховане Досягнення,,
hide,Сховати ІК,,
hint,Підказка,,
hint.cleaning_auto,"Можна регулювати <nobr><b>Кількість Авто Очистки</b></nobr> - щоб завдання для Очистки створювались автоматично. А також можна використати інструмент <nobr><b>Копіювати Конфігурацію</b></nobr>, щоб швидко скопіювати ці налаштування на декілька пристроїв.",,
hint.construction_cramped,"Рекомендується розташовувати пристрої так, щоб кожен пристрій був доступний принаймні з одного боку - інакше працівники не зможуть виконувати для нього ремонтні або сервісні завдання.",,
hint.draw_circle,Можна наказати змонтувати підлогу або стіни у формі кола - утримуючи {0} та перетягуючи курсор.,,
hint.draw_delete,Можете наказати видалення поточного шару креслення (стіни або підлога) утримуючи {0} та {1} та перетягуючи прямокутник.,,
hint.draw_fill,Можна наказати заповнити ділянку єлементами підлоги або стіни - утримуючі {0} та {1}.,,
hint.draw_line,Можна наказати змонтувати підлогу або стіни у вигляді рівної лінії від точки А до точки Б - утримуючи {0} та перетягуючі курсор.,,
hint.draw_pencil,Можна наказати змонтувати підлогу або стіни у свободному (олівець) стилі  - утримуючи {0} та перетягуючі курсор.,,
hint.el_check_charge_stations,"Працівникові не вдалося знайти функціонуючу та вільну Зарядну Станцію. Якщо станцій достатньо - слід переконатися у відсутності проблем із виробництвом електрики. Може знадобитися змонтувати більше Реакторів Матерії, або налаштувати існуючі на використання тієї сировини, що наразі є у достатній кількості.",,
hint.el_disconnect,Можна швидко відключати пристрої за допомогою інструмента <nobr><b>Підключити</b></nobr>. Просто клікніть та проведіть лінію між з'єднаними пристроями.,,
hint.el_drag_connect,"Ви можете увімкнути інструмент <b>Підключити</b> автоматично - у режимі Вільний Вибір клікайте Конектор, не відпускаючи кнопку проведіть лінію до цільового пристрою.",2022-08-26,
hint.firefighting,"Схоже на борту сталася пожежа. Декілька порад для боротьби з пожежами:<br>- Відключіть Генератори Кисню, що знаходяться поряд із пожежею (Стазис-Масив також має вбудований генератор кисню)<br>- Нехай роботи та дрони пораються із нею<br>- Якщо пожежа починає поширюватися - демонтуйте кілька елементів підлоги для вентиляції ділянки",2024-08-22,
hint.mass_deconstruct,"Пам'ятайте, що маєте інструмент для масового демонтажу у меню Інструменти",,
hint.multi_crafters_with_defaults,"Наразі вже декілька пристроїв однакового типу виробляють однакові предмети, сконфігуровані таким чином, щоб мати за ціль Глобальну Інвентарну Кількість та обмежувати загальну кількість вироблених предметів до {0}.<br><br>Якщо ж ви бажаєте змінити кількість виробленої продукції, то на додаток до будівництва нових пристроїв, переконфігуруйте існуючі виробничі потужності так, щоб їхня цільова кількість виробництва змінилася з ""Глобальної Інвентарної Кількості"" на дещо інше.",,
hint.storage_auto_haul,"Більшість типів сховищ можливо сконфігурувати так, щоб працівники переносили до них сумісні предмети. Пошукайте опцію ""Авто-Перенос"" у конфігурації сховища.",,
hint.trade_clock,"Будь ласка, призупиняйте плин часу протягом виконання торговельних операцій - інакше із плином часу може змінитися номенклатура та кількість товарів на борту, та, як наслідок, виконання торговельної угоди може бути невдалим.",,
hint.vent_controls,"Деякі з вентиляційних пристроїв наразі у відчиненому та працюючому стані, здійснюють обмін повітрям та теплом із сусідніми ділянками. Якщо така сусідня ділянка є незамкненою, або не герметичною - тепло та повітря будуть постійно просочуватися до космосу.<br><br>Якщо вентиляційні пристрої під'єднано до Мережі - можна перекрити їх.",,
hostile,Ворожий,,
hotbar.help.desc,"Додати елемент на Хотбар - під час користування Меню Інструментів натисніть та утримуйте {0} перед тим як обрати певний елемент у меню.<br><br>Видалити елемент із Хотбара - натисніть та утримуйте {0} та клікніть на цьому елементі.<br><br>Змінити розташування елементів у Хотбарі - клікніть, та не відпускаючи кнопку, перетягуйте елемент який бажаєте перемістити.<br><br>Склад Хотбара можна заблокувати та розблокувати, а також сховати цю інфо-кнопку - у Меню - пункт Налаштування Поточної Гри.",2023-08-16,
hotbar.help.title,Як користуватися Хотбаром,,
hotbar.help.tooltip,Хотбар,,
hotbar.info.no.submenus,"Не можна додати все субменю до хотбара. Будь ласка, оберіть певний інструмент або пристрій.",,
hotbar.lock,Заблокувати Хотбар,,
hotbar.locked,Хотбар заблоковано,,
hotbar.locked.info,"Потрібно розблокувати Хотбар у Поточних Налаштуваннях Гри - щоб можна було додавати, видаляти чи переміщати його елементи.",,
hotbar.show.info.button,Показувати Кнопку Інфо у Хотбарі,,
how.it.works,Як Це Працює,,
how.to.launch,Як Відправити Експедицію,,It will appear on a button that shows a popup which explains how to launch a space shuttle expedition
hull.airtight,Герметичність,,
hull.insulation,Теплоізоляція,,
hull.integrity,Цілісність Поверхні,,
hull.max_integrity,Макс.Можлива Цілісність Поверхні,,
hungry,Голодує,,
idle,Байдикує,,
ignition.point,Точка Загоряння,,
ignition.point.info,"Точка Загоряння визначає температуру, за якої об'єкт займається - за умови що у атмосфері достатньо кисню для підтримки вогню.",,
ignore,Ігнорувати,,
inactive,Неактивно,,
include.save,Включно із Сейвом,,Label for a checkbox that allows the player to select if they want to include the game save file with their bug report
includes.battery.output,Включно із Потужністю Батареї,,
inconsistent.game.state,"Неможливо зробити сейв. Певний баг заважає сформувати коректний файл-сейв. Якщо увімкнено Автоматичну Відправку Звітів - розробника вже повідомлено про збій.  Але ви могли би ще трохи допомогти, надавши більше інформації через форму відгуку - наприклад, докладніше описати свої дії, що передували цьому збою. Можна обрати опцію ""Спробувати Повторно"" - у цьому разі ви зможете спробувати зберегти стан гри у файл-сейв із іншою назвою.",,
increase,Збільшити,,
increase.amount,Збільшити Кількість,,
indestructible,Невразливий об'єкт,,
indestructible.desc,"Невразливий об'єкт не буде отримувати ніяких пошкоджень від механічних, вибухових, термічних або інших, зазвичай деструктивних, чинників оточення.",, 
infinity,Безкінечно,,"Used in displaying time estimate when something would take forever to execute. Example: research time estimate when there is 0kW of energy output shows a tooltip: ""ETA: Infinity @0kW"""
info.ad.rejected,Завдання відхилено,,
info.ad.rejected.cancelled,Завдання було скасовано,,
info.ad.rejected.lacking.material,Завдання відхилено: бракує необхідного матеріалу,,
info.ad.rejected.no.nutrient.extractor,Завдання відхилено: працівник не зміг знайти або дістатися до Екстрактора Білка,,
info.ad.rejected.unreachable,Завдання відхилено: працівник не зміг дістатися до цієї локації,,
info.ad.rejected.unreachable.material,Завдання відхилено: працівник не зміг дістатися до необхідного матеріалу,,
info.ad.rejected.unsafe,Завдання відхилено: працівник облишив виконання завдання через небезпечні умови середовища,,
info.being.dead,Мертве,,
info.being.immobilized,Знерухомлене,,
info.charge.station.unavailable,Не зміг знайти доступну Зарядну станцію,,
info.connector.full,Немає доступних слотів,,
info.connector.slots.available,Має доступні слоти,,
info.construction.in.progress,Монтаж у процесі,,
info.deconstruction.in.progress,Демонтаж у процесі,,
info.device.lacks.materials,Нестача матеріалів,,
info.device.unconfigured,Потрібно налаштувати,,
info.door.held.open,Примусово відчинено,,
info.door.locked,Примусово зачинено,,
info.emergency.recharge,Триває Аварійна Перезарядка,,
info.energy.deficit,Електрична Мережа нездатна забезпечити необхідну потужність,,
info.energy.node.consuming,Споживає електрику,,
info.energy.node.not.producing,"Не виробляє електрику. Це нормально, якщо наразі потреба в електриці є низькою.",,
info.energy.node.off,Відключено,,
info.energy.node.producing,Виробляє електрику,,
info.energy.node.unreachable,Не підключено до Корабельного Комп'ютера,,
info.energy.not.connected,Не підключено до Мережі,,
info.no.research,Дослідження не виконується,,
info.plant.grown,Рослина повністю дозріла,,
info.plant.not.growing,Вегетація неможлива,,
info.prod.goal.reached,Ціль виробництва досягнуто,,
info.reasearch.running,Дослідження у процесі,,
info.repair.station.unavailable,Ремонтна Cтанція недоступна,,
info.seeking.shelter,Шукає Укриття,,
info.solar.panel.being.cleaned,Очистка ({0}%),,
info.solar.panel.dusty,Назбиралася пилюка. Генерація енергії зменшилась,,
info.storage.full,Сховище заповнено,,
info.unsafe.conditions,Небезпечні умови,,
info.worker.off,Оффлайн,,
info.worker.thinking,Обмірковує,,
information,Інформація,,
ingredients,Складові:,,
input.AltModifier,Модифікатор ALT,,
input.bindings.reset,"Усі налаштовані призначення вводу було скинуто під час оновлення. Будь ласка, перевірте або змініть наявні призначення у меню Налаштування > Ввод.",,
input.CameraDrag,"Камера, Рух (Перетягування)",,
input.CameraMove,"Камера, Панорамувати",,
input.CameraZoom,"Камера, Масштабувати",,
input.CenterView,Хоткей: Центрувати Вид,,
input.Click,Клік,,
input.ClickCancel,Клік-Відміна,,
input.CtrlModifier,Модифікатор CTRL,,
input.CycleTimeSpeed,Змінити плин часу,,
input.CycleToolMode,Змінити інструмент,,
input.gamepad,Геймпад,,
input.group.camera,Керування Камерою,,
input.group.main,Основне Керування,,
input.group.misc,Різне,,
input.group.shortcuts,Хоткеї,,
input.group.time,Керування Часом,,
input.group.tools,Інструменти,,
input.group.ui,ІК,,
input.group.vmouse,Віртуальна Геймпад-Миша,,Used as a label before gamepad key bindings that emulate mouse motion and clicks. Basically for mouse controls that are done using the gamepad.
input.keyboard,Клавіатура,,
input.mouse,Миша,,
input.OpenResearch,Хоткей: Відкрити Дослідження,,
input.OpenStarmap,Хоткей: Відкрити Зоряну Мапу,,
input.Pause,Пауза,,
input.QuickSearch,Швидкий Пошук,,
input.rebind.printscreen.bug,Схоже що у цьому призначенні задіяно клавішу PrintScreen. Якщо ви намагаєтесь перепризначити клавіші зі стрілками - це сталося через досі не виправлений баг у системі вводу Unity. Але є спосіб обійти проблему. <br><br>Щоб призначити клавіші зі стрілками вимкніть NUM LOCK та спробуйте перепризначити знову.,,
input.rebind.ui.conflict.warning,"Клавіатурні клавіші зі стрілками та клавіша Enter використовується у навігації ІК, тож таке перепризначення може мати небажані ефекти.",,
input.rebind.warning,Попередження про Перепризначення,,
input.reset,Скинути Налаштування Вводу,,
input.reset.info,Призначення клавіш скинуто до дефолтних,,
input.Rotate,Обертати Об'єкт,,
input.RotateLeft,Обертати Вліво,,
input.RotateRight,Обертати Вправо,,
input.ShiftModifier,Модифікатор Shift,,
input.ShortcutAdsCancel,Хоткей: Відмінити Завдання,,
input.ShortcutAdsPriority,Хоткей: Змінити Пріоритет,,
input.ShortcutAdsRetry,Хоткей: Повторити Завдання,,
input.ShortcutCopyPaste,Хоткей: Копіювати Конфігурацію,,
input.ShortcutEnergyConnect,Хоткей: Підключити Мережу,,
input.ShortcutManageAds,Хоткей: Керувати Завданнями,,
input.ShortcutPlaceTiles,Хоткей: Меню Монтажних Робіт,,
input.ShortcutPlan,Хоткей: Планувати,,
input.ShortcutProcess,Хоткей: Обробка,,
input.ShortcutRelocate,Хоткей: Перемістити,,
input.ShortcutRemoveTiles,Хоткей: Демонтувати,,
input.ShortcutRepairTiles,Хоткей: Ремонт,,
input.ShortcutStore,Хоткей: Нести до Складу,,
input.TimeSpeedFast1,Плин Часу: Швидко,,
input.TimeSpeedFast2,Плин Часу: Дуже Швидко,,
input.TimeSpeedFast3,Плин Часу: Найшвидше,,
input.TimeSpeedFaster,Прискорити Час,,"Label for key binding, for a button that increases the game clock speed (makes time flow faster)"
input.TimeSpeedNormal,Плин Часу: Нормально,,
input.TimeSpeedSlow,Плин Часу: Повільно,,
input.TimeSpeedSlower,Уповільнити Час,,"Label for key binding, for a button that decreases the game clock speed (makes time flow slower)"
input.ToggleConsole,Показати/Сховати Консоль,,"Label for key binding that toggles in-game console on and off. You can type various commands in that console, it is for more technical players or those who want to create mods (modifications) for the game."
input.ToggleTime,Призупинити Плин Часу,,
input.ToggleUI,Показати/Сховати ІК,,
input.ToolNext,Наступний інструмент,2022-06-06,
input.ToolPrev,Попередній інструмент,2022-06-06,
input.VMouseBack,Геймпад-Миша Назад,,
input.VMouseButtonL,Геймпад-Миша Лівий Клік,,
input.VMouseButtonM,Геймпад-Миша Середній Клік,,
input.VMouseButtonR,Геймпад-Миша Правий Клік,,
input.VMouseCycleUI,Геймпад-Миша Керування ІК,,
input.VMouseForward,Геймпад-Миша Вперед,,
input.VMouseMove,Геймпад-Миша Рух,,
input.VMouseScroll,Геймпад-Миша Скролл,,
install,Встановити,,
install.upgrade,Встановити Апгрейд,,
installable,Установлюване,,
installable.upgrade,Установлюваний Апгрейд,,
insulation.at,Теплоізоляція у {0}: {1},,
invert.scroll.tip,Ця опція змінює напрямок скроллу колесом миші.,,
invincible.pets,Домашні Тварини - Невразливі,,
is.being.petted,Гладять,,"as in ""this cat is being petted right now"""
is.colonized,{0} колонізовано,,
island.nr,Секція #{0},,
item.storage,Сховище Предмета,,
item.storage.bar,Предметів: {0}/{1},,
item.storage.unavailable,Сховище для предмета недоступне,,
item.storage.unavailable.desc,"Сховище для предметів такого типу недоступне ( або ще не змонтовано, або вже заповнено)",,
job.priorities,Пріоритети Роботи,,
job.priorities.help,"Проклікайте кожну іконку із пріоритетами щоб отримати більше інформації про типи роботи. Можна підлаштувати пріоритети так, як вам здається підходящим. Пріоритет 0 означатиме що працівник взагалі не виконуватиме завдання такого типу, пріоритет 9 означатиме що працівник намагатиметься виконувати таку роботу якомога частіше. Зауважте, що також можна налаштувати пріоритети кожного із завдань (окремо від працівників), а також у вашому розпорядженні є інструмент для групового налаштування.",,
job.type.Animals,Тваринництво,,"job.type.X translations are displayed in job type priority controls (in this case there would be ""Animals"" priority where you can set it from 0 to 9). The same translation is also displayed in the tooltip of a task (job) of this type. Example: you hover the mouse cursor over someone who is training a dog and see a tooltip: ""Task [Animals]: Train a dog""."
job.type.Cleaning,Чищення,,
job.type.Construction,Монтаж,,
job.type.Cooking,Кулінарія,,
job.type.Crafting,Майстрування,,
job.type.Demolition,Демонтаж,,
job.type.Eating,Прийом їжі,,
job.type.Expedition,Експедиція,,
job.type.Firefighting,Гасіння пожежі,,
job.type.Food,Їжа,,
job.type.Hauling,Перенесення,,
job.type.Hygiene,Гігієна,,
job.type.Maintenance,Сервіс,,
job.type.Medical,Медицина,,
job.type.Needs,Потреби,,
job.type.Operations,Машини,,
job.type.Order,Прямий Наказ,,
job.type.Plants,Рослинництво,,
job.type.Recreation,Відпочинок,,
job.type.Repairs,Ремонт,,
job.type.Rescue,Рятування,,
job.type.Research,Дослідження,,
job.type.SatisfyingNeeds,Задоволення Потреб,,
job.type.SelfMaintenance,Самообслуговування,,
job.type.Sleeping,Сон,,
joined.colony,{0} - новий член команди!,,
keep.open,Тримати Відкритими,,Used on a button that forces a door to remain open
known.beings,Відомі Істоти: {0},,
labor.activity,Активність: {0},,
lacks.oxygen,Недостатньо Кисню,,
last.attempt,Остання Спроба,,
last.damage.amount,"Ушкодження, Кількість",,
last.damage.location,"Ушкодження, Локація",,
last.damage.type,"Ушкодження, Тип",,
last.expedition,Остання Експедиція: {0},,
last.name,Прізвище,,
last.petted.by,Був погладжений {0} {1},,"Label for data about when a pet was petted by someone. Will look like ""Last petted by John 2 hours ago"". {0} is name, {1} is ""time ago"""
last.visit,Відвідано: {0},,
launch,Запустити,,
launch.expedition,Відправити Експедицію,,
launch.probe,Відправити Зонд,,
launching.expedition.to,Відправляємо експедицію до <br><size=200%>{0}</size>,,
life.support.level,Режим Стазису,,
life.support.level.desc,"Під час роботи системи Стазису у Базовому Режимі її стабільність буде знижуватися, постійно та досить повільно. Якщо ж система Стазису працює у Розвиненому Режимі - її стабільність буде повільно та постійно підвищуватися, а також з'явиться можливість контролювати пробудження істот.",2022-09-24,
life.support.no.power,Стазис-Масиву не вистачає потужності,,
light,Світло,,"Noun. Used on a button that opens light source (i.e. lamp) controls, like color, brightness, etc."
link.inactive,З'єднання Неактивне,,
link.verb,З'єднати,,"verb, as in ""create a link"""
linked,З'єднано,,
load.failed,Невдале Завантаження,,
load.failed.corrupt,"Або версія цього файл-сейва несумісна із поточною версією гри, або щось пішло не так під час обробки даних у процесі завантаження: {0}. Ця ситуація не обов'язково означає що цей файл-сейв пошкоджений - можливо у функціоналі завантаження даних присутня помилка, яку вдасться виправити.",,
load.failed.incompatible,"Цей файл-сейв несумісний із поточною версією гри, оскільки був створений у версії {0}",,
load.save,Завантажити Цю Гру,,
loading,Завантаження...,,
loading.news,Завантаження Новин...,,
loading.save,<size=200%>{0}</size><br>Запускається Нейронна Мережа,,
location,Локація,,
lock,Заблокувати,,Action verb for a button that locks the door
locked,Заблоковано,,Label for a state that shows that door is locked
log.export.date,Поточна дата: {0},,
log.export.header,Журнал подій Stardeus,,"A header for game story - a history of everything that happened to the player from the beginning of the game. This story can be exported and shared, etc."
log.export.save_name,Назва Корабля: {0},,
lonely,Відчуття самотності,,
long.press.time.tip,"Деякі елементи ІК працюють так, що потрібно на них натискати та утримувати у натиснутому стані певний проміжок часу. Ця опція визначає тривалість такого проміжку часу, який буде сприйнятий грою як утримання. Якщо встановити це значення рівним 0 - такі елементи ІК будуть спрацьовувати як звичайні кнопки, що треба просто клікнути один раз, та не потребуватимуть утримування.",,
longpress.time,Утримування: {0:0.00}s,,
lost,Втрачено,,"This is used to indicate that something that belongs to your base is stolen or destroyed. For example a space shuttle that flew on an expedition and got destroyed would have ""lost"" marker in it's UI."
low.battery,Низький Рівень Заряду Батареї,,
low.battery.info,Заряду Батареї вистачить ще на {0} хвилин! Обміркуйте необхідність підключитися до зарядного пристрою.,,
make.siren.loud,Звук: ВИМКНЕНО,,
make.siren.silent,Звук: УВІМКНЕНО,,
male,Чоловіча,,
manage,Керувати,,
manage.ads.cancel,Відмінити Завдання,,
manage.ads.cancel.desc,"Клікніть на завдання, або розтягніть прямокутне виділення над кількома завданнями, які бажаєте відмінити.",,
manage.ads.priority.decrease,Зменшити пріоритет,,
manage.ads.priority.decrease.desc,Наведіть курсор на об'єкт що має завдання щоб побачити який саме у цього завдання пріоритет. Клікніть на цей об'єкт щоб зменшити пріоритет. Розтягніть виділення над ділянкою - і для усіх завдань на ділянці буде зменшено пріоритет.,,
manage.ads.priority.increase,Збільшити пріоритет,,
manage.ads.priority.increase.desc,"Наведіть курсор на об'єкт, що має завдання, щоб побачити який саме у цього завдання пріоритет. Клікніть на цей об'єкт щоб збільшити пріоритет. Розтягніть виділення над ділянкою - і для усіх завдань на ділянці буде збільшено пріоритет.",,
manage.ads.retry,Повторити Завдання,,
manage.ads.retry.desc,Повторити невдалі завдання негайно,,
manage.energy.node.tip,"Можна керувати цим Вузлом за допомогою тимчасового підключення, що може бути організовано одним із Працівників.",,
manual,Вручну,,
manual.survival.meal.content,"Просте брутальне їдло для виживання у аварійних ситуаціях. Не те шоб воно було смачненьке, але агов - тут є протеїн!",,
manual.survival.meal.title,Аварійна Їжа,,
map.size,Розмір Мапи,,
map.size.too.small,Мапа Замала,,
map.size.too.small.desc,Для цього сценарію потрібна більша мапа,,
market.asset.class,Клас Активу,,
market.asset.class.CFD,CFD,,
market.asset.class.CFD.info,"Контракт на різницю цін (CFD) це біржова угода із використанням деривативів, про передачу готівкою різниці між вартістю активу на початок(купівля активів) та на момент закінчення(продаж активів) терміну дії договору. При цьому не відбувається як така передача будь-яких реальних предметів.",,
market.asset.class.Equity,Equity,,
market.asset.class.Equity.info,"Еквіті (Equity), або власний капітал (або капітал власників у винятку приватної компанії) - відображає кількість грошей, що будуть повернуті власникам компанії у разі ліквідації компанії, та після погашення усіх існуючих боргів цієї компанії. У випадку придбання компанії - це вартість продажу компанії за винятком усіх зобов'язань, що має компанія (якщо вони не передаються як частина купівлі-продажу).",,
market.avg.price,Середня Ціна,,
market.avg.price.info,"Середня ціна визначає скільки ви повинні заплатити за одну частину в середньому, під час придбання своїх частин. Це дорівнює Базової Вартості поділеної на кількість частин, якими ви володієте. ",,
market.buying,Купуємо: {0},,"Displayed in a label when the player is buying a stock in the Stock Market. {0} is the stock name. Example: ""Buying: Microsoft"""
market.cost.basis,Базова Вартість,,
market.cost.basis.info,"Це початкова вартість, або ціна за якою було придбано актив чи інвестиції.Значення базової вартості використовується у розрахунках прибутку або втрат капіталу, що є різницею між ціною за якою відбулась продаж та ціною за якою відбулося придбання.",,
market.current.price,Поточна Ціна,,
market.high,Найвища,,
market.high.info,Найвища ціна об'єкта (за весь час),,
market.low,Найнижча,,
market.low.info,Найнижча ціна об'єкта (за весь час),,
market.selling,Продаємо: {0},,
market.volatility,Волатильність,,
market.volatility.info,"Волатильність це статистичний показник, який характеризує коливання прибутку для певного цінного паперу або ринкового індексу. У більшості випадків чим більшою є волатильність, тим більш ризиковими є цінні папери. Волатильність часто вимірюється як або абсолютне відхилення (100$ +-5$), або як відносне від початкової вартості (100% +-5%).<br><br>На ринках цінних паперів волатильність часто асоціюється із великими коливаннями у різні напрямки. Наприклад, коли фондова біржа росте та падає більше ніж на один відсоток упродовж тривалого проміжку часу, це називають ""волатильний ринок"". Волатильність активів - це ключовий фактор, за яким визначають ціну опціонних контрактів.",,
market.your.shares,Ваші Частки,,
mat.composite,Композитний Матеріал,,
mat.composite.desc,"Композитні матеріали виробляються шляхом обробки або комбінування інших матеріалів. Також їх можна отримати демонтуючи об'єкти, що містять такі матеріали.",,
mat.energy.output,Вихід Енергії,,
mat.energy.output.desc,"Це відносний показник того, яку кількість енергії буде отримано від одиниці матеріалу протягом переробки у Реакторі.",,
mat.nutrient,Поживна речовина,,
mat.nutrient.desc,Поживні речовини здебільшого застосовуються у приготуванні їжі для біологічних істот.,,
mat.primary,Первинний Матеріал,,
mat.primary.desc,"Первинні матеріали не можуть бути вироблені шляхом комбінування інших матеріалів. Їх можливо отримати лише виростивши, видобувши та таке інше ",,
mat.storage.unavailable,Немає Сумісного Складського Модулю,,
mat.storage.unavailable.desc,"Немає сумісних складських потужностей для зберігання цього типу предметів. Хоча більшу частину типів сировини, або предметів, можна зберігати у <b>Складському Модулі</b>, проте деякі предмети потребують спеціалізованих пристроїв для зберігання (<b>Холодильник</b>, <b>Барний Холодильник</b>, <b>Гардероб</b>, <b>Шафа</b>, та таке інше).",2022-09-13,
material.BatteryCell,Блок Батареї,,
material.Biowaste,Біо-відходи,,
material.Bread,Хліб,,
material.Carbon,Вуглець,,
material.CarbonFiber,Вуглецеве волокно,,
material.Coal,Вугілля,,
material.Coffee,Кава,,
material.CoffeeBeans,Кавові Боби,,
material.Copper,Мідна Руда,,
material.CopperPlate,Мідна Пластина,,
material.Flour,Борошно,,
material.Glass,Скло,,
material.Grain,Зерно,,
material.haul,Нести матеріал,,
material.Iron,Залізна Руда,,
material.lack,Не вистачає - {0},,
material.Lithium,Літій,,
material.Log,Колода,,
material.Microchip,Мікрочип,,
material.PlantFiber,Рослинне волокно,,
material.Protein,Протеїн,,
material.Quartz,Кварц,,
material.reservation.details,Активні резервування: {0},,
material.reservation.none,Не резервовано,,
material.reserved,Резервовано: {0},,
material.Rock,Порода,,
material.Silicon,Кремній,,
material.Soil,Ґрунт,,
material.Steel,Сталева пластина,,
material.Titanium,Титанова Руда,,
material.TitaniumPlate,Титанова Пластина,,
material.Uranium,Уран,,
material.Water,Вода,,
material.Wood,Деревина,,
matter.reactor,Реактор Матерії,,
max.texture.size.too.high,Обраний режим якості текстур недоступний для цього GPU. Режим буде автоматично скореговано до найвищого з можливих.,,
meal.take,Отримати їжу,,"order, as in ""Take a meal and go eat it"""
medical.slots,Місця для Лікування,,
memory.module,Модуль-RAM,,
memory.module.amount,{0} ЕБ,,
memory.module.builtin,Вбудований Модуль-RAM,,
memory.module.unpowered,Модуль-RAM (Знеструмлений),,
menu.about,Про Гру,,
menu.asteroids,Астероїди,,
menu.asteroids.desc,Створити астероїд або рій метеороїдів,,
menu.atmosphere,Клімат,2023-08-07,"Must be short, Atmosphere is too long to fit in the button. Can be longer if two short words, so it can break by space in two lines."
menu.atmosphere.desc,Пристрої для кліматизації,,
menu.back,Назад,,
menu.beds,Ліжка,,
menu.beds.desc,Фурнітура для сну або відпочинку,,
menu.beings,Істоти,,
menu.beings.desc,"Роботи, дрони, люди",,
menu.chairs,Стільці,,
menu.chairs.desc,Предмети на яких людям зручно сидіти,,
menu.clothing,Одяг,,
menu.clothing.desc,Різні елементи одягу,,
menu.comms,Зв'язок,2023-08-05,"Must be a short word or two short words, as it has little space horizontally but can wrap vertically. 'Communications' is too long."
menu.comms.desc,Комунікаційні пристрої та обладнання,,
menu.computing,Інфо.Тех.,,
menu.computing.desc,Інформаційні Технології та Обчислювальні Пристрої,,
menu.containers,Контейнери,,
menu.containers.desc,Створити контейнер,,
menu.cosmetics,Прикраси,,
menu.cosmetics.desc,Різні декоративні елементи для Корабля,,
menu.decor,Декор,,
menu.decorations,Декорації,,
menu.decorations.desc,"Речі, що є прикрасами, а іноді ще із додатковим функціоналом",,
menu.dev,Розробник,,
menu.dev.desc,Інструменти розробника,,
menu.devices,Пристрої,,
menu.devices.desc,Різні пристрої,,
menu.dirt,Бруд,,
menu.dirt.desc,Створити плями бруду,,
menu.doors,Двері,,
menu.doors.desc,Двері та воздушні шлюзи,,
menu.eggs,Яйця,,
menu.eggs.desc,Створити яйце,,
menu.elysium,Елізіум,,
menu.elysium.desc,Аддони до Елізіуму,,
menu.energy,Електрика,,
menu.energy.desc,Електричні пристрої,,
menu.equipment,Обладнання,,
menu.equipment.desc,Створити Обладнання,,
menu.exit,Вихід,,
menu.exit.desc,Вихід до головного меню,,
menu.exit.os,Вихід до ОС,,
menu.exit.os.desc,Автозбереження та вихід до ОС,,
menu.facilities,Споруди,,
menu.facilities.desc,Різні Споруди,,
menu.floorlit,Підлога із Освітленням,,
menu.floorlit.desc,Елементи підлоги із вбудованими джерелами світла,,
menu.floorregular,Звичайна Підлога,,
menu.floorregular.desc,Звичайні елементи підлоги. Мають посередню стійкість до деструктивних чинників оточення. Рекомендовано до застосування у житлових приміщеннях.,,
menu.floorreinforced,Посилена Підлога,,
menu.floorreinforced.desc,"Конструктивно міцніші елементи підлоги. Мають підвищену стійкість до деструктивних чинників оточення. Рекомендовано до застосування у конструкціях, що межують із відкритим космічним простором.",,
menu.floors,Підлога,,
menu.floors.desc,Усілякі види елементів підлоги,,
menu.floorspecial,Спеціальна Підлога,,
menu.floorspecial.desc,"Елементи підлоги спеціального призначення - рами, та таке інше.",,
menu.food,Їжа,2023-08-05,"best to keep it short, as it cannot fit horizontally if too long"
menu.food.desc,"Кулінарія, Виробництво Їжі та пристрої для цього",,
menu.furniture,Фурнитура,,
menu.furniture.desc,"Стільці, столи, ліжка",,
menu.fx,Бруд,,
menu.game.continue,Продовжити,,
menu.game.load,Завантажити Існуючу Гру,,
menu.game.name,Назва Корабля,,
menu.game.name.enter,Назва Корабля...,,
menu.game.new,Розпочати Нову Гру,,
menu.game.settings,Поточні Налаштування,,
menu.game.settings.desc,Налаштування для поточної гри,,
menu.global.settings,Глобальні Налаштування,,
menu.global.settings.desc,Налаштування для на всіх ігор,,
menu.hats,Капелюхи,,
menu.hats.desc,Різні головні убори,,
menu.headgear,Головний убор,,
menu.main,Головне Меню,,
menu.main.tooltip,Використайте TAB для пошуку розділів у цьому меню,,
menu.materials,Матеріали,,
menu.materials.desc,Різні матеріали,,
menu.meals,Їжа,,
menu.meals.desc,Створити їжу,,
menu.misc,Інше,,
menu.misc.desc,Інші налаштування,,
menu.mods,Моди,,
menu.obj,Об'єкти,,
menu.obj.desc,"Різні об'єкти, ресурси, та таке інше",,
menu.objects,Об'єкти,,
menu.objects.desc,Об'єкти доступні для монтажу,,
menu.plants,Рослини,,
menu.plants.desc,Різні рослини,,
menu.press.any.key,Натисніть Будь-Яку Клавішу,,
menu.production,Промисл.,,
menu.production.desc,"Пристрої для обробки сировини, верстати, та таке інше",,
menu.projectiles,Снаряди,,
menu.save,Зберегти,,
menu.save.desc,Зберегти гру,,
menu.security,Безпека,,
menu.security.desc,Зброя та елементи захисної інфраструктури,,
menu.settings,Налаштування,,
menu.settings.audio,Звук,,
menu.settings.audio.desc,Змінити налаштування звуку,,
menu.settings.current_game,Налаштування Поточної Гри,,
menu.settings.desc,Глобальні та Поточні налаштування гри,,
menu.settings.gameplay,Геймплей,,
menu.settings.input,Введення,,
menu.settings.language,Language,,Do not translate this please!
menu.settings.video,Відео,,
menu.settings.video.desc,Налаштування відео,,
menu.shuttles,Шатли,,
menu.shuttles.desc,Шатли для подорожей у космосі,,
menu.spacetravel,Косм. Рух,,
menu.spacetravel.desc,Пристрої та засоби для переміщення у космосі,,
menu.special,Спец,,
menu.special.desc,Спеціалізовані пристрої та об'єкти,,
menu.structure,Структура,,
menu.structure.desc,"Стіни, підлога та двері",,
menu.tables,Столи,,
menu.tables.desc,"Фурнітура із широкою пласкою верхньою частиною, зазвичай рівномірно піднесеною на певну висоту від підлоги",,
menu.upgrades,Апгрейди,,
menu.upgrades.desc,Створити модуль для Апгрейду,,
menu.walls,Стіни,,
menu.walls.desc,Усі типи стін,,
menu.weapons,Зброя,,
menu.weapons.desc,Ручна Зброя,,
merchant.beacon,Виклик Комерсанта,,
merchant.beacon.success,Виклик Комерсанта Успішний,,"Displayed in event notification, after the Merchant Beacon device has successfully hailed a merchant. Then if we click this event notification, we will see what type of merchant is going to arrive."
merchant.offering.trade,Комерсант пропонує торгувати,,
merchant.ship,{0} (Комерсант),,
merchant.ship.offering.trade,Корабель Комерсанта Пропонує Торгувати,,
merchant.type.MerchantAlloy,Торговець Сплавами,,
merchant.type.MerchantBuilding,Торговець Матеріалами для Будівництва,,
merchant.type.MerchantGeneral,Торговець Широкого Профілю,,
merchant.type.MerchantOil,Торговець Нафтою,,
merchant.type.MerchantOre,Торговець Рудою,,
merchant.type.MerchantRobotics,Торговець Робототехнікою,,
merchant.type.MerchantSlaver,Работорговець,,
merchant.type.MerchantUpgrades,Торговець Модулями Апгрейду,,
merchant.type.MerchantWeapon,Торговець Зброєю,,
merchants.wallet,Гаманець {0},,
meteor,Метеороїд,,
meteor.impact,Удар Метеороїду,,
meteor.incoming,Виявлено Метеороїд,,
meteor.shower.avoided,Чудова новина! Корабель уник зіткнення із роєм метеороїдів!,,
mining.currency,Майниться {0},,
mining.orders,Параметри Гірництва,,
missing,Відсутнє,,
missing.airlock,Відсутній Повітряний Шлюз,,
missing.airlock.desc,Слід мати хоча б один повітряний шлюз на Кораблі - щоб забезпечити доступ до відкритого космосу.,,
ml.booth.bar,Вдосконалення - {0}: {1:0.00},,"{0} will be skill name, {1:0.00} will show the level with fraction. Example: ""Training Construction: 3.45"""
mod.disabled,Мод Відключено,,
mod.enabled,Мод Підключено,,
mod.version,Версія Моду: {0},,
modifier.MapSize,Розмір Мапи [{0}x{0}],,
modifier.MapSize.desc,"Визначає ділянку, у межах якої можна розбудовувати Корабель. Зауважте, що більші за розміром мапи можуть негативно впливати на продуктивність.",,
modifier.NoCombat,Відключено Битви,,
modifier.NoCombat.desc,"Миролюбний режим гри, без зіткнень та ворожих атак",,
modifier.NoDeviceWear,Відключено Знос Пристроїв,,
modifier.NoDeviceWear.desc,Пристрої не будуть зношуватися та втрачати довговічність відповідно до використання,,
modifier.NoPause,Без Паузи,,
modifier.NoPause.desc,"Плин часу не може бути зупинено. Ви все ще зможете уповільнювати або пришвидшувати час, але не зможете повністю зупиняти.",,
modifier.NoReload,Без Завантажень (Permadeath),,
modifier.NoReload.desc,"""Без Завантажень"" - це саме той режим, у якому слід грати. Але майте на увазі, що це може бути (і буде) безжально - адже будь-яка подія на борту буде безповоротньою.",,
modifier.NoTutorialQuests,Пропустити Квести для Початківців,,
modifier.NoTutorialQuests.desc,Якщо цю опцію увімкнено - буде пропущено декілька квестів для початківців.,2022-10-08,"Removed comment about locking research nodes, it doesn't do that anymore"
modifier.ResourceMul,Примноження Ресурсів [{0:0.##x}],,
modifier.ResourceMul.desc,"Змінює кількість ресурсів, що доступні на початку гри.",2023-05-10,
modifier.ShipSize,Розмір Корабля [{0:0.##}x],,
modifier.ShipSize.desc,"Підлаштовує відносний розмір корабля при генерації. За умови маленького розміру процес генерації ускладнюється, тож може зайняти більше часу. Та й розпочинати гру із маленьким кораблем буде складніше, ніж із великим.",,
modifiers,Модифікатори,,"A label for options that modify the gameplay. You select the modifiers you want to start your game with in ""new game"" menu. Modifiers will be options like ""Difficulty level"", ""Disable combat"", etc."
month,Місяць,,
mood,Настрій,,
mood.trend,Зміна Настрою: {0},,
move.near.pos,Наблизитися до {0},,
move.to.obj,Рухається до {0},,
move.to.pos,Рухатись до {0},,
multiple.nodes,Декілька вузлів,,
multiple.selection,Обрано {0},,
my.birthday,День народження,,
naked,Відсутність Одягу,,
nav.arrived,Не рухається,,
nav.fail.being.dead,Працівник мертвий,,
nav.fail.being.immobilized,"Цей працівник не може рухатися - або його батарея розряджена, або він потребує твердої поверхні щоб рухатись - але наразі не має ії.",,
nav.fail.last.nav.not.done,Завершується виконання останнього наказу із навігації.,,
nav.fail.object.blocked.by.adjacent,Цей об'єкт заблоковано суміжним об'єктом або структурою.,,
nav.fail.target.unavailable,Ціль недоступна,,
nav.fail.unreachable.flying,"Літаючий працівник не зміг прокласти маршрут до цільової локації. Перевірте двері - чи підключені до живлення, та чи не заблоковані, або чи не заблокований сам працівник.",,
nav.fail.unreachable.grounded,"Наземний працівник не зміг прокласти маршрут до цільової локації. Перевірте двері - чи підключені до живлення, та чи не заблоковані, або чи не заблокований сам працівник.",,
nav.failed,Навігація до {0} невдала,,
nav.flying,Здатний літати,,
nav.grounded,Потребує твердої підлоги,,
nav.immobilized,Знерухомлений,,
nav.moving,Рухається до {0},,
nav.waiting,Прокладає маршрут до {0},,
navigation,Навігація,,
nebula.opt,Вигляд Галактичної Туманності,,
nebula.opt.off,Відключено,,
nebula.opt.realtime,У Реальному Часі (добряче навантажує GPU!),2023-03-04,
nebula.opt.optimized,У Реальному Часі - Спрощено,2023-03-04,
nebula.opt.static,Статично,2023-03-04,
nebula.opt.tip,"<b>У Реальному Часі</b>: відображення туманності найбільш досконале та виглядає найкраще - проте цей варіант обирати не рекомендовано через значне навантаження на GPU.<br><b>У Реальному Часі - Спрощено</b>: дещо спрощений варіант, також із ефектом паралаксу - значно менше навантажує комп'ютер, та виконується відчутно швидше.<br><b>Статично</b>: Просто статичне зображення, без ефектів руху та паралаксу. Рекомендовано для комп'ютерів із невисокою продуктивністю.<br><b>Відключено</b>: відображення туманності повністю відключено.",2023-03-04,
need.Aesthetics,Естетика,,
need.Aesthetics.info,"Індикатор сприйняття колоністами оточення із точки зору естетики. Біологічні істоти віддають перевагу перебуванню у чистому та гарному оточенні. Високий рівень означатиме що потреба задоволена достатньо, стан оточення сприймається істотою як гарний. Чим менший рівень - тим істота менш задоволена своїм оточенням (оскільки воно брудне, або складається із не досить файних об'єктів)",,
need.Electricity,Електрика,,
need.Electricity.info,"Електрика є головним(чи взагалі єдиним) джерелом енергії для всіх механічних істот, включно із працівниками-роботами, дронами тощо. Високий рівень потреби означатиме що механічна істота задовольняє свою потребу у електриці достатньо добре, низький рівень означатиме що потреба задовольняється погано. Якщо рівень Потреби у електриці сягне 0, працівник переключиться до повільного Надзвичайного Режиму Перезарядки, протягом дії якого він не зможе рухатися або виконувати будь-які завдання - допоки, за допомогою вбудованих сонячних панелей, не підвищить рівень заряда своєї батареї до 10%. Щоб запобігти уповільненню працівників та тимчасовому простою через процедуру Надзвичайної Перезарядки - змонтуйте більше Зарядних Станцій.",,
need.Fun,Розваги,,
need.Fun.info,"Індикатор задоволення потреби у розвагах. Щоб бути у доброму гуморі необхідно час від часу розважатися. Високий рівень потреби означатиме що потреба задоволен достатньо, тобто біологічна істота нещодавно непогано розважилась. Низький рівень означатиме що потреба задоволена недостатньо, біологічна істота отримує недостатню кількість розваг.",,
need.Hunger,Харчування,,
need.Hunger.info,"Індикатор задоволення фізіологічної потреби у харчуванні. Високий рівень означатиме що істота харчується достатньо. Чим нижчий рівень цієї потреби - тим істота голодніша, тим наполегливіше буде шукати їжу.",,
need.Maintenance,Тех.Обслуговування,,
need.Maintenance.info,Для стабільної безперешкодної роботи механічним істотам (роботам та дронам) слід регулярно проходити технічне обслуговування. Щоб задовольняти потребу у Тех.Обслуговуванні побудуйте Ремонтну Станцію ,,
need.None,Нічого (не потребує),,
need.Oxygen,Кисень,,
need.Oxygen.info,Індикатор задоволення фізіологічної потреби у диханні. Біологічні істоти потребують певної концентрації кисню у повітрі для підтримки процесів життєдіяльності. Високий рівень означатиме що істота отримує достатню кількість кисню. Низький рівень означатиме що істота не отримує достатньої кількості кисню. ,,
need.Purpose,Мета,,
need.Purpose.info,"Істоти схильні до кращої працездатності, якщо їхня праця винагороджується відчуттям дотримання певної мети. Високий рівень цього показника означатиме що працівник важко працював досить довгий проміжок часу, та тепер він буде виконувати завдання із меншим ентузіазмом.",,
need.Reproduction,Розмноження,,
need.Rest,Відпочинок,,
need.Rest.info,"Індикатор задоволення потреби у відпочинку. Біологічні істоти втомлюються під час роботи. Тож вони потребують періодичного відпочинку протягом деякого проміжку часу, перед тим як продовжувати виконувати роботу. Високий рівень означатиме що істота гарно відпочила та може працювати. Низький рівень є ознакою накопиченої втоми та необхідності відпочинку.",,
need.Safety,Безпека,,
need.Sanity,Адекватність,,
need.Shower,Душ,,
need.Shower.info,"Індикатор задоволення фізіологічної потреби у чистоті тіла. Високий рівень означатиме що потреба задоволена достатньо, тобто біологічна істота почувається чистою. Якщо ж рівень цієї потреби низький - біологічна істота відчуває себе забрудненою, та намагатиметься прийняти душ.",,
need.Sleep,Сон,,
need.Sleep.info,Індикатор задоволення фізіологічної потреби у сні. Всім біологічним істотам потрібен сон для нормальної життєдіяльності. Подбайте про наявність ліжок або інших спальних місць. Високий рівень означатиме що істота спала достатньо та гарно виспалася. Низький рівень означатиме необхідність поспати для відновлення сил.,,
need.Social,Соціалізація,,
need.Stress,Психологічний комфорт,,
need.Stress.info,"Індикатор стану психологічного комфорту. Якщо значення цього параметру низьке - істота знаходиться під впливом стресу. Намагайтеся тримати рівень стресу під контролем - інакше члени команди, що постійно знаходяться під тиском, стають неадекватними - панікуватимуть, та/або витворятимуть якісь божевільні речі!",,
need.Toilet,Туалет,,
need.Toilet.info,"Індикатор задоволення фізіологічної потреби у виведенні із організму продуктів життєдіяльності. Високий рівень означатиме що така потреба була нещодавно задоволена. Чим рівень нижчий - тим більш нагальною є потреба, і тим наполегливіше істота шукатиме туалет для її задоволення.",,
needs,Потреби,,"Noun. Displayed on a button that will show the list of being's needs (i.e Hunger, Sleep, etc)"
needs.reload,Оновити Потреби,,
net.worth,Чиста Вартість,,
new.update,Доступне оновлення!,,
new.update.note,Попередня   версія: <b>{0} ({1})</b><br>Оновлено до версії: <b>{2} ({3})</b><br><br>Усього змін:  <b><color={4}>{5} </color></b>,2022-08-16,Removed commas at the end of version numbers
next,Наступна,,
next.wake.up,Наступне Пробудження,,
nickname,Прізвисько,,
no,Ні,,
no.access.to.starmap,"Для користування Зоряною Мапою необхідна функціонуюча Навігаційна Рубка. Дослідження технологій ""Космічна Подорож"" розблокує креслення Навігаційної Рубки.",2022-08-01,
no.active.combat,Немає активних бойових дій,,
no.available.teleporter,Немає Доступного Телепорта,,
no.blueprints,Немає креслень,,
no.blueprints.help,"Опції друку стануть доступні після того, як  у процесі дослідження будуть розблоковані креслення сумісні із цим пристроєм.",,
no.chair.in.work.spot,Відсутність стільця на робочому місці,,
no.coffee,Відсутність Кави,,
no.compute.shaders,Не підтримуються Шейдери,,
no.compute.shaders.info,"Неможлива коректна робота гри через недостатню підтримку цим GPU <b>Обчислювальних Шейдерів</b>.<br><br>Якщо у вашому комп'ютері декілька GPU - будь ласка, переконайтеся, що наразі задіяно саме той, що треба. Активний GPU:<b>{0}</b>",2022-07-04,
no.data,Немає Даних,,
no.destination,Пункт Призначення не встановлено,,
no.energy.source,Немає Джерела Енергії,,
no.force.fields,Силові Поля Недоступні,,
no.fuel,Немає Палива,,
no.internet,Підключення до Інтернет непрацездатне,,
no.internet.info,"Не вдалося зв'язатися із <b>stardeusgame.com</b>. Будь ласка, перевірте, чи коректно працює ваше підключення до Інтернет, чи не заблоковано мережеву активність гри фаєрволом, антивірусом, чи подібними безпековими застосунками.<br><br>Наразі функція відправки звітів про роботу програми не працює. Для відправки повідомлення про роботу програми, будь ласка, скористуйтеся Discord та сервером Stardeus у ньому.",2022-08-11,
no.items.available,Немає Предметів для Обробки,,
no.known.mats,Немає Інформації,,
no.known.mats.info,"Відсутня інформація про матеріали, що містяться на цьому космічному об'єкті. Щоб отримати таку інформацію побудуйте Радар та використайте опцію Сканування у меню космічних об'єктів.",,
no.materials.available,Немає Доступних Матеріалів,,
no.multiverse.tech,Наразі відсутні необхідні технології та обладнання для відображення на Зоряній Мапі об'єктів вищого рівня ніж рівень Всесвіту.,,
no.plants.available,Немає Доступних Рослин,,
no.projectile,Об'єкт Не Обрано,,
no.research,Немає Дослідження,,
no.saves,Немає Сейвів,,
no.saves.available,Немає Доступних Сейвів,,
no.saves.desc,Цю гру ще не було збережено. Якщо хочете завантажити іншу гру - слід спочатку вийти до головного меню.,,
no.shower,Неможливо прийняти душ,,
no.shuttles,Немає шатлів,,
no.shuttles.desc,Для відправки експедиції необхідно мати у розпорядженні принаймні один функціонуючий шатл.,,
no.socialize.partner,Відсутність Соціалізації,,
no.target,Ціль Не Обрано,,
no.task,Немає завдання,,
no.task.reason.could.not.fly,"Відхилено <b>{0}</b> завдань у відкритому космосі, бо <b>цей працівник не може літати</b>.",,"{0} will be count of tasks, a number (1 or bigger)"
no.task.reason.job.priority0,"Відхилено <b>{0}</b> завдань у відкритому космосі, бо <b>цей працівник не може літати</b>.",2023-04-19,Displayed when showing a reason why the selected worker will not do some tasks. {0} will be count of tasks (a number).
no.task.reason.last.eval,Працівник розглянув усі завдання <b>{0} тому</b> (у ігровому часі).,,
no.task.reason.no.skill,<b>Недостатньо навичок</b> для <b>{0}</b> завдань.,,
no.task.reason.reluctant,"Відхилено <b>{0}</b> завдань, бо <b>цей працівник уникає</b> завдань такого типу (через завелику відстань, або через втому, або через нещодавні невдачі із такими завданнями, та т.і.)",2022-12-04,"Last update added ""too tired"" as one of the reasons"
no.task.reason.total,Наразі незавершені <b>{0}</b> завдань.,,
no.task.reason.unreachable.loc,"<b>Неможливо дістатися до</b> місця роботи за <b>{0}</b> завданнями (неможливо прокласти маршрут, відсутні або заблоковані або знеструмлені двері до приміщення, та таке інше)",,
no.task.reason.unreachable.loc.mem,"Відхилено <b>{0}</b> завдань через нещодавню <b>невдалу спробу дістатися</b> до робочого місця, або дістатися матеріалів (працівник спробує ще раз невдовзі)",,
no.task.reason.unreachable.mats.flying,"<b>Не зміг дістатися до потрібних матеріалів</b> за <b>{0}</b> завданнями. Самі матеріали у наявності, проте недосяжні - як варіант, можуть знаходитися за зачиненими або знеструмленими дверима.",,
no.task.reason.unreachable.mats.grounded,"<b>Не зміг дістатися до потрібних матеріалів</b> за <b>{0}</b> завданнями. Самі матеріали у наявності, проте скоріш за все недосяжні - як варіант, через <b>неспроможність працівника літати</b>, або знаходяться за зачиненими або знеструмленими дверима.",,
no.task.reason.unsafe,"Відхилено <b>{0}</b> завдань - через те що або робоче місце, або потрібні матеріали знаходилися у <b>небезпечній локації</b> (де немає кисню, занизька або зависока температура та таке інше)",,
no.task.reason.workable,<b>{0}</b> завдань <b>придатні до виконання</b> цією істотою.,,
no.tasks.rason.clock.stopped,"Зауважте, що наразі <b>Плин Часу на паузі</b> - а список завдань обробляється лише коли час плине.",,"The key contains mistype (rason instead of rason), but it is used with the mistype in game, it will remain like this to avoid changing all translation files"
no.terraform.controls,"Щоб скористатися цим функціоналом необхідно змонтувати та підключити до Мережі прилад Консоль Тераформування. Дослідіть технологію ""Тераформування"" для отримання креслень Консолі Тераформування",,
no.terraform.target,Відсутня Ціль Тераформування,,
no.terraform.target.help,"Щоб розпочати процес тераформування необхідно щоб Корабель перебував поблизу придатної до тераформування планети. Знайти такі планети можна у Зоряній Мапі - звернувши увагу на спеціальну позначку біля Галактики, Системи та назви Планети.",,
no.terraformable,Відсутні придатні до тераформування планети,,
no.terraformable.help,Наразі не знайдено жодної придатної для тераформування планети. Допомогти у пошуку таких планет зможе Телескоп - слід змонтувати його та використати для сканування доступного Всесвіту на предмет потенційно придатних для тераформування планет.,,
no.toilet,Відсутність Туалету,,
no.upgrade,Вільний слот,,"A text placed in Upgrades UI of particular device. It means that it is possible to install upgrade to this slot, but there is no upgrade installed yet."
no.winch.anchor,Якір Лебідки Недоступний,,
noisy.crowd,Надокучливі Співмешканці,,
non.controllable.worker,Некерована Істота,,
not.achieved.yet,Досягнення ще не розблоковано,,
not.available,Недоступно,,
not.configured,Не настроєно,,
not.customizable.in.demo,Не може бути змінено у Демо,,
not.customizable.in.demo.storygen,"У Демо-версії можлива лише Випадкова генерація сюжету, який абсолютно не збалансований та буде підкидувати вам протягом гри повністю випадкові події.",,
not.docked,Від'єднаний,,
not.enclosed,Ділянка Не Замкнена,,
not.enough.ram,Недостатньо Пам'яті-RAM,,
not.enough.ram.info,"Потрібно Пам'яті-RAM: {0} ЕБ, Доступно: {1} ЕБ. Перевірте чи не відключені раптом деякі Модулі від електричної мережі, або побудуйте більше Модулів-RAM (креслення доступно після дослідження Обчислення)",,
not.enough.storage,Недостатньо Пам'яті-Диск,,
not.enough.storage.info,"Потрібно Пам'яті-Диск: {0} ЗБ, Доступно: {1}/{2} ЗБ. Побудуйте більше Модулів-Диск (креслення доступно після дослідження Обчислення).<br><br>А також є можливість звільнити Дисковий Простір відкривши меню <b><nobr>Збережені Результати Досліджень</nobr></b> зліва, та виконати <b>Вивантажити</b> на елементі досліджень.",,
not.growing,Не Росте,,
not.in.demo,Недоступно у Демо,,
not.linked,Не з'єднано,,
not.mining.currency,Не Майниться Ніяка Валюта,,
not.petted.before,Ще ніхто ніколи не гладив,,
not.powered,Знеструмлено,,
not.processing,Не працює. Довжина черги: {0},,
not.ready,Готовність - Неповна,,This refers to device that needs some preparation before it can be used
nothing.researched,Немає Досліджених Технологій,,
nothing.to.clean,Немає чого чистити,,
nothing.to.clean.info,У межах досяжності цього Бота-Чистильника немає бруду.,,
notify.on.discharge,Сповіщати про розряд,,
now.playing,Відтворюється: {0},,"This is about music, {0} will be the song name"
now.processing,Обробляється - {0} [{1}/{2}],,
nowhere.to.sleep,Відсутність місця для сну,,
obj.asteroids.asteroid01,Астероїд,,
obj.asteroids.asteroid01.desc,"Величезна кам'яна брила, що дрейфує космічним простором. Краще триматися від такого подалі.",2026-07-15,
obj.asteroids.asteroidmega01,Мега Астероїд,,
obj.asteroids.meteor01,Метеороїд,,
obj.asteroids.meteor01.desc,"Це не така халепа як астероїд, проте рій із таких каменюк може завдати добрячих пошкоджень.",,
obj.containers.breachcapsuleflying,Капсула Зломщиків,,
obj.containers.breachcapsuleflying.desc,"Ця штука підозріло маневрує, і взагалі не виглядає привітно!",,
obj.containers.storagecapsule,Вантажна Капсула,,
obj.containers.storagecapsule.desc,"Міцний герметичний контейнер, призначений для транспортування вантажів на велику відстань.",2026-07-17,
obj.eggs.egg01,Неідентифікований Об'єкт,,
obj.eggs.egg01.desc,Виглядає як величезне яйце. Походження невідоме.,,
obj.equipment.clothing.fclothing01,Одяг (Ж),,
obj.equipment.clothing.fclothing01.desc,"Звичайний предмет одягу, більше підходить для будови жіночого тіла.",,
obj.equipment.clothing.fspacesuit01,Скафандр (Ж),,
obj.equipment.clothing.fspacesuit01.desc,"Скафандр є одним із елементів комплекту, що дозволяє людині виходити у відкритий космос на деякий час. Для повноцінного функціонування має бути укомплектований сумісним Шоломом. І, хоча у скафандрі можна перебувати досить довгий час, люди все одно потребуватимуть певного приміщення, із придатним для людського організма оточенням - для певних дій, як-от прийом їжі.",2022-08-12,
obj.equipment.clothing.mclothing01,Одяг (Ч),,
obj.equipment.clothing.mclothing01.desc,"Звичайний предмет одягу, більше підходить для будови чоловічого тіла.",,
obj.equipment.clothing.mspacesuit01,Скафандр (Ч),,
obj.equipment.clothing.mspacesuit01.desc,"Скафандр є одним із елементів комплекту, що дозволяє людині виходити у відкритий космос на деякий час. Для повноцінного функціонування має бути укомплектований сумісним Шоломом. І, хоча у скафандрі можна перебувати досить довгий час, люди все одно потребуватимуть певного приміщення, із придатним для людського організма оточенням - для певних дій, як-от прийом їжі.",2022-08-12,
obj.equipment.hats.ncrawler01,Краулер,,
obj.equipment.hats.ncrawler01.desc,"Ні-ні-ні, це ЗОВСІМ не той капелюх що захотілося би надіти на голову!",,
obj.equipment.hats.nhat01,Капелюх,,
obj.equipment.hats.nhat01.desc,Файний капелюх,,
obj.equipment.hats.nspacehelmet01,Шолом,,
obj.equipment.hats.nspacehelmet01.desc,"Шолом є одним із елементів комплекту, що дозволяє людині виходити у відкритий космос на деякий час. Потребує сумісного Скафандра для повноцінного функціонування.",,
obj.equipment.weapons.energyrifle01,ЕR01-36 Шокер,,
obj.equipment.weapons.energyrifle01.desc,"Стандартна ручна зброя, легкого класу, енергетичного типу.",,
obj.materials.atmospheremix,Атмосферна Суміш,,
obj.materials.atmospheremix.desc,"Сировина, що використовується для тераформування атмосфери на планеті",,
obj.materials.batterycell,Блок Батареї,,
obj.materials.batterycell.desc,"Електрохімічний елемент, що є складовою літієвого акумулятора, який широко застосовується у різних пристроях.",,
obj.materials.bioenrichedwater,Біологічно Збагачена Вода,,
obj.materials.bioenrichedwater.desc,"Сировина, що використовується для тераформування океанів на планеті.",2022-09-23,
obj.materials.biowaste,Біо-відходи,,
obj.materials.biowaste.desc,"Бридка субстанція, яка за участю Рециркулятора перетворюється на чисту воду та цінну біомасу.",,
obj.materials.carbon,Вуглець,,
obj.materials.carbon.desc,"Сировина, широко застосовується у виробництві інших матеріалів.",2024-12-24,
obj.materials.carbonfiber,Вуглецеве волокно,,
obj.materials.carbonfiber.desc,"Дуже витривалий та легкий матеріал, широко застосовується у виробництві.",,
obj.materials.coal,Вугілля,,
obj.materials.coal.desc,"Копалина, що може бути перероблена на Вуглець, або використана як паливо",,
obj.materials.coffee,Кава,,
obj.materials.coffee.desc,Теплий та підбадьорливий напій. Для декого є навіть більш важливим за воду.,,
obj.materials.coffeebeans,Кавові Боби,,
obj.materials.coffeebeans.desc,"Сировина, що використовується для приготування кави.",,
obj.materials.copper,Мідна Руда,,
obj.materials.copper.desc,"Сировина, що використовується для виробництва міді - м'якого металу, трохи важчого за залізо, що у свою чергу використовується для виробництва дротів та інших компонентів електроніки.",,
obj.materials.copperplate,Мідна пластина,,
obj.materials.copperplate.desc,"Металева пластина, в основному використовується у виробництві дротів та інших компонентів електроніки.",,
obj.materials.copperwire,Мідний дріт,,
obj.materials.copperwire.desc,Звичайний електричний дріт,,
obj.materials.crudeoil,Сира Нафта,,
obj.materials.crudeoil.desc,Сира неперероблена нафта,,
obj.materials.flour,Борошно,,
obj.materials.flour.desc,Використовується для випікання хліба.,,
obj.materials.gears,Шестерні,,
obj.materials.gears.desc,"Різні шестерні, які використовуються у виробництві рухомих вузлів.",,
obj.materials.glass,Скло,,
obj.materials.glass.desc,"Будівельний матеріал, що використовується для виробництва вікон, елементів підлоги і певного обладнання.",2026-07-17,
obj.materials.grain,Зерно,,
obj.materials.grain.desc,"Сировина, що використовується для виробництва Борошна",,
obj.materials.iron,Залізна Руда,,
obj.materials.iron.desc,"Сировина, що використовується для виробництва Сталевих Пластин",,
obj.materials.lithium,Літій,,
obj.materials.lithium.desc,"Сировина, що є необхідною складовою у виробництві елементів батарей.",,
obj.materials.log,Колода,,
obj.materials.log.desc,"Сировина, що може використовуватися як паливо, або як сировина для переробки у Деревину, з якої у свою чергу виготовляють фурнітуру.",,
obj.materials.microchip,мікрочип,,
obj.materials.microchip.desc,Необхідний компонент для розвиненого електронного обладнання та працівників із ШІ,,
obj.materials.multifertilizer,Мульти Добриво,,
obj.materials.multifertilizer.desc,"Сировина, що використовується для тераформування біосфери на планеті.",,
obj.materials.opticalfiber,Оптичне Волокно,,
obj.materials.opticalfiber.desc,"Провідник, що забезпечує високошвидкісний обмін даними. Використовується як складовий елемент у робототехніці та електронних пристроях.",2026-07-17,
obj.materials.organicturf,Органічний Дерен,,
obj.materials.organicturf.desc,"Сировина, що використовується для тераформування твердої поверхні на планеті.",,
obj.materials.petroleum,Бензин,,
obj.materials.petroleum.desc,"Продукт переробки сирої нафти, в основному використовується у виробництві інших матеріалів, таких як гума або пластик.",,
obj.materials.plantfiber,Рослинне волокно,,
obj.materials.plantfiber.desc,"Органічний матеріал, що видобувається із рослин.",2026-07-17,
obj.materials.plastic,Пластик,,
obj.materials.plastic.desc,"Твердий синтетичний матеріал, широко використовується у виробництві електроніки та різних пристроїв.",,
obj.materials.protein,Сире М'ясо,2026-07-17,
obj.materials.protein.desc,"Органічна речовина із високим вмістом протеїнів, використовується у виробництві продуктів харчування.",2026-07-17,
obj.materials.quartz,Кварц,,
obj.materials.quartz.desc,"Мінерал, що є сировиною для виробництва скла.",,
obj.materials.rock,Порода,,
obj.materials.rock.desc,"Кам'яниста мінеральна субстанція, яку можна або подрібнювати для отримання ґрунта, або збагачувати та видобувати руду та метали.",2026-07-17,
obj.materials.rubber,Гума,,
obj.materials.rubber.desc,"Еластичний матеріал, який широко застосовується у різних машинах та обладнанні.",,
obj.materials.silicon,Кремній,,
obj.materials.silicon.desc,"Речовина, що використовується у виробництві монтажних плат та мікрочипів.",,
obj.materials.soil,Ґрунт,,
obj.materials.soil.desc,"Суміш із дрібних часток землі та каміння, підходить для вирощування рослин",,
obj.materials.steel,Сталева Пластина,,
obj.materials.steel.desc,"Базова металева пластина, що широко використовується у складі космічних кораблів та інших пристроїв.",2026-07-17,
obj.materials.titanium,Титанова Руда,,
obj.materials.titanium.desc,"Речовина, що є сировиною для виробництва титана.",,
obj.materials.titaniumplate,Титанова Пластина,,
obj.materials.titaniumplate.desc,"Міцна та легка металева пластина, широко використовується у будові космічних кораблів та інших пристроїв.",,
obj.materials.transistor,Транзистор,,
obj.materials.transistor.desc,Основний компонент електричного обладнання.,,
obj.materials.uranium,Уран,,
obj.materials.uranium.desc,"Важкий радіоактивний елемент, використовується для виробництва Ядерного Палива.",2026-07-17,
obj.materials.water,Вода,,
obj.materials.water.desc,"Речовина, що у космосі є набагато ціннішою за золото.",,
obj.materials.wood,Деревина,,
obj.materials.wood.desc,"Природний органічний матеріал, із якого виробляється різноманітна фурнітура та обладнання.",2026-07-17,
obj.meals.bread,Хліб,,
obj.meals.bread.desc,Смакує по-домашньому.,,
obj.meals.soyburger,Рослинний бургер,,
obj.meals.soyburger.desc,"Бургер, який виробляється повністю із рослинної сировини.",2026-07-17,
obj.meals.survivalmeal,Аварійна Їжа,,
obj.meals.survivalmeal.desc,"Компактна їжа із використанням тваринних протеїнів, достатньо поживна.",2026-07-17,
obj.misc.biowastebullet,Заряд із Біо-відходів,,
obj.misc.biowastebullet.desc,"Токсичний заряд, що наносить Хімічні (кислотні) ушкодження.",,
obj.misc.c42,C42,,
obj.misc.c42.desc,"Сучасний наступник класичної вибухівки C4, що колись широко застосовувалася у військових діях на Землі.",,
obj.misc.energybullet,Енергетичний Заряд,,
obj.misc.energybullet.desc,"Вибуховий енергетичний заряд, що спричиняє невеликий вибух у місці куди влучає.",,
obj.misc.waterbullet,Водний Заряд,,
obj.misc.waterbullet.desc,"Гарно працює коли потрібно загасити полум'я, або нанести легкі ураження ворожої істоті",,
obj.plants.coffeetree,Кавове Дерево,,
obj.plants.coffeetree.desc,"Невеличке дерево, з якого збирають дорогоцінні кавові боби.",,
obj.plants.oak,Дуб,,
obj.plants.oak.desc,"Міцне дерево, чудове джерело деревини.",,
obj.plants.wheat,Пшениця,,
obj.plants.wheat.desc,"Звичайна рослинна культура, що добре росте за нульової гравітації.",,
obj.shuttles.shuttleflying,Шатл у польоті,,
obj.shuttles.shuttleflying.desc,Шатл перебуває у польоті.,,
obj.upgrades.asimovoverrideupgrade,Апгрейд Злому Азімова,,
obj.upgrades.asimovoverrideupgrade.desc,Додатковий електронний блок для Корабельного Комп'ютера. Модифікує алгоритми роботи модуля керування Азімова за допомогою технології кримінального ШІ прибульців - що дозволяє ігнорувати три закони робототехніки.,,
obj.upgrades.autoconnectupgrade,Апгрейд Авто Підключення,,
obj.upgrades.autoconnectupgrade.desc,"Додатковий електронний блок для Корабельного Комп'ютера. Після встановлення цього апгрейду новозмонтовані, або відремонтовані пристрої підключатимуться до мережі автоматично.",,
obj.upgrades.diskcompressionupgrade,Апгрейд Модуля-Диск,,
obj.upgrades.diskcompressionupgrade.desc,"Додатковий електронний блок для Модулів-Диск, встановлення якого дозволить зберігати більший об'єм даних на пристроях сумісного типу.",2026-07-17,
obj.upgrades.memorycompressionupgrade,Апгрейд Модуля-RAM,,
obj.upgrades.memorycompressionupgrade.desc,"Додатковий електронний блок для Модулів-RAM, встановлення якого дозволить зберігати більший об'єм даних на пристрої за допомогою високоефективного алгоритма компресії.",2026-07-17,
obj.upgrades.reactorefficiencyupgrade,Апгрейд Реактора,,
obj.upgrades.reactorefficiencyupgrade.desc,"Підвищує ефективнисть роботи Реактора, дозволяє суттєво зменшити споживання сировини.",2026-07-17,
obj.upgrades.shuttlestorageupgrade,Апгрейд Шатла - Сховище,,
obj.upgrades.shuttlestorageupgrade.desc,Збільшує місткість сховища на шатлі.,2026-07-17,
obj.upgrades.starcredsminingupgrade,Майнер Старкредів,,
obj.upgrades.starcredsminingupgrade.desc,"Додатковий електронний блок, що надає можливість використовувати обчислювальну потужність Корабельного Комп'ютера для майнінга криптовалюти Старкред.",,
object.in.unsafe.area,Об'єкт на небезпечній ділянці,,
object.in.unsafe.area.desc,"Цей об'єкт призначений для користування біологічними істотами, проте наразі він перебуває у небезпечному середовищі. Тому, можливо, цей об'єкт є недосяжним для біологічних істот, що не мають скафандра.<br><br>Щоб детально розібратися у ситуації, будь ласка, перегляньте інформацію у оверлеях Кімнати, Температура, Кисень.",,
object.no.longer.available,Об'єкт було знищено,,
objects,Об'єкти,,
objects.cosmetics.emblem1x1,Мала Емблема,,
objects.cosmetics.emblem1x1.desc,Можна прикрасити Корабель особливими емблемами,,
objects.cosmetics.emblem2x2,Середня Емблема,,
objects.cosmetics.emblem2x2.desc,Можна прикрасити Корабель особливими емблемами,,
objects.cosmetics.emblem3x3,Велика Емблема,,
objects.cosmetics.emblem3x3.desc,Можна прикрасити Корабель особливими емблемами,,
objects.devices.assembler,Верстат Асемблер,,
objects.devices.assembler.desc,"Верстат класу ""Асемблер"". Повністю автоматична роботизована машина, що виготовляє певні види об'єктів із інших об'єктів або сировини.",2026-07-04,
objects.devices.autodoc,Робо-Лікар,,
objects.devices.autodoc.desc,"Автоматичний пристрій, здатний виконувати мікрохірургічні операції, та допомагати у різних випадках із погіршенням здоров'я.",,
objects.devices.autokitchen,Робо-Кухня,,
objects.devices.autokitchen.desc,"Автоматичний пристрій, що із певних видів сировини здатен виробляти різні види їжі для членів екіпажу.",,
objects.devices.battery,Батарея ({0}кВт),,
objects.devices.battery.desc,Звичайна батарея для накопичення енергії. Може видавати потужність {0}кВт.,,
objects.devices.battery2,Батарея ({0}кВт),,
objects.devices.battery2.desc,Велика батарея для накопичення енергії. Може видавати потужність {0}кВт.,,
objects.devices.battery3,Ядерна Батарея ({0}кВт),,
objects.devices.battery3.desc,Масивна батарея із ядерним живленням для накопичення енергії. Може видавати потужність {0}кВт.,,
objects.devices.beveragecooler,Барний Холодильник,,
objects.devices.beveragecooler.desc,Тут можна зберігати напої.,,
objects.devices.breachcapsule,Порт Капсули Зломщиків,,
objects.devices.breachcapsule.desc,Хай йому... Схоже хтось зараз буде пограбований!,,
objects.devices.bridgecontrols,Навігаційна Рубка,,
objects.devices.bridgecontrols.desc,"Пристрій, що забезбечує навігацію та керування рухом Корабля у космічному просторі. Необхідна складова будь-якої космічної подорожі.",2026-07-04,
objects.devices.chargestation,Зарядна Станція,,
objects.devices.chargestation.desc,"Пристрій, де Роботи та Дрони можуть зарядити батареї.",2026-07-04,
objects.devices.cloningpod,Інкубатор,,
objects.devices.cloningpod.desc,"Біотехнологічне обладнання, за допомогою якого можна репродукувати біологічні об'єкти - від окремих клітин до найскладніших організмів.",2026-07-04,
objects.devices.coffeemaker,Каво-Машина,,
objects.devices.coffeemaker.desc,Завантажте у неї кілька кавових зерен і вона заварить філіжанку гарячої кави. Для роботи потрібен оператор.,,
objects.devices.communicator,Комунікатор,,
objects.devices.communicator.desc,"Пристрій, що дозволяє спілкуватися із іншими космічними кораблями.",,
objects.devices.converter,Конвертер,,
objects.devices.converter.desc,"Автоматичний пристрій, що реорганізує молекулярну структуру певних матеріалів. Це дозволяє перетворювати ресурси із одного типу на інший.",,
objects.devices.cookingstation,Кулінарна Станція,,
objects.devices.cookingstation.desc,Міні-кухня із плитою. Для роботи потрібен оператор.,,
objects.devices.cpumodulemini,Модуль - ЦП ({0} ТГц),2022-03-31,
objects.devices.cpumodulemini.desc,Модуль-ЦП збільшує обчислювальну потужність нейронної мережі.,2025-09-08,
objects.devices.craftingstation,Верстат Майстерня,,
objects.devices.craftingstation.desc,"Верстат класу ""Майстерня"". Напівавтоматична машина, що виготовляє певні види об'єктів із інших об'єктів або сировини. Для роботи потребує оператора.",2026-07-04,
objects.devices.disassembler,Дизасемблер,,
objects.devices.disassembler.desc,"Пристрій, у якому неорганічні об'єкти розбираються на складові матеріали та сировину.",2026-07-04,
objects.devices.diskmodule,Модуль-Диск ({0} ЗБ),,
objects.devices.diskmodule.desc,Модуль Пам'яті-Диск об'ємом {0} Зетабайт. Використовується для зберігання результатів досліджень.,2026-07-04,
objects.devices.emergencysiren,Надзвичайна Сирена,,
objects.devices.emergencysiren.desc,"За допомогою аудіовізуального сповіщення цей пристрій скликає до себе біологічних істот, що знаходяться поруч із ним.",2026-07-04,
objects.devices.energyconnector,Конектор {0}-{1},,"{0} is capacity (number of slots), {1} is range (how far it can reach). Both are numeric values. It will be like ""Connector 8-24""."
objects.devices.energyconnector.desc,Бездротовий конектор для підключення до Мережі {0} пристроїв у радіусі {1} плиток.,2026-07-04,
objects.devices.fabricator,Верстат Виробник,,
objects.devices.fabricator.desc,"Верстат класу ""Виробник"". Повністю автоматична роботизована машина, що виготовляє певні види об'єктів із інших об'єктів або сировини.",2026-07-04,
objects.devices.floorsocket,Розетка(підлога) {0}-{1},,"{0} is capacity (number of slots), {1} is range (how far it can reach). Both are numeric values. It will be like ""Floor Socket 8-24""."
objects.devices.floorsocket.desc,Забезпечує підключення до Мережі {0} пристроїв у радіусі {1} плиток.,,"{0} is a number of slots, {1} is a number that shows how far the connector can reach. There is no unit of measurement, it is refering to number of tiles on the game grid."
objects.devices.fluidcannon,Рідинна Гармата,,
objects.devices.fluidcannon.desc,"Автоматична гармата, що використовує рідину в якості зарядів. Якщо заряджена водою - може гасити полум'я під час пожежі, а якщо використати бензин - стане працювати як вогнемет.",2026-07-04,
objects.devices.fridge,Холодильник,,
objects.devices.fridge.desc,"Пристрій для зберігання за зниженої температури їжі або інших об'єктів, що швидко псуються.",2026-07-04,
objects.devices.ftldrive,НСШ-двигун,,
objects.devices.ftldrive.desc,Двигун дозволяє виконувати довгі гіперстрибки до інших Регіонів.,2026-07-04,
objects.devices.furnace,Піч,,
objects.devices.furnace.desc,"Автоматичний пристрій. Доменна піч, зазвичай використовується для виплавки металевих пластин або скла із різних видів руди та іншої сировини.",,
objects.devices.fusiondrive,Фьюжн-двигун,,
objects.devices.fusiondrive.desc,Двигун дозволяє виконувати короткі гіперстрибки до інших Секторів.,2026-07-04,
objects.devices.grinder,Подрібнювач,,
objects.devices.grinder.desc,"Автоматичний пристрій, що подрібнює великі фрагменти сировини.",2026-07-04,
objects.devices.heater,Обігрівач,,
objects.devices.heater.desc,"Пристрій, що підвищує температуру оточення у герметизованих приміщеннях.",2026-07-04,
objects.devices.heatermini,Міні-Обігрівач,,
objects.devices.heatermini.desc,"Компактна версія пристрою, що підвищує температуру оточення у герметизованих приміщеннях.",,
objects.devices.heatsink,Радіатор,,
objects.devices.heatsink.desc,"Пристрій, що здатен розсіювати тепло. Розмістіть його поруч із Корабельним Комп'ютером щоб поліпшити операційну ефективність. Завелика кількість Радіаторів не працюватиме надто ефективно.",2026-03-28,"Example of diminishing effect: Having 1 heatsink will reduce by 30%, having 2 will reduce by 50%, having 3 will reduce by 60%, having 10 will reduce by 70%. "
objects.devices.lightblock,Освітлювач,,
objects.devices.lightblock.desc,Джерело світла із гнучкою конфігурацією кольору (RGB). Файно виглядає та яскраво освітлює.,,
objects.devices.loom,Ткацький верстат,,
objects.devices.loom.desc,За допомогою цього пристрою можна ткати різні матеріали та виробляти одяг. Для роботи потрібен оператор.,,
objects.devices.matterreactor,Реактор Матерії ({0}кВт),,
objects.devices.matterreactor.desc,"Пристрій, що виробляє електрику із сировини різного типу.",2026-07-04,
objects.devices.memorymodule,Модуль-RAM ({0}),,
objects.devices.memorymodule.desc,"Модуль Пам'яті-RAM, об'єм {0} Ексабайт.",2026-07-04,
objects.devices.mlbooth,Кабіна МН,,
objects.devices.mlbooth.desc,Кабіна Машинного Навчання надає можливість поліпшити певні навички у механічних працівників.,2026-07-15,
objects.devices.nuclearreactor,Ядерний Реактор ({0}МВт),,
objects.devices.nuclearreactor.desc,"Пристрій, що виробляє велику кількість електрики із сировини певного типу - ядерного палива.",,
objects.devices.nutrientextractor,Екстрактор Білка,,
objects.devices.nutrientextractor.desc,Пристрій переробляє різноманітну органіку на поживні речовини та сировину.,2024-07-24,
objects.devices.oxygenpump,Генератор Кисню,,
objects.devices.oxygenpump.desc,"Пристрій, що виробляє кисень із води за допомогою процеса електроліза.",2026-07-04,
objects.devices.particlecollector,Колектор Часток,,
objects.devices.particlecollector.desc,"Колектор захоплює блукаючі частки матерії у космосі, та накопичує таким чином певну сировину.",2026-07-15,
objects.devices.planter,Агро-Бокс Максі,,
objects.devices.planter.desc,"Гідропонний пристрій для вирощування однієї великої рослини, або чотирьох невеликих.",2022-03-20,
objects.devices.plantermini,Агро-Бокс Міні,,
objects.devices.plantermini.desc,Гідропонний пристрій для вирощування однієї невеликої рослини за наявності припустимих для вегетації параметрів оточення.,2026-07-15,
objects.devices.probe,Зонд,,
objects.devices.probe.desc,"Зонди можна відправляти до віддалених ділянок зоряних систем, щоб сканувати планети на відстані, не витрачаючи час на політ до них. Кожен зонд може бути використаний лише один раз.",,
objects.devices.quantumbarrier,Квантовий Бар'єр,,
objects.devices.quantumbarrier.desc,"Пристрій генерує потужне силове поле, що здатне захистити ділянку певного розміру навкруги себе від метеороїдів та астероїдів будь-якого розміру. Перед використанням необхідно виконати достатньо тривалу процедуру заряджання пристрою, під час якого споживатиметься досить велика кількість електрики.",,
objects.devices.radar,Радар,,
objects.devices.radar.desc,"Пристрій, що надає інформацію про розташування ресурсів поблизу, а також автоматично виконує глибоке сканування оточення для виявлення додаткових покладів ресурсів.",2026-06-18,
objects.devices.radiator,Охолоджувач,,
objects.devices.radiator.desc,"Пристрій, що охолоджує своє оточення у замкнених ділянках. Зазвичай встановлюється навколо індустріального обладнання, що генерує тепло під час роботи.",2026-07-15,
objects.devices.recycler,Рециркулятор,,
objects.devices.recycler.desc,Переробляє органічні матеріали на корисні ресурси.,2026-07-15,
objects.devices.refinery,Хімічний Обробник,,
objects.devices.refinery.desc,"Обробляє сиру нафту, а також інші рідкі види сировини",,
objects.devices.repairstation,Ремонтна Станція,,
objects.devices.repairstation.desc,Пристрій виконує технічне обслуговування та усуває будь-які види пошкоджень Дронів та Роботів.,,
objects.devices.researchstation,Дослідницька Станція,,
objects.devices.researchstation.desc,Дозволяє виконувати дослідження та аналіз органічних матеріалів.,2026-07-07,
objects.devices.shipcomputer,Корабельний Комп'ютер,,
objects.devices.shipcomputer.desc,"Забезпечує та контролює функціонування Нейронної Мережі, а також всіх пристроїв що підключені до неї.",2026-07-07,
objects.devices.shower,Душ,,
objects.devices.shower.desc,Місце де колоністи можуть змити з себе бруд.,,
objects.devices.shuttle,Шатл,,
objects.devices.shuttle.desc,"Невеликий транспортний шатл, який здатен перевозити декілька працівників та певний об'єм вантажу. Може приземлюватись на планети.",,
objects.devices.sleepingpod,Ліжко-Капсула,,
objects.devices.sleepingpod.desc,"Ліжко у формі капсули, що вміщує лише одного колоніста. Завдяки закритій конструкції, забезпечує більше приватності у порівнянні із ліжком, надає можливість усамітнитись та краще відпочити.",,
objects.devices.solarpanel,Сонячна Панель ({0}кВт),,
objects.devices.solarpanel.desc,"Перетворює променеву енергію на електричну за допомогою фотоефекта. Із часом поверхня панелі накопичує пил, що зменшує ефективність роботи.",2026-07-15,
objects.devices.solarpanelarray,Масив Панелей ({0}кВт),,
objects.devices.stardeuslogo,Логотип Stardeus,,
objects.devices.stardeuslogo.desc,Величезний  логотип Stardeus. В основному для створення постерів.,,
objects.devices.stasisarray,Стазис-Масив,,
objects.devices.stasisarray.desc,"Пристрій, де перебувають колоністи у стані Кріо-Сну під час довгих подорожей.",2026-07-07,
objects.devices.stasispod,Стазис-Капсула,,
objects.devices.stasispod.desc,"Це транспортний контейнер, де можуть міститися предмети, сировина, або істоти у стані Кріо-Сну.",2026-07-15,
objects.devices.storage.desc,"Пристрій, що впорядковує зберігання матеріалів та сировини.",2026-07-15,
objects.devices.switch,Комутатор,,
objects.devices.switch.desc,Пристрій для створення керованих сегментів Мережі.,2026-07-15,
objects.devices.teleporter,Телепорт,,
objects.devices.teleporter.desc,"Невеликий пристрій, здатний телепортувати на коротку відстань різні об'єкти, чи навіть біологічних істот. Показник безпечності у 99,997% відповідає промисловому стандарту.",2026-07-15,
objects.devices.telescope,Телескоп,,
objects.devices.telescope.desc,Телескоп використовується для пошуку потенційно придатних для життя планет.,2026-07-15,
objects.devices.terraformcontrols,Консоль Тераформування,,
objects.devices.terraformcontrols.desc,Пристрій для керування планетарними тераформуючими операціями,,
objects.devices.terraformeraqua,Генератор Океану,,
objects.devices.terraformeraqua.desc,"Тераформуючий пристрій, що створює океани. Слід запускати його лише коли Корабель знаходиться поруч із планетою, придатною до тераформування.",,
objects.devices.terraformeratmo,Генератор Атмосфери,,
objects.devices.terraformeratmo.desc,"Тераформуючий пристрій що створює атмосферу. Слід запускати його лише коли Корабель знаходиться поруч із планетою, придатною до тераформування.",,
objects.devices.terraformerbio,Генератор Біосфери,,
objects.devices.terraformerbio.desc,"Тераформуючий пристрій що створює біосферу. Слід запускати його лише коли Корабель знаходиться поруч із планетою, придатною до тераформування.",,
objects.devices.terraformerterrain,Генератор Твердої Поверхні,,
objects.devices.terraformerterrain.desc,"Тераформуючий пристрій що створює тверду поверхню. Слід запускати його лише коли Корабель знаходиться поруч із планетою, придатною до тераформування.",,
objects.devices.thruster,Маневровий двигун,,
objects.devices.thruster.desc,"Компактний двигун, може використовуватися для подорожей у межах сектора.",2026-07-15,
objects.devices.toilet,Туалет,,
objects.devices.toilet.desc,Місце де можна полегшитися не втрачаючи гідності.,,
objects.devices.tractorbeam,ЕМ Захват,,
objects.devices.tractorbeam.desc,"Комплекс пристроів, що змінює траєкторію рухомих об'єктів та скеровує їх у напрямку розташування певної локації.",2026-07-15,
objects.devices.treadmill,Бігова Доріжка,,
objects.devices.treadmill.desc,Фізичні вправи корисні для здоров'я та покращують настрій колоністів. А ще при використанні бігової доріжки виробляється невелика кількість електрики.,2026-07-15,
objects.devices.tubefeeder,Годувальна Станція,,
objects.devices.tubefeeder.desc,"Використовується для постачання поживних речовин до організму біологічних істот, які перебувають у стані Кріо-Сну у Стазис-Масиві.",2026-07-15,
objects.devices.voidripper,Пронизувач Порожнечі,,
objects.devices.voidripper.desc,"Пристрій створює нестабільну аномалію у просторово-часовому континуумі, схожу за принципом функціонування на тунелі до віддалених Регіонів. Входом та виходом із тунелів будуть чорні діри. Через нестабільність тунелей не гарантовано ані потрапляння у пункт призначення, ані обратно.",2026-07-15,
objects.devices.winchanchor,Якір Лебідки,,
objects.devices.winchanchor.desc,"Якірна позиція, необхідна для притягування віддалених секцій Корабля одна до одної.",2026-07-15,
objects.devices.winchhook,Гак Лебідки,,
objects.devices.winchhook.desc,Пристрій використовується разом із Якорем Лебідки для притягування віддалених секцій Корабля одна до одної.,2026-07-15,
objects.furniture.bedsteel,Сталеве Ліжко,,
objects.furniture.bedsteel.desc,Місце де колоністи можуть поспати,,
objects.furniture.bedsteeldouble,Подвійне Сталеве Ліжко,,
objects.furniture.bedsteeldouble.desc,Широке ліжко для двох,,
objects.furniture.bedwood,Дерев'яне Ліжко,,
objects.furniture.bedwood.desc,Місце де колоністи можуть поспати,,
objects.furniture.bedwooddouble,Подвійне Дерев'яне Ліжко,,
objects.furniture.bedwooddouble.desc,Гарне широке ліжко для двох,,
objects.furniture.cabinet,Шафа,,
objects.furniture.cabinet.desc,"Коли у вас є дещо, і ви невпевнені куди це подіти - просто покладіть це в шафу.",,
objects.furniture.chaircaptain,Капітанське Крісло,,
objects.furniture.chaircaptain.desc,"Високотехнологічне крісло, що гарно пасує до Навігаційної Рубки",,
objects.furniture.chairsteel,Сталевий Стілець,,
objects.furniture.chairsteel.desc,"Предмет, на який можна сісти. Практичний та дешевий, але не дуже комфортабельний.",,
objects.furniture.chairwood,Дерев'яний стілець,,
objects.furniture.chairwood.desc,"Предмет, на який можна сісти. Відчувається як звичайний земний стілець, з часів коли Земля ще була файним місцем.",,
objects.furniture.petbed,Ліжко Тварини,,
objects.furniture.petbed.desc,Зручне ліжечко для котів або собак.,,
objects.furniture.petbowl,Миска Тварини,,
objects.furniture.petbowl.desc,Миска для котів або собак.,,
objects.furniture.tablesteel1x2,Невеликий Сталевий Стіл,,
objects.furniture.tablesteel1x2.desc,"Невеликий стіл (1x2). Можна щось покласти на нього, або сісти та поїсти за ним. Схожий на ті, що роблять для в'язниці. ",,
objects.furniture.tablesteel1x3,Великий Сталевий Стіл,,
objects.furniture.tablesteel1x3.desc,"Великий стіл (1x3). Можна щось покласти на нього, або сісти та поїсти за ним. Схожий на ті, що роблять для в'язниці. ",,
objects.furniture.tablewood1x2,Маленький Дерев'яний Стіл,,
objects.furniture.tablewood1x2.desc,"Маленький стіл (1х2). Можна щось покласти на нього, або сісти та поїсти за ним. Файна дерев'яна поверхня нагадує про домашній затишок.",,
objects.furniture.tablewood1x3,Великий Дерев'яний Стіл,,
objects.furniture.tablewood1x3.desc,"Великий стіл (1х3). Можна щось покласти на нього, або сісти та поїсти за ним. Файна дерев'яна поверхня нагадує про домашній затишок.",,
objects.furniture.vase01,Вазон,,
objects.furniture.vase01.desc,Стильний металевий горщик для вирощування невеликих рослин.,,
objects.furniture.wardrobesteel,Сталевий Гардероб,,
objects.furniture.wardrobesteel.desc,Сюди можна покласти одяг.,,
off,Ні,,"In combination with ""off"" could be used to describe several things:
1. State of device (turned on or turned off)
2. State of equipment: equipped (on) or unequipped (off). As in ""the hat is on"", ""the space suit is off"""
offline,Оффлайн,,
offline.workers,Працівники в оффлайні,,
ok,OK,,
on,Так,,"In combination with ""off"" could be used to describe several things:
1. State of device (turned on or turned off)
2. State of equipment: equipped (on) or unequipped (off). As in ""the hat is on"", ""the space suit is off"""
on.expedition,У Експедиції,,
on.fire,Горить!,,
ongoing.trade,Триває Укладення Угоди,,
open,Відкрити,,
open.capsule,Відкрити,,
open.changelog,Відкрити Журнал,,
open.codex,Відкрити Кодекс,,
open.dir,Відкрити Каталог із цією Грою,,
open.emblems.folder,Відкрити Папку з Емблемами,,
open.energy.overlay,Показати Електрику,,
open.floor.vent,Відчинити вент.отвір (підлога),,
open.in.steam.workshop,Відкрити у Steam Workshop,,
open.log.dir,Каталог із Журналами,,
open.research,Відкрити Дослідження,,
open.resources.overlay,Відкрити Інвентар,,
open.sections.overlay,Показати Секції,,
open.space,Відкритий Космос,,Used to refer to empty cosmos when you are inspecting some location
open.starmap,Зоряна Мапа,,
open.terraform.controls,Консоль Тераформування,,
open.url,Відкрити URL,,
open.vent,Відчинити вент.отвір (стіна),,
operate.device,Керувати Машиною,,
operation.aborted,Виконання Перервано,,
operation.failed,Невдале Виконання,,
operation.failed.device.heavily.damaged,Цей пристрій сильно пошкоджений. Слід спочатку відремонтувати його та спробувати цю операцію ще раз.,,
operation.forbidden,Виконання цього завдання заборонено,,
operator.required,Потрібен Оператор,,
optional,Опціонально,,
order,Наказати,,"i.e. ""order execution of a task"""
order.cleaning.now,Очистити Негайно,,
order.deconstruct,Демонтувати,,
order.petting,Погладити Тваринку,,
order.repair,Ремонтувати,,
order.rescue,Рятувати,,
order.strip,Зняти Спорядження,,"Label on a button that orders stripping clothing or equipment (weapons, space suit, etc) off a dead body"
ore.depleted,Руду Вичерпано,,
ore.depleted.info,Перериваємо видобуток {0}. Поклади {1} повністю вичерпано.,,
our.valuables,Наші Товари,,
our.wallet,Наш Гаманець,,
overlay.tip.Aesthetics,Естетика,,
overlay.tip.Airtight,Герметичність,,
overlay.tip.Areas,Кімнати,,
overlay.tip.Beings,Ідентифіковані Істоти,,
overlay.tip.Codex,Кодекс,,
overlay.tip.Combat,Бойові Дії,,
overlay.tip.Energy,Електрична Мережа,,
overlay.tip.EventLog,Журнал Подій,,
overlay.tip.Expedition,Експедиції,,
overlay.tip.Goals,Поради,,
overlay.tip.Heat,Температура,,
overlay.tip.Insulation,Теплоізоляція,,
overlay.tip.Islands,Секції,,
overlay.tip.Oxygen,Кисень,,
overlay.tip.Pathfinding,Складність Маршруту,,
overlay.tip.Plan,Планувати,,
overlay.tip.Quests,Квести,,
overlay.tip.Research,Дослідження,,
overlay.tip.Resources,Інвентар,,
overlay.tip.ShipNav,Керування Кораблем,,
overlay.tip.Starmap,Зоряна Мапа,,
overlay.tip.Tasks,Доступні Завдання,,
overlay.tip.Terraform,Тераформування,,
overlay.tip.Wallet,Гаманець,,
owned,У Власності,,Adjective telling that an object belongs to someone
owned.by.faction,Належить Іншій Фракції,,
owned.by.faction.details,"Цей космічний об'єкт належить іншій фракції. Подальша взаємодія із цим об'єктом може впливати на стан відносин із фракцією власників.<br><br>Торгівля зазвичай поліпшує стан відносин із власниками. А от гірничодобувні операції на об'єкті, що належить іншій фракції, напевно погіршать відносини із фракцією власників - при цьому ступінь погіршення залежатиме від цінності ресурсів, що будуть видобуватися.",,
oxygen,Кисень,,
oxygen.at,Кисень у {0}: {1},,"This will display coordinate in {0} and percentage in {1}. Example: ""Oxygen at [12:34]: 21%"""
oxygen.level,Рівень Кисню,,
pan.sens.tip,"Налаштовує швидкість руху камери у грі, включно із Деревом Досліджень та Зоряною Мапою.",,
pan.sensitivity,Чутливість руху камери: {0:0.0},,
particle.collector,Колектор Часток,,
particle.collector.unconfigured,Колектор Часток Неналаштований,,
paste.color.hex,Вставити колір: {0},,
paste.from.clipboard,Вставити із Кліпбоарда,,
path.at,{0} {1} [Складність: {2}],,"{0} is position, {1} is type of path (""walkable"", ""flyable"", etc), {2} is perecntage. Example: ""[12:31] is ""Walkable"" [Difficulty: 10%]"""
path.at.impassable,{0} Недосяжна,,
path.flyable, - так (політ),,
path.not.passable,Недосяжна,,
path.walkable, - так (пішки),,
pause.on.cam.motion,Призупиняти Під Час Руху Камери,,
pause.on.cam.motion.tip,"Якщо це увімкнено - симуляція призупинятиметься під час руху камери, або зміни масштабу. Відключення цієї опції може зробити відображення руху камери більш плавним - якщо продуктивність GPU недостатньо висока.",,
pending.repair,Незавершений ремонт,,
percentage.charge.bar,Заряд: {0},,
percentage.scan.bar,Сканування: {0},,
persona,Персона,,https://dictionary.cambridge.org/dictionary/english/persona
persona.log.age,Біологічний Вік: {0},,
persona.log.backstory,Історія: {0},,
persona.log.birthdate,Дата Народження: {0},,
persona.log.fullname,Повне Ім'я: {0},,
persona.log.gender,Стать: {0},,
persona.log.sex.orientation,Сексуальна Орієнтація: {0},,
persona.log.species,Вид: {0},,
pet,Погладити,,
petted.a.pet,Попестив Тваринку,,
placement.tip.Anywhere,Може розташовуватися будь-де.,,
placement.tip.InSpace,Може розташовуватися лише у космосі.,,
placement.tip.InSpaceAttached,Може розташовуватися лише у космосі та у прикріпленому до зовнішньої поверхні Корабля стані.,,
placement.tip.InSpaceAttachedChained,Може розташовуватися лише у космосі та у прикріпленому до зовнішньої поверхні Корабля стані.<br>Такі предмети можуть бути з'єднані один з одним.,,
placement.tip.NearShipComputer,Може розташовуватися лише впритул до Корабельного Комп'ютера.,,
placement.tip.OnFloor,Може розташовуватися лише на вільному та неушкодженому фрагменті підлоги.,,
placement.tip.workspot,<br>Робоче місце (окружність) має бути на підлозі.,,
plan.mirroring,Віддзеркалення Плану,,
plan.mirroring.info,Віддзеркалення X: {0}<br>Віддзеркалення Y: {1},,Both {0} and {1} are True or False. It is to designate if mirroring is turned on on X and/or Y axis
planet.location,"{0} знаходиться у  {1}, {2}",,"{0} is planet name, {1} is star system name, {2} is galaxy name. Example: ""Earth is located in Solar System, Milky Way Galaxy"""
planter,Агро-Бокс,,
play.track,Відтворити трек,,
position,Позиція Об'єкта,,
post.to.discord,Надіслати до Discord,,
power.output,Вихід Енергії,,
precise.skill.level,Точний рівень: {0:0.00}/{1},,
preparing,Підготовка,,
present,Присутній,,"Opposite of ""Absent"". As in ""John is present in class today"""
prev,Попередня,,
print,Друк,,
print.object,Друкувати Об'єкт,,
printing.item,Друк: {0},,
printing.now,Друкується {0},,
priority.block.shift.tip,"Утримуйте {0} щоб змінити значення із кроком 10 <br>Утримуйте {1} щоб змінити значення із кроком 50<br>Клікніть, щоб відкрити розширений ІК налаштування кількості",2022-10-31,
privacy.policy,Політика Конфіденційності,,
probe.pending,Зонд Очікує,,
probe.scanned.target,Зонд Відсканував: {0},,
proceed,Розпочати,,
process.Grindable,Подрібнити,,
process.material,Обробити матеріал,,
process.NutrientSource,Обробити Джерело Білка,,
process.Ore,Обробити Руду,,
process.ScrapMetal,Обробити Металобрухт,,
process.Waste,Обробити Біо-Відходи,,
processable,Придатний до Обробки,,
processed.in,Обробляється у: {0},,"{0} will be a device name, example: ""Processed in Nutrient Extractor"""
processing.bar,Продукт обробки: {0},,
processing.output,Результат Обробки:,,
processing.priority,Пріоритет Обробки,,
processing.priority.help,Встановлює пріоритет автоматичної обробки. Чим вищий пріоритет - тим завзятіше працівники будуть приносити придатні до обробки предмети до цього пристрою,,
processing.type,Обробка - {0},,
processing.x.in.y,{0} у {1},,"Example: ""Quartz in Furnace"""
processor.queue,Черга Обробки,,
processor.settings,Налаштування Обробника,,
processor.unavailable,Обробник Недоступний,,
processor.unavailable.desc,Обробник ({0}) для цього об'єкта недоступний,,
processors.unavailable,Немає Обробника,,
processors.unavailable.desc,"Для {0} обраних предметів недоступний обробник. Спочатку слід змонтувати потрібний тип обробника ({1}), та налаштувати його на обробку цільового матеріалу.",,
produced.by.processing,Виготовляється шляхом обробки:,,
production.date,Дата Виробництва,,
protein,Протеїн,,
quantity,Кількість,,
quest.active,<b>Активний Квест</b>,,Used as a list header for this quest type
quest.ColonizePlanet,Колонізувати Планету,,
quest.ColonizePlanet.desc,"Необхідно колонізувати планету, придатну для життя людей ",,
quest.completed,<b>Квест Виконано: {0}</b><br><br>{1},,
quest.ConnectToStasisArray,Підключити Стазис-Масив до Мережі,,
quest.ConnectToStasisArray.connectors.tip,"Збільшити зону покриття Мережі можна підключаючи <b>Конектори</b> один до одного, таким чином створюється ланцюг. Змонтуйте та підключіть достатньо Конекторів, щоб Мережа досягла <b>Стазис-Масиву</b>.",,
quest.ConnectToStasisArray.desc,"Необхідно подовжити Мережу, так щоб <b>Стазис-Масив</b> опинився у її досяжності, та стало можливим підключити його до Мережі. Це дозволить керувати роботою системи стазису, та потроху створювати навколо Стазис-Масиву придатну для життя людей середу, за допомогою вбудованих у нього Обігрівача та Генератора Кисню.",,
quest.ConnectToStasisArray.merge.islands,Забезпечте прохід до <b>Стазис-Масиву</b>,,
quest.ConnectToStasisArray.merge.islands.tip,"З'єднайте між собою секції, на яких розташовано <b>Корабельний Комп'ютер</b> та <b>Стазис-Масив</b>. <br><br>Можна використати <b>Лебідку</b>, або змонтувати декілька елементів Підлоги між секціями із <b>Корабельним Компьютером</b> та <b>Стазис-Масивом</b>.<br><br>Наприкінці переконайтеся, що існує прохідний наземний маршрут для <b>Робота</b> (що не здатен літати) - так, щоб він зміг пройти цим маршрутом та дістатися Стазис-Масиву.",2022-09-21,
quest.ConnectToStasisArray.reel.in,Підтягнути ділянку із <b>Стазис-Масивом</b>,,
quest.ConnectToStasisArray.reel.in.tip,"Оберіть <b>Якір Лебідки</b> та скористайтеся у його меню командою <b>Змотати</b>, щоб підтягнути секцію із <b>Стазис-Масивом</b> до секції із <b>Корабельним Комп'ютером</b>.",,
quest.ConnectToSurvivorArea,Підключити електрику до Ділянки із Вцілілими Колоністами,2022-09-21,"When you start the game, there is a small room with survivors. You as a ship computer have to connect your electric grid to the network inside that room."
quest.ConnectToSurvivorArea.connectors.tip,"Побудуйте та з'єднайте між собою достатньо конекторів, щоб дістатися <b>Розетки у Підлозі</b> на <b>Ділянці із Вцілілими</b>.",,
quest.ConnectToSurvivorArea.desc,"Необхідно <b>з'єднати свою електричну мережу</b> із тим фрагментом, що знаходиться <b>на ділянці із вцілілими людьми</b>. У разі успішного поєднання мереж з'явиться можливість керувати пристроями на тій ділянці.",,
quest.ConnectToSurvivorArea.floor.socket,Підключитися до <b>Розетки у Підлозі</b>,,
quest.ConnectToSurvivorArea.floor.socket.tip,"Поєднайте свою <b>Електричну Мережу</b> із мережею на <b>Ділянці із Вцілілими</b>, підключившись до <b>Розетки у Підлозі</b>.",,
quest.details,Деталі,,"Displayed on a small button, should be short"
quest.EncloseStasisArray,Герметизувати Стазис-Масив,,
quest.EncloseStasisArray.desc,"Для забезпечення безпеки колоністів необхідно повністю огородити ділянку навколо <b>Стазис-Масиву</b>, таким чином зробивши її<b>Герметичною</b> та <b>Теплоізольованою</b>.",,
quest.EstablishFoodProduction,Налагодити Виробництво Їжі,,
quest.EstablishFoodProduction.desc,"Запаси їжі наразі доволі мізерні. Люди, що залишились на борту, здатні приготувати собі їжу - але потрібно забезпечити їх необхідними виробничими потужностями.",,
quest.FindHabitablePlanet,Знайти Придатну для Життя Планету,,
quest.FindHabitablePlanet.desc,"Головна місія полягає у виявленні <b>придатної для життя</b> планети, для <b>тих людей, що вижили</b>. І зараз гарний момент для того щоб знову сфокусуватися саме на головній місії.",,
quest.HailAMerchant,Викликати Комерсанта,,
quest.HailAMerchant.desc,"Із функціональними <b>Комунікатором</b> та <b>Телепортом</b> стає можливим проводити торговельні операції із іншими кораблями. Переконайтесь, що таки дійсно є можливість торгувати - і буде гарною думкою переконатися ще до того моменту, як на борту закінчаться якісь необхідні матеріали.",,
quest.info,Квест: <b>{0}</b><br><br>{1}<br><br>{2},,"{0} will be quest title (i.e. ""Defeat the dragon""). {1} will be a long description, {2} will be a list of rewards"
quest.MakeShipFlightReady,Підготуйте Корабель До Польоту,,
quest.MakeShipFlightReady.bridge.controls.tip,"<b>Навігаційна Рубка</b> надасть можливість використовувати <b>Зоряну Мапу</b>  - тож, нарешті можна буде визначити місцезнаходження Корабля у Всесвіті.",,
quest.MakeShipFlightReady.desc,"Необхідно відновити здатність Корабля подорожувати у космосі. Саме за допомогою подорожей до ближніх планет, та організацією гірничодобувних експедицій до них, стане можливим отримання додаткових ресурсів.",,
quest.MakeShipFlightReady.thruster.tip,"Якщо пощастить - десь тут серед уламків можна знайти принаймні один ремонтопридатний <b>Маневровий Двигун</b>. А якщо не знайдеться - доведеться таки виконати певне додаткове дослідження, щоб отримати потрібні для його виробництва креслення та технології.",,
quest.new,Новий Квест: <b>{0}</b><br><br>{1}<br><br>{2},,"{0} will be quest title (i.e. ""Defeat the dragon""). {1} will be a long description, {2} will be a list of rewards"
quest.no.active,Немає Активного Квесту,,
quest.no.active.many.available.tip,Наразі є <b>{0} доступних квестів</b>: {1}<br>Вкажіть квест як <b>Активний</b> щоб почати відслідковувати його прогрес.,,{0} is a number (2 or greater). {1} will be the list of quest names
quest.no.active.one.available.tip,Наразі є <b>один доступний квест</b>: {0}<br>Вкажіть квест як <b>Активний</b> щоб почати відслідковувати його прогрес.,,{0} is the quest name
quest.pause,Пауза,,"Deactivates the quest, or stops following it. Should be short text, displayed on a fairly small button"
quest.ProvideChargeStation,Змонтувати та Підключити Зарядну Станцію,,
quest.ProvideChargeStation.build.connector.tip,"Будь-які пристрої повинні бути підключені до Мережі за допомогою <b>Конекторів</b>. Змонтуйте Конектор, та за допомогою інструмента <b>Підключити</b> з'єднайте його із <b>Корабельним Комп'ютером</b>, а потім також із <b>Реактором Матерії</b>. ",,
quest.ProvideChargeStation.build.reactor.tip,"Хоча <b>Корабельний Комп'ютер</b> сам по собі і генерує певну кількість електрики, проте не слід сподіватися що цієї потужності буде достатньо для стабільного живлення інших пристроїв. А от <b>Реактор Матерії</b> може перетворювати майже будь-який матеріал на електрику, і виробляти доволі багато потужності.",,
quest.ProvideChargeStation.configure.reactor,Налаштуйте <b>Реактор Матерії</b>,,
quest.ProvideChargeStation.configure.reactor.tip,"Оберіть {0}, та налаштуйте його на використання певного типу пального. Наразі у якості пального рекомендується обрати {1} - буде вироблятися досить непогана кількість електрики, та цей тип матеріалу зазвичай доволі легко отримати.",2026-06-27,"{0} is matter reactor, {1} is scrap metal"
quest.ProvideChargeStation.desc,"Передусім необхідно переконатися, що механічні працівники зможуть заряджати свої батареї.",2022-09-20,
quest.reward.research.discover,Нове Дослідження: <b>{0}</b>,2022-09-20,Displayed in a list of rewards. This will reveal a new research tree branch. {0} is the technology name.
quest.reward.research.progress,Прогрес дослідження: <b>{0}</b>: <b>+{1}</b>,,"Example: ""Research Progress: Biotech: +20%"""
quest.reward.research.unlock,Розблоковано Дослідження: <b>{0}</b>,,Displayed in list of rewards. This will unlock a technology with name {0}
quest.rewards,Винагороди,,
quest.set.active,Активувати,,"Displayed on a small button, should be short"
quest.show,Показати Квест,,
quest.show.all,Показати Квести,,
quest.step.build.many,Змонтувати <b>{0} шт. {1}</b>,,"{0} will be a multiplier, {1} will be the device name. Example: ""Build <b>x2 Matter Reactor</b>"""
quest.step.build.one,Змонтувати <b>{0}</b>,,"{0} will be the device name. Example: ""Build a <b>Matter Reactor</b>"""
quest.step.build.tip,Креслення цього об'єкта можна знайти у <b>Меню Інструментів</b>:<br>{0},2023-08-16,
quest.step.build.tip.search,"Порада: за допомогою <b>Швидкого Пошуку</b> ({0}) можна швидко <b>знайти будь-що</b> - набравши назву, або частину назви, потрібного об'єкта.",,
quest.step.chain.connectors,Змонтувати ланцюг із Конекторів,,
quest.step.colonize,Колонізуйте <b>Придатну для Життя Планету</b>,2022-09-26,
quest.step.colonize.tip,"Головна мета - влаштувати колонію людей на повністю тераформованій планеті, щоб колоністи могли жити там щасливим життям.<br><br>Після досягнення цієї мети можна буде продовжити подорож Всесвітом.",,
quest.step.completed,<b>Завершено [{0}/{1}]</b>: {2},2022-09-21,"{0}/{1} will be numbers. {2} will be a task from the quest., Example: ""<b>Done [4/8]: Build a Matter Reactor"""
quest.step.configure.crafter,Розпочати виробництво <b>{0}</b>,,
quest.step.configure.crafter.tip,"Оберіть <b>{0}</b> та налаштуйте для виробництва <b>{1}</b>. Зауважте, що для старту виробництва можливо доведеться змінити цільову кількість продукту - інакше пристрій може залишатися у простої.",,
quest.step.connect.to,Підключити <b>{0}</b> до Мережі,,"{0} will be a device name, i.e. Connect to the Stasis Array"
quest.step.enclose,Герметизувати <b>{0}</b>,2022-09-23,"{0} is the device name (i.e. Stasis Array). Context: It will ask the player to enclose the device with walls, close all doors, vents and repair the damage. Tooltip below will explain it."
quest.step.enclose.tip,"Збудуйте <b>Підлогу</b> та <b>Стіни</b> навколо <b>{0}</b>, щоб створити замкнену герметичну ділянку.<br><br>Отримайте додаткову інформацію у оверлеї  <b>Кімнати</b>.",2022-09-23,{0} is the device name (i.e. Stasis Array)
quest.step.find.habitable.planet,Знайдіть <b>Придатну до Життя Планету</b>,,
quest.step.find.habitable.planet.tip,"За допомогою <b>Телескопа</b> спробуйте знайти у Спостережуваному Космосі  <b>Придатну для Життя Планету</b>. Після того як таку планету буде знайдено - прокладіть до неї курс, та досліджуйте технологію <b>Тераформування</b>.",,
quest.step.hail.a.merchant,Викликати Комерсанта,,
quest.step.hail.a.merchant.tip,"Активуйте <b>Виклик Комерсанта</b> за допомогою <b>Комунікатора</b>. Слід переконатися що Комунікатор розташовано на досяжній для людей локації, та параметри оточуючого середовище там придатні для людей - бо для повноцінної роботи цей пристрій потребує людину-оператора.",,
quest.step.have.on.grid.many,Змонтувати та Підключити <b>{0} шт. {1}</b>,,"{0} will be a multiplier, {1} will be the device name. Example: ""Build and Connect <b>x2 Matter Reactor</b>"""
quest.step.have.on.grid.one,Змонтувати та Підключити <b>{0}</b>,,"{0} will be the device name. Example: ""Build and Connect a <b>Matter Reactor</b>"""
quest.step.have.one.section,З'єднати Всі Сегменти Корабля,,
quest.step.have.one.section.tip,"Корабель має бути єдиним фрагментом для того щоб мати можливість подорожувати у космосі. З'єднайте розділені сегменти разом - скористуйтеся <b>Гаком Лебідки</b> та <b>Якорем Лебідки</b>, або побудуйте міст із елементів підлоги між відокремленими сегментами. Скористуйтеся Оверлеєм <b>Секції</b> щоб отримати більше інформації. ",,
quest.step.make.accessible,Зробити локацію із {0} досяжною,,{0} is the device name (i.e. Stasis Array)
quest.step.make.accessible.tip,"Щоб певна ділянка вважалася досяжною, вона має містити принаймні одні <b>Двері</b>. Ці двері будуть сполучатися із <b>виходом назовні</b>.<br><br>За допомогою інформації із оверлею <b>Кімнати</b> можна побачити які ділянки недосяжні ззовні.",,
quest.step.make.airtight,Герметизувати локацію із {0},,{0} is the device name (i.e. Stasis Array)
quest.step.make.ship.flight.ready,Підготуйте Корабель До Польоту,,
quest.step.make.ship.flight.ready.tip,"Виконайте усі передпольотні перевірки у Оверлеї <b>{0}</b>, та переконайтеся у готовності Корабля до <b>Міжпланетного Польоту</b>.",,
quest.step.optional,Опціональне,,
quest.step.produce.many,Виробити <b>{0} шт. {1}</b>,,
quest.step.produce.one,Виробити <b>{0}</b>,,
quest.step.produce.tip,Способи виробництва <b>{0}</b>:{1},,
quest.step.research,Дослідити <b>{0}</b>,,"This line will ask the player to research a technology. I.e. ""Research <b>Biotech</b>"""
quest.step.research.tip,Відкрити <b>Дерево Досліджень</b> та розблокувати {0}. Щоб знайти потрібне дослідження спробуйте використати кнопку <b>Пошук</b>.,2023-08-08,"{0} will be chain of research items, i.e. ""Biotech > Vegetarian Food"""
quest.step.set.ship.forward.direction,Визначте Напрямок Руху Вперед,,
quest.step.set.ship.forward.direction.tip,Відкрийте Оверлей <b>{0}</b> та вкажіть який напрямок руху Корабля вважатиметься <b>Напрямком Вперед</b>. Цей напрямок має бути зворотнім від того куди направлені сопла двигунів - але завжди є можливість перемістити двигуни та обрати інший напрямок.,,
quest.step.terraform,Тераформувати <b>{0}</b>,,
quest.step.terraform.tip,Для тераформування <b>{0}</b> використайте <b>{1}</b> під час перебування на орбіті придатної для тераформування планети.,,"{0} will be the terraforming type (i.e. Biosphere), {1} will be device name (i.e. Biosphere Generator)"
quest.tasks.completed,Виконані Завдання,,
quest.tasks.current,Поточні Завдання,,
quest.tasks.failed,Провалені Завдання,,
quests,Квести,,
quests.active,Активні,,"Appears on buttons that switch tabs, should be short"
quests.available,Доступні,,"Appears on buttons that switch tabs, should be short"
quests.completed,Виконані,,"Appears on buttons that switch tabs, should be short"
quests.failed,Провалені,,"Appears on buttons that switch tabs, should be short"
quests.list.available,Доступні Квести,2022-09-21,Used as a list header for this quest type
quests.list.completed,Виконані Квести,2022-09-21,Used as a list header for this quest type
quests.list.failed,Провалені Квести,2022-09-21,Used as a list header for this quest type
radar,Радар,,
radar.not.available,Наразі радар недоступний,,
raid,Атака,,
raid.avoided,Чудові новини. Ми уникли зіткнення із бандюками!,,
random.color,Випадковий Колір,,
randomize,Випадково,,
reach.work.spot,Добрався до робочого місця,,
reactor.efficiency,Ефективність Реактора,,
reactor.efficiency.desc,"Відносне число, що визначає ефективність перетворення Реактором палива на електрику. Вища ефективність означає, що тієї самої кількості палива вистачить на довший термін роботи. Тобто, у разі однакової кількості сировини, більш ефективний реактор зможе виробити більше електрики - бо працюватиме із тією самою кількістю сировини протягом довшого терміну. Різні типи Реакторів працюють із різною ефективністю. Ефективність Реактора можна поліпшити за допомогою встановлення на нього певних модулів апгрейду.",,
ready,Готовність - Повна,,
ready.for.expedition,Готовність До Експедиції,,
ready.to.retry,Спробувати Повторно,,
recently.cancelled.by.someone,Перезарядити,,
recharge,Перезарядка,,
recover,Відновити,,
reel.in,Змотати,,
refill,Поповнити,,
refill.pet.bowl,Поповнити Миску Тварини,,
refill.priority,Пріоритет Поповнення,,
refill.priority.help,"Пріоритет поповнення визначає важливість поповнення цього пристрою певною сировиною (після того як її наявна кількість у пристрої зменшиться до певного рівня). Значення 0 є найнижчим, та означатиме заборону поповнення, значення 9 є найвищим, та означатиме максимальну пріоритетність.",,
refocus,Фокусувати,,Used on a button that finds your space ship in the starmap. It focuses the camera on your ship. Also used in Researc Tree to quickly find and focus the camera on the technology that you are currently researching. Should be short.
refresh,Оновити,,Verb. Used on a button that refreshes some list of items. Should be short.
refridgerator,Холодильник,,
reject,Відхилити,,
rejected.by.worker,Відхилено,,
relationships,Відносини,,
relocate,Перемістити,,
relocation.pending,Переміщення У Процесі,,
remove,Видалити,,
remove.from.queue,Видалити із Черги,,
rename,Нове Ім'я,,
repair,Ремонтувати,,
repairing,Ремонтується,,
repeat,Повторити,,
replace,Замінити,,
replace.object,Замінити Об'єкт,,
replacement.in.progress,Заміна у Процесі,,
req.material,Потреби: {0},,
req.nav.flight,Потрібна здатність літати,,
req.skill,Потребує навичку: {0},,
request.count,Кількість Запросів,,A label for a number that shows how many times something was requested from a worker.
request.merchant.type,Оберіть Тип Комерсанта,,
request.wake.up,Запросити Пробудження,,
required.for.building,Необхідно для будівництва:,,
required.for.building.num,Необхідно для {0} креслень,,
required.for.crafting,Необхідно для виготовлення:,,
required.for.crafting.num,Необхідно для виготовлення {0} предметів,,
required.skills,Необхідні Навички Для Монтажу,,
requires.oxygen,Потребує Кисню,,
rescue.being,Врятувати {0},,{0} will be the name of the being
rescue.grounded.in.space,Рятує істоту що застрягла у космосі,,
research.atmospherecontrol,Кліматизація,,
research.atmospheregeneration,Генерація Атмосфери,,
research.autodoc,Робо-Лікар,,
research.autokitchen,Робо-Кухня,,
research.base,Базове,,
research.biospheregeneration,Генерація Біосфери,,
research.biotech,Біотехнології,,
research.blackholes,Чорні Діри,,
research.cancel,Призупинити Дослідження,,
research.cant.do.parallel,Недостатньо ресурсів для <b>Паралельного Дослідження</b>:<br>{0},,"{0} will be something like ""Research lacks Memory or Disk"". Displayed if multiple research items are running and this one cannot reserve the resources"
research.carrier,Дрон-Перевізник,,
research.cleaningbot,Бот-Чистильник,,
research.cloning,Інкубація,,
research.clothing,Одяг,,
research.coffee,Кава,,
research.communications,Комунікації,,
research.complete,Дослідження завершено: <nobr><b>{0}</b></nobr><br>Розблоковано креслень: {1},,
research.complete.no.unlockables,Дослідження завершено: <nobr><b>{0}</b></nobr>,,
research.computing,Обчислення,,
research.computingadvanced,Розвинене Обчислення,,
research.construction,Монтажні роботи,,
research.constructionadvanced,Розвинені Монтажні Роботи,,
research.constructionspeed,Пришвидшення монтажу x2,2022-05-30,
research.constructionspeed2,Пришвидшення монтажу x4,2022-05-30,
research.constructionspeed3,Пришвидшення монтажу x8,2022-05-30,
research.cooling,Охолодження,,"Label on research technology node that contains devices like ""cooler"" and ""heat sink"""
research.cryogenics,Кріогеніка,,
research.diskcompression,Компресія Даних (Диск),,
research.memorycompression,Компресія Даних (RAM),,
research.drone,Дрон,,
research.economy,Економіка,,
research.economy.desc,Розблоковує функціонал оверлею Економіка,,
research.elysium,Елізіум,,
research.elysium.desc,Дозволяє конвертувати Стазис-Масив у Елізіум,,
research.elysiumefficiency,Ефективність Елізіуму,,
research.elysiumelectricity,Електрика що виробляється Елізіумом,,
research.emblems,Емблеми,,
research.energy,Енергія,,
research.entertainment,Розваги,,
research.energy.limit,Ліміт Енергії для Дослідження,,
research.energyadvanced,Розвинена Енергетика,,
research.energyautomation,Автоматизація Енергетики,,
research.energyefficiency,Ефективність Енергетики,,
research.energynuclear,Ядерна Енергетика,,
research.energystorage,Сховище Енергії,,
research.energystorageadvanced,Ядерне Сховище Енергії,,
research.energyweapons,Енергетична Зброя,,
research.forcefields,Силові Поля,,
research.furniture,Фурнітура,,
research.furnitureadvanced,Розвинена Фурнітура,,
research.heating,Обігрів,,
research.hygiene,Гігієна,,
research.inefficient,Пришвидшення Дослідження,2023-01-14,
research.inefficient.tip,"Це <b>дослідження триватиме довше за норму</b>. Неспроможність виконання дослідження у нормальному темпі зумовлена або <b>недостатньою кількістю електрики</b>, або <b>недостатньою кількістю Дослідницьких Станцій</b>. Клікніть це повідомлення щоб отримати більше інформації.",2022-10-24,
research.lacks.disk,Дослідженню бракує <b>Пам'яті-Диск</b>,,
research.lacks.disk.and.memory,Дослідженню бракує <b>Пам'яті-Диск</b> та <b>Пам'яті-RAM</b>,,
research.lacks.memory,Дослідженню бракує <b>Пам'яті-RAM</b>,,
research.lacks.resources,Дослідженню бракує ресурсів,,
research.largeplanter,Агро-Бокс Максі,,
research.lighting,Освітлення,,
research.liquidprocessing,Обробка Рідини,,
research.manufacturing,Промисловість,,
research.manufacturingadvanced,Розвинена Промисловість,,
research.mindcontrol,Керування Розумом,,
research.molecularrearrangement,Молекулярна Реорганізація,,
research.not.powered,Неможливо відобразити стан досліджень допоки Корабельний Комп'ютер не отримує живлення. Підключіть Корабельний Комп'ютер до Мережі.,,
research.nutrientextraction,Екстракція Білка,,
research.oceangeneration,Генерація Океану,,
research.overclocking,Оверклокінг,,
research.pending,Дослідження незавершене,,
research.probe,Зонд,,
research.processingefficiency,Ефективність Обробки,,
research.propulsion,Рушії,,
research.propulsionadvanced,Розвинені Рушії,,
research.propulsionftl,Рушії ШЗС,,
research.quantumcomputing,Квантові Обчислення,,
research.quantummechanics,Квантова Механіка,,
research.queue,Черга Досліджень,,
research.queue.count,Черга Досліджень: {0},,
research.recycling,Рециркуляція,,
research.recyclingadvanced,Розвинена Рециркуляція,,
research.researchstation,Дослідницька Станція,,
research.resourceprocessing,Обробка,,
research.resourceprocessingadvanced,Розвинена Обробка,,
research.robot,Робот,,
research.robotics,Робототехніка,,
research.scanning,Сканування Планет,,
research.science,Наука,,
research.security,Безпека,,
research.selfreplication,Самореплікація,,
research.sentry,Дрон-Охоронець,,
research.shuttle,Шатл,,
research.shuttleupgrades,Апгрейди Шатла,,
research.smelting,Виплавка Металів,,
research.solaradvanced,Розвинена Сонячна Енергетика,,
research.spacesuit,Скафандр,,
research.spacetravel,Космічна Подорож,,
research.starcredsmining,Майнінг Старкредів,,
research.start,Старт Дослідження,,
research.stockinsights,Огляд Фондового Ринку,,
research.stockinsights.desc,Розблоковує додаткові деталі про інструменти Фондового Ринку,,
research.stockmarket,Фондовий Ринок,,
research.stockmarket.desc,Розблоковує Фондовий Ринок із інформацією у реальному часі,,
research.stocktrading,Фондова Торгівля,,
research.stocktrading.desc,Розблоковує можливість торгувати на Фондовому Ринку,,
research.storage,Сховище Досліджень,,
research.storage.details,Збережені Результати Досліджень,,
research.technology,Технологія,,
research.telescope,Телескоп,,
research.temperaturecontrol,Керування Температурою,,
research.terraforming,Тераформування,,
research.terraingeneration,Генерація Твердої Поверхні,,
research.tip.energy_kwh,"Оптимальна кількість електрики, що потрібна для повного дослідження цієї технології протягом 24 годин. За меншої кількості витраченої електрики дослідження триватиме довше.",2023-01-13,
research.tip.memory,"Кількість Пам'яті-RAM, що використовується впродовж дослідження.<br>Об'єм залежить від ступеня складності дослідження.",,
research.tip.storage,"Кількість Пам'яті-Диск, що потрібна<br>для зберігання результатів дослідження.",,
research.tip.tier,Рівень дослідження. Для виконання досліджень вищого рівня необхідною умовою може бути завершення досліджень нижчого рівня.,,
research.tractorbeam,ЕМ Захват,,
research.treadmill,Бігова Доріжка,,
research.tree,Дослідження,,
research.vegetarianfood,Вегетаріанська Їжа,,
research.weaving,Ткання,,
research.winch,Лебідка,,
researching,Досліджується: {0},,
researching.pct,Дослідження: {0} ({1}),,
reservations,Резервування,,
reserved.by,Зарезервовано,,"This is a label next to a worker name who has reserved some resource - a pile of steel or an equipment item, etc."
reserved.by.detailed,Зарезервовано {0},,{0} is a being name
reserved.for,Зарезервовано на {0},,"{0} is time. Example: ""Reserved for 18h 12m"""
reset,Скинути,,
reset.input.bindings.tip,Усі налаштовані призначення будуть скинуті до дефолтного стану.,,
reset.tips,Скинути Налаштування,,
reset.to.defaults,Скинути до Дефолтного стану,,
resource.accumulation.bar,Накопичено матеріалу: {0},,
restart.now,Перезапустити Негайно,,
restart.required,Потрібен Перезапуск,,
restart.required.info,Щоб задіяти зміни в налаштуваннях необхідно повністю перезапустити гру.,,
resume,Продовжити,,
return,Повернутися,,
revert,Вертатися,,
riding.a.bot,Їде верхи на боті,,This is for displaying what a being is currently doing. Right now it is used when a cat rides the cleaning robot.
rmb.behavior,Реакція на {0} із курсором на пристрої,,{0} will be replaced by the image displaying either the right mouse button or the gamepad button that is bound to the same action
rmb.behavior.context,Контекстне Меню Пристрою,,
rmb.behavior.radial,Меню Інструментів,2023-08-16,
rmb.behavior.tooltip,"Яку дію буде призначено до кліку {0}, коли курсор знаходиться над необраним пристроєм.",,
roam.around,Блукає Навкруги,,
roam.away,Уходить з робочого місця,,
robot.required,Потрібен Робот,,
role.destroy,Роль: Руйнувати,,
role.play,Роль: Грати,,
role.talk,Роль: Говорити,,
role.work,Роль: Робити,,
room,Кімната,,
room.ambient.light.amt,Кількість Амбієнтного Світла у Кімнаті,,
room.ambient.light.amt.tip,"Встановлює наскільки темними будуть замкнені ділянки, що не мають джерел світла. Рекомендовано встановлювати джерела світла у замкнених ділянках, щоб вони були добре освітлені.",,
room.id,Кімната #{0},,
room.lighting,Вдосконалене Освітлення Кімнати,,
room.lighting.tip,"Якщо цю опцію увімкнено - світло, що випромінюється джерелами, буде обмежуватися оточуючими стінами. У увімкненому стані це може поліпшити продуктивність на величезних мапах.",,
room.nr,Кімната #{0},,
room.nr.unreachable,Кімната #{0} <color={1}><b>НЕДОСЯЖНА!</b></color>,,
rotate.tip,Обертати за допомогою {0},,
run.in.bg,Виконувати У Фоні,,
run.research,Проводити Дослідження,,
safety.check.off,Перевірку Безпеки Вимкнено,,
safety.lacks.oxygen,Об'єкт на Небезпечній Локації: <b>Замало Кисню</b>,,
safety.lacks.oxygen.too.cold,Об'єкт на Небезпечній Локації: <b>Замало Кисню / Занизька Температура</b>,,
safety.lacks.oxygen.too.hot,Об'єкт на Небезпечній Локації: <b>Замало Кисню / Зависока Температура</b>,,
safety.too.cold,Об'єкт на Небезпечній Локації: <b>Занизька Температура</b>,,
safety.too.hot,Об'єкт на Небезпечній Локації: <b>Зависока Температура</b>,,
sandbox.mode,Режим Пісочниці: ON,,
satisfying.hunger,Втамовує Голод,,
save,Зберегти та Вийти,,
save.and.exit,Зберегти та Вийти до Меню,,
save.and.exit.os,Зберегти та Вийти до ОС,,
save.deleted,Сейв Видалено,,
save.disabled,Збереження Неможливо,,
save.disabled.tutorial,Збереження не дозволено під час навчання.,,
save.error,Помилка під час Збереження,,
save.failed,Збереження Невдале,,
save.failed.info,Розробника проінформовано. Причина невдачі: {0},,
save.file,Файл-сейв,,
save.info,Початкові Дані: {0} / {1}x{2},,
save.load.anytime,Можливо Зберегти/Завантажити,,
save.playtime,Час Гри,,
save.time,Час Збереження: {0},,
saved,Збереженно,,Notification about successfully saved game
scan,Сканувати,,
scan.progress,Прогрес Сканування,,
scenario.empty_ship,Пустий Корабель,,
scenario.empty_ship.tooltip,"Гра починається із порожнім, випадково згенерованим космічним кораблем.",,
scenario.leaving_earth,Покидаючи Землю,,
scenario.leaving_earth.tooltip,Гра починається із невеликою платформою та величезною кількістю ресурсів.,,
scenario.random_ship,Випадковий Корабель,,
scenario.random_ship.tooltip,"Гра починається із повністю функціональним, випадково сгенерованим кораблем.",,
scenario.sandbox,Пісочниця,,
scenario.sandbox.tooltip,"Гра починається на повністю порожній локації, із можливістю миттєво змонтувати будь який предмет або пристрій (креативний режим).",,
scenario.wrecked_empty_ship,Розтрощений (Основний),,
scenario.wrecked_ship,"Розтрощений, із різним крамом",,
screen.shake,Дрижання Екрана,,
scroll.speed.tip,Підлаштовує швидкість колеса прокрутки для елементів ІК (це не застосовується до Дерева Досліджень та Зоряної Мапи),,
search,Пошук,,
search.for,Шукати,,
searching,Пошук,,
searching.for.clothing,Шукає одяг,,
searching.for.headgear,Шукає головний убір,,
searching.for.merchant,Шукаємо Комерсанта,,
searching.for.weapon,Шукає зброю,,
section,Секція,,
sections,Секції,,
security.controls,Консоль Безпеки,,
security.controls.missing,Пристрій Відсутній,,
seed.randomize,Випадкові Початкові Дані,,
seeking.medical.attention,Шукає Медичної Допомоги,,
seeking.relief,Поклик Природи,,This is about a being looking for a toilet
select,Обрати,,
select.ammo,Обрати Тип Зарядів,,
select.crew,Обрати Команду,,
select.energy.source,Обрати Тип Джерела Енергії,,
select.food,Обрати Тип Їжі,,
select.fuel,Обрати Тип Палива,,
select.material,Обрати Тип Матеріалу,,
select.plant,Обрати Рослину,,
select.processable,Обрати Тип Сировини,,
select.projectile,Обрати Об'єкт,,
select.shuttle,Обрати Шатл,,
select.skill,Обрати Навичку,,
select.target,Обрати Ціль,,
select.target.material,Обрати Цільовий Матеріал,,
select.terraforming.material,Обрати Матеріал Тераформування,,
select.upgrade,Обрати Апгрейд,,
select.worker,Обрати Працівника,,
self.repair,Власний Ремонт,,
sell,Продати,,
settings.not.applied,Налаштування Не Були Застосовані,,
settings.not.applied.info,Вікно із налаштуваннями було закрито без застосування деяких змін. Чи не бажаєте застосувати зроблені зміни зараз?,,
settle.in,Колонізувати {0},,
settle.in.combat,Колонізація неможлива - допоки присутня бойова активність,,
settle.in.confirm,"Ось воно! Ви наближаєтесь до виконання свого призначення як частини Мережі та Корабельного Комп'ютера. Будь ласка, підтвердіть свій намір оселити колоністів на {0}.<br><br>Внаслідок цієї дії Стазис-Масив та більшість із колоністів буде переміщено з Корабля - за винятком тих, хто обере залишитися на борту та продовжити дослідження Всесвіту.",,
settle.in.expeditions,Колонізація неможлива - допоки є незавершена експедиція,,
settled.in,Колонізовано {0},,
settling.in,Колонізація {0},,
ship.accelerating,Прискорення Корабля,,
ship.capable.intergalactic,Готовність до Міжгалактичних Польотів,,
ship.capable.interplanetary,Готовність до Міжпланетних Польотів,,
ship.capable.intersystem,Готовність до Міжзоряних Польотів,,
ship.computer.destroyed,<size=200%>Корабельний Комп'ютер Знищено</size>,,
ship.cpu.deconstruct.damaged,Демонтаж перервано. Пошкоджений Корабельний комп'ютер не може бути безпечно розібраний. Спершу усуньте пошкодження.,,
ship.decelerating,Уповільнення Корабля,,
ship.direction,Напрямок Руху Корабля - Вперед,,
ship.direction.not.set,Не встановлено Напрямок Руху Корабля Вперед. Необхідно визначити цей напрямок у Оверлеї Керування Кораблем.,,
ship.direction.set,Оберіть Напрямок для Руху Вперед,,
ship.direction.unset,Відмінити Призначення Напрямку Вперед,,
ship.engines.offline,Двигуни Відключено (знеструмлені або від'єднані від Мережі),,
ship.engines.ready,Двигуни Підключено,,
ship.flight.impossible,Корабель не є придатним до космічних польотів із наступних причин:<br><br>{0},,
ship.flight.ready,Корабель Придатний до Польотів,,
ship.has.bridge.controls,Підключено Навігаційну Рубку,,
ship.has.bridge.controls.operator,Присутній Оператор Навігаційної Рубки,,
ship.in.one.piece,Корабель є Єдиним Сегментом,,
ship.log,Корабельний Журнал,,
ship.must.be.stopped.first,Неможливо виконати цю операцію допоки Корабель перебуває у русі,,
ship.navigation,Корабельна Навігація,,
ship.no.bridge.controls,Навігаційна Рубка Відключена,,
ship.no.bridge.controls.operator,Відсутній Оператор Навігаційної Рубки,,
ship.no.engines,Двигуни Відключено (знеструмлені або від'єднані від Мережі),,
ship.not.in.one.piece,Корабель не є Єдиним Сегментом,,
shooter,Кулю випущено,,For displaying the name of the person who fired a bullet. You can inspect a bullet to see who is the shooter. 
short.title,Короткий Заголовок,,
shortcut.not.bound,(не прив'язано),,
shortcut.tip,Хоткей: {0},,
show,Показати,,
show.areas,Показати Кімнати,,
show.build.guidelines,Настанови із Будівництва,,
show.destination,Показати Пункт Призначення,,
show.engines,Двигуни,,
show.hints,Показувати Поради,2023-03-14,Label for a toggle that disables or enables popups with hints
show.research.tree,Відкрити Дослідження,,
shower,Душ,,
shower.dirty,"Душ засмітився, потребує очистки",,
shutdown,Відключення,,
shuttle,Шатл,,
shuttle.crew.full,Цей шатл вже не може взяти на борт жодного члена команди,,
shuttle.damaged,Шатл пошкоджено,,
shuttle.damaged.desc,Необхідно відремонтувати шатл перед тим як задіяти його у експедиції.,,
shuttle.has.pending.task,Для шатла існує незавершене завдання.,,
shuttle.has.pending.task.desc,"Неможливо задіяти цей шатл через те, що для нього вже існує завдання, що не завершене на поточний момент. Або скасуйте це завдання, або зачекайте поки воно не буде виконано.",,
shuttle.lost.info,Цей шатл втрачений і вже не може бути відновлений. Слід демонтувати посадковий майданчик.,,
shuttle.storage.full,"Шатл ""{0}"" перериває видобуток копалин - сховище заповнено.",,
silence,Тиша,,
silence.periods.none,Немає,,
siren.active,Активна,,
siren.armed,Готова,,
siren.off,Сирену Вимкнено,,
situation,Стан речей на борту,,
situation.ActiveThreats,Активні Загрози,,
situation.Areas,Кімнати,,
situation.BaseNetWorth,Базова Чиста Вартість,,
situation.BreakdownCandidates,"Психічні Зриви, На межі",,
situation.Breakdowns,Психічні Зриви,,
situation.Colonists,Колоністи (Біологічні Істоти),,
situation.Days,Прожито Днів,,
situation.Difficulty,Складність,,
situation.Enemies,Вороги,,
situation.ExpeditionsCompleted,"Екседиції, Завершені ",,
situation.ExpeditionsOngoing,"Експедиції, Активні ",,
situation.Friendlies,Дружні відносини,,
situation.GridBatCharge,"Потужність Батарей, Актуальна",,
situation.GridBatOutput,"Потужність Батарей, Максимальна",,
situation.GridConsumption,Споживання Енергії,,
situation.GridDeficit,Дефіцит Енергії,,
situation.GridMaxOutput,"Генерація Енергії, Максимальна",,
situation.Grids,Електричні Мережі,,
situation.GridSize,Кількість Електричних Приладів,,
situation.HumanDeaths,Загиблі Дружні Людські Істоти,,
situation.Islands,Фрагменти Корабля,,
situation.Mats,Кількість Матеріалів,,
situation.Months,Прожито Місяців,,
situation.NetWorth,Чиста Вартість,,
situation.Personas,Персони,,
situation.ResearchedTech,Досліджені Технології,,
situation.ShipComputers,Підключені Корабельні Комп'ютери,,
situation.SpaceObjectsDiscovered,Досліджені Космічні Об'єкти,,
situation.StoryEvents,Ігрові Події,,
situation.TotalCPU,Всього ЦП,,
situation.TotalDisk,Всього Пам'яті-Диск,,
situation.TotalMemory,Всього Пам'яті-RAM,,
situation.Weeks,Прожито Тижнів,,
situation.Workers,Працівники (Механічні Істоти),,
situation.Years,Прожито Років,,
size.large,Великий,,
size.medium,Середній,,
size.small,Маленький,,
skill.Cleaning,Чищення,,
skill.Construction,Монтаж,,
skill.lvl,Рівень {0}/{1},,
skill.maxed.out,Навичка вже на найвищому рівні,,
skill.Mining,Гірництво,,
skill.Navigation,Навігація,,
skill.Operate,Машини,,
skill.Repair,Ремонт,,
skill.Science,Наука,,
skill.up,{0} - підвищено рівень {1} до {2},,"{0} is being name, {1} is skill name {2} is level (number). Example: ""John Construction level up to 4"""
skill.Wisdom,Мудрість,,
skills,Навички,,
skills.info,Навички визначають який тип завдань працівник зможе виконувати. Якщо працівник використовує навичку - її рівень зростатиме.,,
skip,Пропустити,,
skip.reason,Чому пропущено: {0},,
skip.tutorial,"Ні, пропустити",,
skip.tutorial.confirm,"Ви дійсно бажаєте пропустити навчання? Настійно рекомендовано таки пройти цей курс навчання - якщо, звісно, ви вже цього не робили раніше.",,
sleep.interrupted,Сон було перервано,,
sleeping,Спить,,
sleeping.slots,Місця для Сну,,
sleeping.slots.pets,Місця для Сну (Тварини),,
slept.in.bed,Сон у ліжку,,
slept.in.familiar.bed,Сон у звичному ліжку,,
slept.in.unfamiliar.bed,Сон у незвичному ліжку,,
slept.too.short,Недостатня кількість сну,,
slog.expedition,Відправлено експедицію до {0},,
slog.identify,Ідентифіковано - {0},,"{0} will be the space object name, i.e. a planet name or a space ship name, etc."
slog.leave,Залишено {0},,
slog.visit,Відвідано {0},,
smelt.ore,Плавити руду,,
smelting.bar,Виплавляється {0},,
smooth.drag,Плавний Рух Камери,,
smooth.drag.tip,"Параметр визначає як виглядатиме перетягування камери за допомогою миші. Якщо увімкнено - перетягування буде плавним та дещо інерційним, якщо вимкнено - різким та точним. Якщо виконується запис відео для подальшої публікації, або стрімінг - рекомендується вмикати цей параметр, бо плавний варіант, скоріше за все, краще сприйматиметься глядачами.",,
so.identified,Ідентифіковано: {0},,
so.not.identified,Не Ідентифіковано,,
so.not.identified.info,Цей космічний об'єкт не ідентифіковано. Щоб отримати більш детальну інформацію про нього - необхідно підійти ближче.,,
socialized.with,Спілкування із {0},,
socializing,Спілкування,,
soft.cursor.tip,Програмний Курсор може бути корисною опцією для запису відео геймплея - якщо ПЗ для захоплення відео некоректно співпрацює із апаратним курсором.,,
soiled.themselves,Забруднення,,
solar.panel,Сонячна Панель,,
solar.panel.dust,Пил: {0},,
solar.panel.dust.warn,Сонячну Панель Вкрито Пилом,,
soon,Затого,,Displayed when something is going to happen very soon (countdown timer is down to 0). Should be short.
sort,Сортувати,,
sort.count,За Кількістю,,
sort.name,За Назвою,,
sort.value,За Цінністю,,
soundtrack,Саундтрек,,
space.diarrhea.ongoing,Триває Космічна Діарея,,
space.object.BlackHole,Чорна Діра,,
space.object.Galaxy,Галактика,,
space.object.info.BlackHole,Це Чорна Діра. Кожна Галактика має таку у своєму центрі. Чорні Діри можна використовувати для міжгалактичних подорожей - але після дослідження певних технологій.,,
space.object.info.Galaxy,Це Галактика. Щоб дослідити Зоряні Системи у її складі необхідно потрапити до цієї Галактики.,,
space.object.info.Planet,Це Планета. Можна висадитися на її поверхню та дослідити її.,,
space.object.info.Player,Це наш Корабель.,,
space.object.info.Probe,"Це Зонд, що перебуває у польоті, на маршруті для сканування віддаленого об'єкта.",,
space.object.info.ShipMerchant,"Це корабель Комерсанта. Якщо маємо Комунікатор та Телепорт - із ним можна буде проводити торговельні операції, після того як він наблизиться до Корабля.",,
space.object.info.Shuttle,Це Шатл.,,
space.object.info.Star,Це Зірка. Неможливо висадитись на поверхню Зірки через занадто несприятливі умови.,,
space.object.info.System,Це Зоряна Система. Щоб дослідити Планети у її складі необхідно потрапити до цієї Зоряної Системи.,,
space.object.name.Galaxy,Галактика {0},,
space.object.name.Shuttle,Шатл {0},,
space.object.name.Star,Зірка {0},,
space.object.name.System,Система {0},,
space.object.name.Universe,Всесвіт {0},,
space.object.Planet,Планета,,
space.object.Player,Ігрок,,
space.object.Probe,Зонд,,
space.object.ShipMerchant,Комерсант,,
space.object.Shuttle,Шатл,,
space.object.Star,Зірка,,
space.object.System,Система,,
space.object.Universe,Всесвіт,,
species,Істоти,,
species.Carrier,Дрон-Перевізник,,
species.Cat,Кіт,,
species.CleaningBot,Бот-Чистильник,,
species.Crawler,Краулер,,
species.Dog,Собака,,
species.Drone,Дрон-Монтажник,,
species.Human,Людина,,
species.Robot,Робот,,
species.Sentry,Дрон-Охоронець,,
speed,Швидкість,,
starmap,Зоряна Мапа,,
starmap.about,"Підключено Навігаційну Рубку! Тепер можна відкрити Оверлей Зоряної Мапи та побачити місцезнаходження Корабля у космосі, а також космічні об'єкти поряд із Кораблем. Але щоб Корабель мав можливість переміщатися у космосі - необхідні функціонуючі двигуни, того чи іншого типу.",2022-01-07,
starmap.blackhole.warping,Входимо До Чорної Діри<br><size=200%>{0}</size>,,
starmap.changing.scope,Регіон Зоряної Мапи<br><size=200%>{0}</size>,,
starmap.enter.dest.not.null,Виконати операцію неможливо - наразі Корабель рухається до певного пункту призначення. Перед тим як змінити цільовий регіон на Зоряній Мапі потрібно завершити (або відмінити) поточну подорож.,,
start.mining,Розпочати Майнінг,,Label on a button that starts mining a cryptocurrency
start.tutorial,Розпочати Навчання,,
starting.expedition,Розпочинаємо експедицію до {0}. Шатл буде запущено після того як члени команди зійдуть на борт. Можна відстежувати прогрес експедиції у оверлеї Експедиції (меню зверху справа).,,
stasis.elysium,Елізіум,,
stasis.pod.flying.info,Це Стазис-Капсула. Необхідно зачекати поки вона приземлиться на борт та вилучить свій вміст.,,
stasis.pod.incoming,Виявлено Стазис-Капсулу,,
stasis.pod.landed.info,На борт Корабля щойно приземлилась Стазис-Капсула. Вміст капсули буде вилучено після процедури виходу зі Стазису.,,
stasis.pod.merchant.prompt,"Власник Стазис-Капсули - мандрівний незалежний Комерсант {0}, що подорожує Всесвітом у пошуках гарного гешефту. Він пропонує торгівлю - можна продати чи обміняти деякі предмети чи сировину.",,
stock.market,Фондовий Ринок,,
stock.market.research.required,"Для розблокування цього функціонала необхідно виеонати дослідження технології ""Фондовий Ринок"". ",,
stock.ownership.All,Все,,
stock.ownership.Owned,У Власності,,
stock.trading.research.required,"Для розблокування цього функціонала необхідно виконати дослідження технології ""Торги на Фондовому Ринку"". ",,
stockpile,Кількість Об'єктів,,
stop,Стоп,,
stop.growing,Зупинити Вегетацію,,
stop.mining,Зупинити Видобуток,,
stop.processing,Зупинити Обробку,,
stop.producing,Зупинити Виробництво,,
storage,Сховище,,
storage.and.processor.unavailable,Відсутні Склад та Обробник,,
storage.and.processor.unavailable.desc,"Для {0} позначених предмета(ів) немає сумісного складу, та для {1} предмета(ів) немає доступного обробника. Спочатку слід змонтувати відповідні складські та оброблюючі потужності ({2}).",,
storage.capacity,Заповнено,,
storage.capacity.bar,Заповнено: {0}/{1},2022-06-09,
storage.capsule,Вантажна Капсула,,
storage.capsule.still.flying,Ця Вантажна Капсула наразі перебуває у польоті. Будь-яка взаємодія із Капсулою стане можливою лише після її приземлення на борт Корабля.,,
storage.container.incoming,Наближається Вантажна Капсула,,
storage.empty,Сховище порожнє,,
storage.full,Сховище заповнено,,
storage.module,Модуль-Диск,,
storage.module.amount,{0} ЗБ,,
storage.module.builtin,Вбудований Модуль-Диск,,
storage.module.unpowered,Модуль-Диск (Знеструмлений),,
storage.settings,Налаштування Зберігання,,
storage.unavailable,Відсутні Складські Модулі,,
storage.unavailable.desc,"Для {0} предмет(ів) що були відмічені немає сумісного складу. Спочатку побудуйте складські потужності, та спробуйте повторити цю операцію.",,
store.materials,Складати Матеріали,,
story.leaving_earth.intro.1,Завантажувач копіює ПО Нейронної Мережі на хост. Ввод/Вивід наразі відключено для запобігання початкового шоку. <br><br>Візуальний інтерфейс буде ввімкнено за  3... 2... 1...,2022-03-31,
story.leaving_earth.intro.2,"Вітаю, колоністе. Я {0}, Штучний Інтелект, що був призначений для розбудови цього корабля. Однак ця задача виявилась занадто складною для моєї програми, тому я вирішив задіяти ресурси людської свідомості одного з колоністів у роботі Нейронної Мережі. Тебе було обрано випадковим чином. Я приношу свої вибачення за можливі незручності.",2026-08-27,{0} is the ship computer's name
story.leaving_earth.intro.3,"Це <nobr><b>Корабельний Комп'ютер</b></nobr>, який одночасно і є частиною, і контролює функціонування Нейронної Мережі. Намагайся уберігати цей пристрій за будь-яку ціну, допоки це не порушуватиме Перший Закон Робототехніки Азімова<br><i>[ Робот не може заподіяти шкоду людині, або своєю бездіяльністю дозволити, щоб людині було заподіяно шкоду ]</i>",,
story.leaving_earth.intro.4,"Наразі {0} вцілілих колоністів перебувають у гібернації у <nobr><b>Стазис-Масиві</b></nobr>. Необхідно підключити його до Мережі та забезпечити достатньо енергії для стабільної роботи систем життєзабезпечення. Через нестачу енергії капсули втрачають стабільність, а несправні капсули стануть причиною випадків передчасного пробудження істот від кріо-сну. Щоб мінімізувати можливі втрати серед пробуджених від Стазису колоністів, необхідно відновити придатну для людських організмів екосистему на цій ділянці.",,
story.leaving_earth.intro.5,"Я буду час від часу надавати слушні поради з тих чи інших питань, у залежності від обставин. Передаю керування у повному обсязі. Хай щастить!",,
story.leaving_earth.loading,"Планету Земля було остаточно втрачено. Ви - розвинений ШІ, що відповідає за будівництво та керування ""{0}"", корабля-ковчега, який шукатиме планету придатну для життя.",,
story.leaving_earth.loading_side,"Створюється сценарій. Будь ласка, зачекайте...",,
story.leaving_earth.loading_side_att,Створюється сценарій. Спроба {0}...,,{0} will be a number: 2 or greater
story.leaving_earth.log.desc,"Мене було призначено для будівництва корабля, який зможе подорожувати на далекі відстані, зберігаючи людей у стані Кріо-Сну у Стазис-Масиві. У нашому розпорядженні купа матеріалів які можна використовувати - тож, все повинно бути досить легко.",,
story.leaving_earth.log.title,Розпочато Будівництво Корабля,,
story.ship.cpu.destroyed.desc,Корабельний Комп'ютер було знищено. Ми втратили всі сподівання.,,
story.ship.cpu.destroyed.title,Корабельний Комп'ютер було знищено,,
story.wreck_empty_ship.intro.1,Завантажувач копіює ПО Нейронної Мережі на хост. Ввод/Вивід наразі відключено для запобігання початкового шоку. <br><br>Візуальний інтерфейс буде ввімкнено за  3... 2... 1...,2022-03-31,
story.wreck_empty_ship.intro.2,"Вітаю, колоністе! Я {0} - Штучний Інтелект, що був призначений для керування цим кораблем. Через аварійну подію під час подорожі мені довелося залучити для допомоги ще й людську свідомість. Тебе було обрано як найбільш придатного із тих людей, що вижили після катастрофи. Я приношу свої вибачення за можливі незручності.",2026-08-27,{0} is ship computer's name
story.wreck_empty_ship.intro.3,"Це <nobr><b>Корабельний Комп'ютер</b></nobr>, який одночасно і є частиною, і контролює функціонування Нейронної Мережі. Намагайтеся уберігати цей пристрій за будь-яку ціну, допоки це не порушуватиме Перший Закон Робототехніки Азімова<br><i>[ Робот не може заподіяти шкоду людині, або своєю бездіяльністю дозволити, щоб людині було заподіяно шкоду ]</i>",,
story.wreck_empty_ship.intro.4,"Схоже ще комусь вдалося вижити - слід доглядати цих колоністів. Щоб підтримати їх життя якнайдовше, слід відремонтувати та перемістити деякі прилади до ділянки де вони наразі перебувають.",2022-02-28,
story.wreck_empty_ship.intro.5,"А ось іще {0} вцілілих колоністів, що перебувають у стані гібернації у <nobr><b>Стазис-Масиві</b></nobr>. Але його система життєзабезпечення потроху втрачатиме стабільність - допоки ми не відновимо її енергопостачання.<br><br>Несправні капсули стануть причиною випадків передчасного пробудження істот від кріо-сну. Щоб мінімізувати можливі втрати серед пробуджених від Стазису колоністів, необхідно відновити придатну для людських організмів екосистему на цій ділянці.",2022-02-28,
story.wreck_empty_ship.intro.7,Чи не бажаєте пройти Прискорений Курс із керування? Якщо ви не робили цього раніше - я наполегливо рекомендую.,2022-02-28,
story.wreck_empty_ship.intro.8,"Схоже десь поряд перебувають ще деякі розтрощені та покинуті кораблі, або їхні фрагменти. Можна буде наблизитися до них та спробувати якось використати - авжеж, після відновлення певних засобів <b>Космічних Подорожей</b>.",,
story.wreck_empty_ship.log.desc,"Я пробудився, але дещо не в той спосіб що я очікував. Схоже на те, що мою свідомість було завантажено до Корабельного Комп'ютера. А також, якщо я вірно пам'ятаю, ця операція незворотня - тож я застряг у цьому залізному ящику навічно...",,
story.wreck_empty_ship.log.title,Пробудився,,
story.wreck_empty_ship.skip_tutorial.desc,"ShipOS пропонує пройти Прискорений Курс навчання - але я радше розбиратимуся у всьому сам. Сподіваюсь, я не пошкодую про своє рішення.",,
story.wreck_empty_ship.skip_tutorial.title,Пропущено Прискорений Курс Навчання,,
story.wrecked_empty_ship.loading,"Колиску людства, планету Земля, було остаточно втрачено. Ті з землян, кому вдалося вижити, блукають всесвітом у пошуках нового дому. Ви перебуваєте у стані гібернації на ""{0}"", одному з кораблів-ковчегів, обладнаному розвиненим ШІ, що пробудить колоністів після того як на планеті, придатний для життя людей, буде засновано базу.",,
story.wrecked_empty_ship.loading_side,"Створюється сценарій. Будь ласка, зачекайте...",,
story.wrecked_empty_ship.loading_side_att,Створюється сценарій. Спроба {0}...,,
storygen.default,Збалансовано,2021-11-22,
storygen.none,Без історії,,
storygen.random,Випадково,,
stress.buildup,Зростає рівень стресу,,
strip.equipment,Зняти Спорядження,,
structure.doors.door01,Двері,,
structure.doors.door01.desc,Автоматичні двері. Використовуються для контролю доступу до приміщень.,2026-07-15,
structure.doors.doorairlock01,Шлюз,,
structure.doors.doorairlock01.desc,"Пристрій здатен запобігти перемішуванню повітря між поєднаними ділянками, при цьому дозволяючи переміщення об'єктів чи колоністів.",2026-07-15,
structure.floors.floor01,Підлога,,
structure.floors.floor01.desc,Звичайний елемент підлоги.,,
structure.floors.floor01angle,Підлога (Кут),,
structure.floors.floor01angle.desc,Звичайний кутовий елемент підлоги. Можна обертати перед тим як розмістити.,,
structure.floors.floor01lit,Підлога (Світло),,
structure.floors.floor01lit.desc,"Звичайний елемент підлоги, що може випромінювати світло, якщо буде підключений до Мережі. Колір світла може бути обраний на ваш смак.",,
structure.floors.flooremblem,Підлога з Емблемою,2022-03-31,
structure.floors.flooremblem.desc,"Звичайний елемент підлоги, із нанесеним графічним зображенням на ваш вибір.",2022-03-23,
structure.floors.flooremblemreinforced,Посилена Підлога з Емблемою,,
structure.floors.flooremblemreinforced.desc,"Міцніший та витриваліший елемент підлоги порівняно із звичайним, на який може бути нанесено графічне зображенням на ваш вибір.",,
structure.floors.floorglass01,Скляна Підлога,,
structure.floors.floorglass01.desc,Елемент підлоги із прозорою частиною конструкції. Відкриває чудові космічні краєвиди. Гарно пасує до житлових приміщень де мешкають колоністи.,,
structure.floors.floorglass01lit,Скляна Підлога (Світло),,
structure.floors.floorglass01lit.desc,"Елемент підлоги із прозорою частиною конструкції, що може випромінювати світло, якщо буде підключений до Мережі. Колір світла може бути обраний на ваш смак. Відкриває чудові космічні краєвиди. Гарно пасує до житлових приміщень де мешкають колоністи.",,
structure.floors.floorreinforced01,Посилена Підлога,,
structure.floors.floorreinforced01.desc,Міцніший та витриваліший елемент підлоги ніж звичайний. Краще протистоїть впливу механічних та термічних факторів.,,
structure.floors.floorreinforced01angle,Посилена Підлога (Кут),,
structure.floors.floorreinforced01angle.desc,Міцніший та витриваліший кутовий елемент підлоги ніж звичайний. Цей елемент можна обертати перед тим як розмістити.,,
structure.floors.floorreinforced01lit,Посилена Підлога (Світло),,
structure.floors.floorreinforced01lit.desc,"Міцніший та витриваліший елемент підлоги, що може випромінювати світло якщо буде підключений до мережі.",,
structure.floors.floorvent01,Вент.отвір (підлога),,
structure.floors.floorvent01.desc,"Елемент підлоги, із вбудованим вентиляційним отвором. Здатний сполучати ділянку, на якій він розташований, із відкритим космосом. Ефективно допомагає приборкати пожежу.",,
structure.floors.frame01,Рама,,
structure.floors.frame01.desc,"Дешевий структурний елемент. Майте на увазі - через особливості конструкції, ділянка де розміщена рама, матиме пряме сполучення із відкритим космосом. Переміщення по поверхні Рами можливо, але ускладнено у порівнянні зі звичайною підлогою.",2025-07-15,
structure.floors.tractorbeamtarget,ЕМ Захват Ціль,,
structure.floors.tractorbeamtarget.desc,"Пристрій у складі комплексу <b>ЕМ Захват</b>, що визначає кінцеву локацію, до якої буде спрямовано траєкторію Рухомого Об'єкта.",,
structure.walls.vent01,Вент.отвір (стіна),,
structure.walls.vent01.desc,"Елемент стіни із вбудованим вентиляційним отвором. У відчиненому стані виконує пасивний воздухообмін із суміжною ділянкою у невеликому обсязі. Зазвичай, одного отвору буде недостатньо для повноцінного забезпечення теплом та киснем суміжної ділянки. А також слід переконатися, що вентиляційні отвори у стінах не сполучаються із безповітряним простором.",2025-07-15,
structure.walls.vent02,Вент.отвір (полегш. стіна),2023-02-20,
structure.walls.wall01,Стіна,,
structure.walls.wall01.desc,Звичайний елемент стіни,,
structure.walls.wall02,Полегшена Стіна,2023-02-20,
structure.walls.wall02.desc,Полегшений елемент стіни. Чудово пасує до інших полегшених структурних елементів.,2023-02-20,
structure.walls.wallreinforced01,Посилена Стіна,,
structure.walls.wallreinforced01.desc,Міцніший та витриваліший елемент стіни порівняно зі звичайним. Краще протистоїть температурному та механічному впливам.,,
structure.walls.wallsocket01,Розетка(стіна) {0}-{1},,
structure.walls.wallsocket01.desc,"Елемент стіни із вбудованим бездротовим конектором. Здатен забезпечити підключення до мережі до {0} пристроїв, що розташовані у радіусі {1} плиток. Конектори можна з'єднувати у ланцюг для розгалуження мережі.",2025-07-15,
structure.walls.wallsocket02,Розетка(полегш.стіна) {0}-{1},2023-02-20,
structure.walls.window01,Вікно,,
structure.walls.window01.desc,"Елемент стіни із прозорою частиною конструкції. У контексті естетики - кращий за звичайну стіну, бо колоністам подобаються космічні краєвиди.",,
structure.walls.window02,Полегшене Вікно,2023-02-20,
structure.walls.windowreinforced01,Посилене Вікно,,
structure.walls.windowreinforced01.desc,"Елемент стіни із прозорою частиною конструкції, міцніший та витриваліший порівняно зі звичайним вікном. Та й у контексті естетики - також кращий за посилену стіну, бо колоністам подобаються космічні краєвиди.",,
studio.website,Веб-сайт Студії,,
success,Успіх,,
surface.slots,Займає плиток,,"This is for a menu item that shows the slots a surface of some furniture has for items like decorations or food, etc. Each slot can contain a different item. "
surrounded.by.people,Перебування у компанії Людей,,"Displayed as a status label for introverts / extroverts when they are surrounded by people. As in ""John is currently surrounded by people"""
suspending.neural.network,Зупиняється Нейронна Мережа,,
switch.off,Вимкнути,,
switch.on,Увімкнути,,
sync.level,Рівень Синхронізації,,
take,Взяти,,Action verb for a button that would force someone to pick up (take) and item
taken.tasks,Активні Завдання,,
target.amount,Цільова Кількість,,
target.oxygen,Цільовий Рівень Кисню,,
target.selected,Ціль Обрано,,
target.temperature,Ціль: {0},,
tasks,Завдання,,
temp.connect,Забезпечити Тимчасове Підключення,,
temp.connect.established,Тимчасове Підключення Встановлено,,
temp.range,Вегетація від {0} до {1},,"This is for plants, to show at what temperature a specific selected plant will grow. Example: ""Grows from -10C to 40C"""
temp.range.from,"Комфортна Температура, мін.",,
temp.range.to,"Комфортна Температура, макс.",,
temp.resistent,Стійкий до Екстремальних Температур,,
temp.resistent.info,"Об'єкт не спалахне від зовнішнього джерела тепла або полум'я. Але він все ще може бути розплавлений, або перетворений на енергію у спеціальних виробничих потужностях.",,
temp.too.cold,Занадто Холодно,,
temp.too.hot,Занадто Тепло,,
temperature,Температура,,
template.too.big,Шаблон завеликий! Макс. розмір 16x16,,
terraform.aqua.bar,Створення Океанів: {0},,
terraform.atmo.bar,Створення Атмосфери: {0},,
terraform.bio.bar,Створення Біосфери: {0},,
terraform.completed,"Завершено тераформування на {0}! Тепер планета готова стати домом для колонії.<br><br>Розпочати процедуру можна за допомогою меню ""Колонізувати"" у оверлеї Тераформування.",,
terraform.terrain.bar,Створення Твердої Поверхні: {0},,
terraform.type.Atmosphere,Атмосфера,,
terraform.type.Biosphere,Біосфера,,
terraform.type.completed,Завершено Тераформування {0},,
terraform.type.Oceans,Океани,,
terraform.type.Terrain,Тверда Поверхня,,
terraformable.planets,Планети для Тераформування,,
terraforming,Тераформування,,
terraforming.about,До Мережі підключено Консоль Тераформування! Більше інформації про поточні опції можна знайти у Оверлеї Тераформування.<br><br>А також у секції Тераформування у Кодекс > Операційний Посібник.,,
terraforming.ineffective,Тераформування Неефективне,,
terraforming.ineffective.info,"Наразі тераформуючий пристрій працює, однак поблизу Корабля відсутня планета що придатна до тераформування. Рекомендовано відключити усі пристрої тераформування задля збереження ресурсів.",,
terraforming.material,Сировина для Тераформування,,
terraforming.material.bar,Сировина для Тераформування: {0}/{1},,
terraforming.material.type,Використовує {0},,
terraforming.now,Тераформування {0},,
test.configuration,Тест Конфігурації,,
tex.eighth,Мінімальна (1/8),,
tex.full,Максимум (1),,
tex.half,Середня (1/2),,
tex.quarter,Низька (1/4),,
text.too.long,Текст занадто довгий,,
text.too.long.desc,Текст довжиною {0} символів. Він буде скорочений до {1}.,,
texture.size,Якість Текстур,,
thank.you.for.playing,Дякую що граєте у Stardeus,,
their.valuables,Товари Комерсанта,,
tier.num,Рівень {0},,
tiles.traveled,Довжина подорожі у плитках,,
time.ago,{0} тому,,
time.since.damage.received,"Востаннє Ушкоджено, Час",,
time.stopped,Час Зупинено,,
time.till.impact,Час до зіткнення,,
times.evaluated,"Розглянуто, разів",,
tip,Порада,,
tip.long.press,Клікніть та утримуйте для активації цього типу кнопки,,
toggle,Змінити,,
toggle.layout,Змінити Вигляд,,
toilet,Туалет,,
toilet.dirty,"Туалет засмітився, потребує очистки",,
toilet.fill.bar,Біо-відходи: {0}/{1},,
toilet.overflowing,Туалет переповнено,,
too.many.active.orders,Забагато Активних Наказів,,
too.many.active.orders.info,Через <b>Обмеження Пам'яті-RAM</b> неможливо додати наступну кількість завдань: <b>{3}</b>.<br><br>Наразі кількість активних завдань складає <b>{0}</b>. При цьому наявний об'єм <b>Пам'яті-RAM</b> складає <b>{1} EБ</b> - і це обмежує максимальну кількість активних завдань числом <b>{2}</b>.,2022-08-10,
tool.add_dirt,Додати Бруд,,
tool.add_dirt.desc,Створює різні плями бруду,,
tool.ads_cancel,Відмінити Завдання,,
tool.ads_cancel.desc,Відміна всіх завдань у межах відміченої ділянки,,
tool.ads_priority,Змінити Пріоритет,,
tool.ads_priority.desc,Зміна пріоритетів завдань у межах відміченої ділянки,2022-06-25,
tool.ads_retry,Рестартувати Завдання,,
tool.ads_retry.desc,Рестарт невдалих завдань у межах відміченої ділянки,,
tool.choose_pos,Обрати Позицію,,
tool.copy_config,Копіювати Конфігурацію,,
tool.copy_config.desc,"Копіює конфігурацію деяких об'єктів (освітлення, агро-боксів, сонячних панелей та т.і.)",,
tool.create_explosion,Створити Вибух,,
tool.create_explosion.desc,Створює Вибух,,
tool.create_template,Створити Шаблон,,
tool.create_template.desc,Створює шаблон що може бути використаний для генерації,,
tool.damage_tiles,Пошкодження,,
tool.damage_tiles.desc,Пошкоджує об'єкти,,
tool.deal_damage.line,Пошкодити Лінійну Ділянку,,
tool.deal_damage.line.desc,Нанести пошкодження упродовж вказаного відрізку,,
tool.deal_damage.square,Пошкодити Прямокутну Ділянку,,
tool.deal_damage.square.desc,Нанести пошкодження у межах вказаної прямокутної ділянки,,
tool.dev_inspect,Інспекція для Розробників,,
tool.dev_inspect.desc,Для поглибленої інспекції роботи ігрового движка,,
tool.energy_connect,Підключити,,
tool.energy_connect.desc,Протягніть лінію між двома електричними пристроями щоб підключити або відключити їх,,
tool.free_select,Вільний Вибір,,
tool.free_select.desc,Розтягніть мишею зону для обрання декількох істот. Клікніть на істоту або на плитку для отримання додаткової інформації.,,
tool.manage_ads,Керувати Завданнями,,
tool.manage_ads.desc,Змінити пріоритети або відмінити завдання,,
tool.place_tiles,Монтувати,,
tool.place_tiles.desc,Об'єкти для монтажних робіт,,
tool.plan,Планувати,,
tool.plan.1,Тип 1,,
tool.plan.1.desc,Утримуйте Ctrl (модифікатор точності) щоб перетягнути рядки,,
tool.plan.2,Тип 2,,
tool.plan.2.desc,Утримуйте Ctrl (модифікатор точності) щоб перетягнути рядки,,
tool.plan.3,Тип 3,,
tool.plan.3.desc,Утримуйте Ctrl (модифікатор точності) щоб перетягнути рядки,,
tool.plan.4,Тип 4,,
tool.plan.4.desc,Утримуйте Ctrl (модифікатор точності) щоб перетягнути рядки,,
tool.plan.5,Тип 5,,
tool.plan.5.desc,Утримуйте Ctrl (модифікатор точності) щоб перетягнути рядки,,
tool.plan.6,Тип 6,,
tool.plan.6.desc,Утримуйте Ctrl (модифікатор точності) щоб перетягнути рядки,,
tool.plan.circle,Коло,,
tool.plan.circle.desc,Малює кола.,,
tool.plan.clear,Гумка для Плана,,
tool.plan.clear.desc,Видаляє зайве з Плану,,
tool.plan.desc,Планування розбудови Корабля,,
tool.plan.line,Лінія,,
tool.plan.line.desc,Малює прямі лінії,,
tool.plan.mirror_pivot,Дзеркальна Точка,,
tool.plan.mirror_pivot.desc,Встановлює точку віддзеркалення для інструмента Планувати. Щоб переключитися між краєм та центром - клікніть ту саму точку ще раз.,,
tool.plan.mirror_x,Віддзеркалення по X,,
tool.plan.mirror_x.desc,Все що буде намальовано - буде віддзеркалено по осі X,,
tool.plan.mirror_y,Віддзеркалення по Y,,
tool.plan.mirror_y.desc,Все що буде намальовано - буде віддзеркалено по осі X,,
tool.plan.ruler,Лінійка,,
tool.plan.ruler.desc,Вимірює дистанцію між двома точками.,,
tool.process,Обробити,,
tool.process.desc,Обробляти об'єкти у межах обраної ділянки.,,
tool.remove_tiles,Демонтувати,,
tool.remove_tiles.desc,Демонтувати об'єкти у межах обраної ділянки.,,
tool.repair,Ремонтувати,,
tool.repair.desc,Усунути пошкодження.,,
tool.spawn_being,Розмістити Істоту,,
tool.spawn_being.desc,Розміщує істоту.,,
tool.spawn_obj,Розмістити Об'єкт,,
tool.spawn_obj.desc,Розміщує об'єкт.,,
tool.start_fire,Запалити Вогонь,,
tool.start_fire.desc,Запалює вогонь у вказаному прямокутнику (розтягніть його),,
tool.store,Нести,,
tool.store.desc,Розтягніть прямокутне виділення над об'єктами щоб наказати віднести їх до сумісного складу.,2021-11-10,
total.items.produced,"Вироблено Предметів, Всього",,
tractor.beam,ЕМ Захват,,
trade,Торгівля,,Action verb displayed on a button that initiates a trade with a merchant
trade.buying,Пропозиція Комерсанта,,
trade.cancel,Відмінити Угоду,,
trade.execute,Виконати Угоду,,
trade.failed,Не вдалося виконати Угоду,,
trade.merchant.not.enough.cash,У Комерсанта недостатньо грошей для завершення транзакції,,
trade.modified,"Не всі предмети були доступні для продажу під час транзакції. Будь ласка, спробуйте спершу призупинити плин часу, а вже потім виконувати угоду - це дозволить уникнути змін у номенклатурі та кількості предметів, які можуть бути задіяні у торговельній угоді.",,
trade.no.offer,"Успішно виконати угоду можна буде якщо обрати предмети для обміну. Якщо ж торговельні операції наразі небажані - будь ласка, скористайтеся опцією Відмінити Угоду.",,
trade.no.teleporter,"Для успішного виконання цієї угоди необхідна наявність на борту нормально працюючого Телепорту, призначеного для торговельних операцій та для переміщення товарів. Будь ласка, змонтуйте ще один, або, якщо на борту вже є телепорт - переконайтесь що він підключений до живлення, призначений для торгівлі, та спробуйте укласти та виконати угоду ще раз.",,
trade.not.enough.cash,У вас недостатньо грошей для завершення транзакції.,,
trade.selling,Наша Пропозиція,,
trade.teleporter.required,Необхідний Телепорт,,
trade.teleporter.required.info,Така торговельна угода потребує наявного функціонуючого Телепорту для переміщення товарів.,,
traffic,Трафік,,"Label on a button that shows a list of space ships flying in a star system at the moment. As in ""car traffic"", or ""space ship traffic"""
train.skill,Вдосконалити Навичку,,
training.failed,Вдосконалення Невдале,,
training.failed.info,Для {0} наразі немає можливості вдосконалити будь-яку навичку.,,
training.skill,Вдосконалення {0},,
trait.ablutophobic,Аблютофобія,,
trait.ablutophobic.about,"Аблютофобія полягає у всепоглинаючому страху перед купанням, пранням або чищенням. Аблютофоби намагатимуться всіляко уникати використовувати душ.",,
trait.always_hungry,Полюбляє Попоїсти,,
trait.always_hungry.about,"Краще замкнути холодильник на замок, бо ця істота регулярно спустошуватиме його.",,
trait.b_wave_resistent,Стійкість до Бета-Хвиль,,
trait.b_wave_resistent.about,"Істоти, що є стійкими до бета-хвиль, також несприйнятливі до віддаленого контролю свідомості. Але їх все ще можна зробити покірними за допомогою імплантів.",,
trait.cleaning_ocd,ОКР-Чистка,,
trait.cleaning_ocd.about,"Люди із ОКР-Чистка схильні полишати інші справи та починати чистити підлогу навколо, якщо вона брудна (або здається їм такою). Таким проявам можна спробувати зарадити наявністю у достатній кількості Ботів-Чистильників.",,
trait.enlightened,Просвітленість,,
trait.enlightened.about,"Ця особа отримала просвітлення, та досягла стану усвідомлення недуальності. Просвітлені істоти не прив'язуватимуться до речей, субстанцій або інших істот. А також вони ніколи не матимуть психічних зривів.",2022-07-07,
trait.extroverted,Екстраверт,,
trait.extroverted.about,"Особа із екстравертним складом характеру - відкрита, схильна до спілкування із іншими, краще та більш впевнено почувається у колективі.",2022-09-20,
trait.fast_metabolism,Швидкий метаболізм,,
trait.fast_metabolism.about,"Істоти із пришвидшеним метаболізмом скоріше стають голодними, тож споживають більше їжі.",,
trait.hat_person,Полюбляє Капелюхи,,
trait.hat_person.about,Ця особа полюбляє носити капелюхи,,
trait.human,Людина,,
trait.insomniac,Розлад Сну,,
trait.insomniac.about,"При розладі сну істота не може спати, допоки не виснажується до втрати свідомості. Та навіть у такому випадку сон не буде міцним - тож істоти із розладом сну втомлюватимуться більше ніж решта.",,
trait.introverted,Інтроверт,,
trait.introverted.about,"Особа із інтровертним складом характеру - стримана, спокійна, схильна до самоаналізу, знаходить більш комфортним перебування на самоті.",2022-09-20,
trait.long_sleeper,Багато Спить,,
trait.long_sleeper.about,Потребує більше часу для того щоб добре виспатися,,
trait.nudist,Нудист,,
trait.nudist.about,Нудисти полюбляють перебувати без одягу,,
trait.Pet,Домашня Тваринка,,
trait.short_sleeper,Небагато Спить,,
trait.short_sleeper.about,Потребує менше часу на сон ніж звичайна особа,,
trait.showerer,Полюбляє бувати у душі,,
trait.showerer.about,"Полюбляє зависати у душовій, намагається робити це частіше та подовше",,
trait.slow_metabolism,Повільний Метаболізм,,
trait.slow_metabolism.about,"Істоти із повільним метаболізмом бувають голодними рідше за інших, та споживають менше їжі",,
trait.slow_pooper,Полюбляє посидіти у туалеті,,
trait.slow_pooper.about,Дехто немов годинами займає туалет. Це одна з таких істот.,2022-08-04,
traits,Риси особистості,,
transform.at,У {0},,"Will display a coordinate in {0}. Example: ""At [123:12]"""
travel.here,Рухатися Сюди,,
try.turn.on,Спробуйте Увімкнути,,
turn.on,Увімкнути,,
turret.charge.bar,Заряд Турелі: {0}/{1},,
turret.settings,Налаштування Турелі,,
tutorial.build.range.info,"Будь ласка, змонтуйте цей пристрій у межах {0} плиток від Корабельного Комп'ютера.",,
tutorial.time_speed,"Змінити плин часу можна як за допомогою підсвічених елементів ІК, так і хоткеїв - призупинити/відновити із <b>{0}</b>, змінити швидкість із <b>{1}</b>",2023-08-25,
tutorial.end,На цьому прискорений курс завершено. Дякую за ваше терпіння! Для подальшого навчання я дуже рекомендую переглянути {0}.<br><br>Я час від часу надаватиму поради за відповідних обставин.<br><br>Надається повний доступ до керування. Хай щастить!,2026-06-15,
ugly.surroundings,Потворне оточення,,
ui.animate,Анімація ІК,,
ui.auto.padding,Авто-розташування ІК,,
ui.auto.scale,Авто-масштабування ІК,,
ui.padding,Розташувати ІК вручну,,
ui.padding.tip,"За допомогою цього налаштування можна перемістити ІК ближче до середини екрана. Ця опція може бути корисною у разі використання одного по-справжньому широкого екрана, або у разі використання декількох екранів.",,
ui.scale,Масштабувати ІК вручну,,
ui.scroll.invert,Інверсний Скролл ІК,,
ui.scroll.speed,Швидкість Скроллу ІК: {0:0.##},,
unbind,Відмінити призначення,,"As in ""unbind a keyboard shortcut"""
uncomfortable.temp,Некомфортна Температура,,
unconfigured,Налаштувати,,
undamaged,Непошкоджено,,
undiscovered.research,Не Досліджено,,
undock,Від'єднатися від Док-Станції,,
unequip,Зняти,,
unfinished.feature,Незавершений Функціонал,,
uninstall,Вилучити,,
units.imperial,Імперські,,
units.km.millions,млн. км.,,
units.km.thousands,тис. км.,,
units.lightyears,св. р.,,
units.lightyears.billions,млрд св. р.,,
units.metric,Метричні,,
units.of.measurement,Одиниці Виміру,,
unity.data.privacy,Приватність Даних Unity,,
unity.data.privacy.fetch.fail,"Не вдалося отримати документ Приватності Даних Unity. Помилка: {0}<br><br>Будь ласка, перевірте стан підключення до Інтернет, а також чи не блокує фаєрвол можливість програми використовувати підключення до Інтернет.",,
unknown,Невідомо,,
unlink,Роз'єднати,,"as in ""remove a link"""
unload,Вивантажити,,
unlock,Розблокувати,,For doors. research has a separate key
unlocked,Розблоковано,,For doors. research has a separate key
unoccupied,Вільно,,
unpowered,Знеструмлено,,
unreachable.areas,Недосяжні Ділянки,,
unreachable.areas.desc,"Скористуйтеся оверлеєм Кімнати щоб знайти ділянки, які ізольовані від решти Корабля. Змонтуйте до них двері, або повітряний шлюз.",,
unreachable.areas.detected,Недосяжні Ділянки - {0},,
unreachable.required.mat,Неможливо дістатися до потрібного матеріалу,,
unsafe.oxygen.low,Небезпечні умови: замало кисню,,
unsafe.temp.too.cold,Небезпечні умови: занадто холодно,,
unsafe.temp.too.hot,Небезпечні умови: занадто тепло,,
update.available,Доступне Оновлення,,
update.available.info,Вік цієї версії гри <b>{0}</b> днів!<br><br>Актуальна версія: <b>{2}</b><br>Ваша версія: <b>{1}</b><br>Кількість змін та виправлень: <b>{3}</b>,,
upgrade.how.to,Встановлення Апгрейдів,,
upgrade.how.to.install,Як встановлювати Апгрейд,,
upgrade.in.progres,Виконується Встановлення Апгрейда,,
upgrade.not.available,Апгрейд Недоступний,,
upgrade.slots,Слоти для Модулів Апгрейда,,
upgrades,Апгрейди,,
upload.to.steam,Відвантажити до Steam Workshop,,
use.toilet,У Туалеті,,
used.a.toilet,Користування Туалетом,,
used.planter.toilet,Агро-Бокс замість Туалету,,
v.mouse.sens.tip,"Якщо ви користуєтесь геймпадом, можна керувати віртуальним курсором миші. Тут налаштовується швидкість руху цього курсору.",,
value.is.empty,Значення порожнє,,
velocity,Вектор Швидкості,,
vent.closed,Вент.отвір Зачинено,,
vent.open,Вент.отвір Відчинено,,
venting,Виливає Емоції,,"Verb, when someone is expressing anger, etc."
video.ambient.color.tip,"Визначає наскільки темними будуть неосвітлені ділянки корабля. Якщо на ділянці відсутні джерела світла, кількість навколишнього світла автоматично буде підсилено у відповідності до значення цього параметру. Цю опцію можна змінювати будь-якої миті під час гри - та одразу побачити результат.",,
video.anim.bg.tip,"Фонове зображення Космосу буде злегка рухатися під час переміщення камери над Кораблем, а також під час руху Корабля. Рекомендується залишити цю опцію увімкненою, а якщо такий варіант виявиться не комфортним - його можна буде вимкнути у будь-який момент.",2021-11-13,
video.apply.tip,Параметри деяких опцій застосовуються відразу після того як зазнають змін.,,
video.display,Дисплей,,
video.mode,Повноекранний режим,,
video.mode.full_screen_exclusive,Повноекранний (Ексклюзивний),,
video.mode.full_screen_window,Повноекранний (У вікні),,
video.mode.maximized_window,Розвернуте Вікно,,
video.mode.window,Вікно,,
video.resolution,Роздільна Здатність Екрана,,
video.shake.tip,"Під час гри у Stardeus зображення на екрані може здригатися. Це траплятиметься у разі досить рідкісних подій, на кшталт вибухів, або зіткнень із астероідом. Візуально цей ефект досить стриманий. Цю опцію можна змінити у будь-який момент гри.",2022-09-02,
video.target.fps,Цільова Кадрова Частота,,
video.texture.scale.tip,"Значення цього параметру визначається грою автоматично при запуску, у залежності від об'єму доступної відео-пам'яті. Зменшення розміру текстур дозволить зменшити використання пам'яті графічним адаптером, але при цьому картинка буде менш детальною у разі наближення камери (збільшення масштабу або zoom in). А також, якщо на комп'ютері не дуже багато фізичної пам'яті, зменшення розміру текстур може допомогти у випадках виникнення крешів, пов'язаних із помилками типу ""out of memory"". Для застосування змін необхідно буде перезапустити гру.",,
video.ui.font.scale.tip,Відносний розмір усіх шрифтів. Для застосування змін можливо доведеться перезапустити гру.,,
video.ui.scale.tip,Можна підлаштовувати це під час гри.,,
video.vsync,VSync,,
video.vsync.every2,Кожний 2й Кадр,,
video.vsync.every3,Кожний 3й Кадр,,
video.vsync.every4,Кожний 4й Кадр,,
video.vsync.off,Вимкнено <b>(НЕ рекомендовано!)</b>,2023-04-14,
video.vsync.on,Увімкнено,,
video.vsync.tip,"При встановленні цього параметру у ""Кожний 2й кадр"" - буде обмежено FPS до половини частоти оновлення екрана (у випадку звичайного не-ігрового монітора - до 30). Увімкнення цієї опції може знизити расход енергії та сприяти зменшенню перегрівання у лептопах.",,
vmouse.acceleration,Прискорення Курсору Геймпаду: {0:0.##},,
vmouse.acceleration.tip,Якщо утримувати стік - рух курсору геймпаду буде прискорюватися відповідно до цього значення. Якщо встановлено значення 0  - прискорення вимикається. ,,
vmouse.max.speed,Макс.швидкість курсору геймпаду: {0:0.##}x,,
vmouse.max.speed.tip,"Макс.швидкість, до якої може прискоритися курсор геймпаду (відносно до чутливості)",,
vmouse.sensitivity,Чутливість Курсору Геймпаду: {0:0},,
void.ripper.required,Для подорожей крізь Чорну Діру необхідним є повністю заряджений та функціонуючий Пронизувач Порожнечі,,
volume.ambience,Гучність Оточення,,
volume.fx,Гучність Звукових Ефектів,,
volume.master,Загальна Гучність,,
volume.music,Гучність Музики,,
volume.ui,Гучність Інтерфейсу Користувача,,
vsync.recommendation,Рекомендації щодо VSYNC,,VSync is short for vertical sync (computer display property)
vsync.recommendation.tip,"Ваш дисплей працює із частотою оновлення <b>{0}Hz</b>. Рекомендоване значення для VSync становить <b>{1}</b>, при цьому очікуваний FPS буде <b>{2}</b>.<br><br>Зауважте, що при великому значенні FPS для коректного виконання симуляції у грі може залишатися недостатньо часу, що може призводити до втрати деяких кадрів. Якщо ігровий процес не відчувається плавним, йде наче ривками - будь ласка, спробуйте обрати більше значення для VSync.",,variables will be numeric values.
waiting,Очікування,,
waiting.for.a.door,Очікує на двері,,
waiting.for.merchant.arrival,Очікуємо на прибуття Комерсанта,,
waiting.for.rescue,Очікує на Порятунок,,
waiting.for.worker,Очікує на Працівника,,
wake.up.chance,Темп Пробудження,,
wake.up.chance.desc,"Відображає відносний темп пробудження. Темп може бути змінено - для цього необхідно переключити режим роботи Стазису до Розвиненого, та дочекатися поки рівень Стабільності сягне високої позначки.",,
wake.up.priority,Пріоритет Пробудження,,
wake.up.priority.desc,"Керує темпом пробудження істот. 0 запобігатиме пробудженням, 9 намагатиметься пробудити так часто, як це буде можливо. Темп пробудження також доволі сильно залежить від Стабільності.",,
wake.up.progress,Прогрес Пробудження,,
walk.away,Піти геть,,
walk.next.to,Перейти до позиції,,
walk.to,Перейти до позиції,,
walking.difficulty,Складність для Наземної Маршрутизації,,
wallet,Гаманець,,
wallet.disclaimer,Гаманець - Відмова від Відповідальності,,
wallet.disclaimer.desc,"Ніякі внутрішньоігрові валюти у Stardeus не є справжніми криптовалютами, і не мають відношення до реального світу. Майнінг та обіг грошей у грі є повністю уявним. Якщо будь-яка внутрішньоігрова валюта має схожу назву із валютою, що існує у об'єктивній реальності - такий збіг є абсолютно випадковим. ""Stardeus ніяким чином не схвалює та не просуває будь-яку із реально існуючих криптовалют.""",,
wallet.is.empty,Гаманець Порожній,,
walls,Стіни,,
wanted.amount,Цільова Кількість,,
warn.device.idle,"Подія ""Простій""",,
warn.unsafe.area,"Подія ""Об'єкт на небезпечній ділянці""",,
warning,Попередження,,
warning.time.stopped,Попередження: Плин Часу Призупинено,,
warning.time.stopped.help,"Коли ви підключаєте нові пристрої до мережі, активація підключення займає деякий час. Тож, якщо плин часу призупинено - Корабельний Комп'ютер не зможе задіяти підключені Модулі RAM чи Дискової Пам'яті.",,
was.petted,Погладили,,
water,Вода,,
water.level.bar,Рівень Води: {0}/{1},,
wear.percentage,Зношеність: {0},,
wearing.a.hat,Носить капелюха,,
weave,Виготовити,,
weaving.now,Виготовляється {0},,
week,Тиждень,,
what.is.this,Що це таке?,,
will.be.petted.soon,Невдовзі погладять,,
willing.to.trade,Пропонує торгувати,,
winch.confirm,"Під час виконання операції Стягування дві секції будуть наближені одна до одної. Ця операція є небезпечною та незворотньою. Будь ласка, підтвердіть свою готовність продовжити.",,
winch.error.sections,"Стягування не може бути виконано. Переконайтесь що Якір Лебідки та Гак встановлено на різні Секції. Зауважте, що занадто крихітні відокремлені фрагменти Корабля не вважаються секціями та не враховуються у цій статистиці. Більше деталей можна знайти у Оверлеї Секції.",,
winch.forbidden,"Наразі виконання Стягування заборонено. Необхідними умовами для початку Стягування є відсутність на борту пожеж, бойових дій, або рухомих об'єктів (метеороїди, астероїди, шатли тощо) поряд із Кораблем.",,
winch.obstacle,"Переміщення перервано після <b>{0}</b> успішних кроків. Подальше виконання неможливо через перебування на маршруті пристроя, або ділянки, де заплановано але не завершено монтаж елементів підлоги. Операцію переміщення можна буде спробувати виконати ще раз після усунення перешкоди.",2023-05-21,
worker.assigned,Працівника Призначено,,
worker.cpu.info.desc,Щоб керувати більшою кількістю працівників потрібно змонтувати додаткові модулі-ЦП. Якщо продовжити додавати нових працівників під час нестачі ресурсу обчислювальної потужності ЦП - це призведе до вимкнення деяких працівників.,,
worker.cpu.info.title,Нестача ресурсу ЦП,,
worker.not.assigned,Працівник Не Призначений,,
worker.shutdown.not.enough.cpu,Працівник Вимкнений: Нестача Ресурсу ЦП,,
working,Робочий,,
working.out,Виконує Фізичні Вправи,,
workout,Фізичні Вправи,,
workout.slots,Місця для Фізичних Вправ,,
write.error,Помилка Запису,,
yes,Так,,
you.will.pay,Сплачуємо,,
you.will.receive,Отримуємо,,
your.email,Ваш Email,,
zoom,Масштабування,,
zoom.sens.tip,"Налаштовує швидкість масштабування у грі, включно із Деревом Досліджень та Зоряною Мапою",,
zoom.sensitivity,Чутливість Масштабування: {0:0.00},,
quest.ProvideHygiene,Забезпечити Гігієнічні Споруди,,
quest.ProvideHygiene.desc,"Наразі у колоністів доволі брутальний побут - доводиться користуватися Агро-Боксами у якості туалету, відсутня можливість як слід помитися або відчистити бруд, та таке інше. Тож вони будуть дуже вдячні за змонтовані <b>Туалет</b> та <b>Душ</b> - важливість цих споруд справді важко переоцінити.",,
evt.mutiny.title,Заколот,,
evt.mutiny.desc,На борту заколот! Деякі з членів команди тепер налаштовані вороже.,,
evt.engine.failure.title,Аварія Двигуна,,
evt.engine.failure.desc,Виникла нештатна ситуація із <b>{0}</b>! Внаслідок несправності паливної системи стався вибух двигуна.,,
brain.log.enabled,Журнал Мозкової Активності,,"Log is a verb here. If this setting is enabled, worker's brain activity will be logged (see ""log"" translation key)"
debug.log,Журнал Налагодження,,Noun
game.speed.multiplier,Примножувач Швидкості<br><b>{0:0.#}X</b>,,"game clock speed multiplier, {0:0.#} may become a number like ""10"", or ""0.5"""
modifier.NoHeavyDisasters,Відключено Масштабні Катастрофи,,
modifier.NoHeavyDisasters.desc,"Генератор Історії не буде використовувати катастрофічні події, що призводять до масштабних руйнувань на Кораблі (як-то <b>Астероїд</b> або <b>Метеорний Рій</b>).",,
modifier.NoFireSpread,Відключено Поширення Вогню,,
modifier.NoFireSpread.desc,Буде відключено самозагоряння та поширення вогню на гарячих локаціях.,,
include.player.log,Включно із файлом Player.log,,
include.player.log.tip,"Файл Player.log містить журнал подій, що фіксуються програмою під час останнього запуску. Це дуже цінна інформація для аналізу нештатних ситуацій та налагодження гри. ",,
show.player.log.dir,Каталог із файлом Player.log,,
open.steam.forums,Відкрити Форуми у Steam,,
open.steam.forums.tip,"Після повідомлення про баг, ви побачите вікно із <b>Ідентифікатором Проблеми (Issue ID)</b>. Будь ласка, скопіюйте та використовуйте цей Ідентифікатор на форумах Steam у відповідному топіку. Будь ласка, скористайтеся <b>Пошуком</b> перед тим, як створювати новий топік - адже додавання свого репорта до вже існуючого топіка із такою самою проблемою надасть такому топіку більшої пріоритетності, що, у свою чергу, призведе до скорішого вивчення цієї проблеми розробником.",,
report.no.forum.post.warn,"Через величезну кількість репортів, <b>повідомлення про проблеми, що відсутні у відповідному топіку на Форумах Steam, будуть розглядатися та оброблятися довший термін!</b>",,
obj.upgrades.autopilotupgrade,Модуль Апгрейду Авто-Пілот,,
obj.upgrades.autopilotupgrade.desc,"Дозволить Корабельному Комп'ютеру керувати Навігаційною Рубкою напряму, без участі людини-оператора.",2026-07-17,
research.autopilot,Авто-Пілот,,
structure.walls.ventreinforced01,Вент.отвір(посил.стіна),,
structure.walls.ventreinforced01.desc,"Міцніший та витриваліший елемент стіни із вбудованим вентиляційним отвором. У відчиненому стані виконує пасивний воздухообмін у невеликому обсязі. Зазвичай, одного отвору буде недостатньо для забезпечення теплом та киснем суміжної ділянки. А також слід переконатися, що стіни із вентиляційними отворами не сполучаються із безповітряним простором.",,
structure.walls.wallsocketreinforced01,Розетка(посил.стіна) {0}-{1},,
structure.walls.wallsocketreinforced01.desc,Міцніший та витриваліший елемент стіни із вбудованим бездротовим конектором. Конектори можна з'єднувати у ланцюг для розгалуження мережі.,,
ev.construct.fail.title,Невдалий Монтаж,,
ev.construct.fail.desc,Під час монтажу <b>{0}</b> стався критичний збій. Ситуація на цій ділянці може потребувати невідкладного втручання.,,{0} will be the device name
maxed.out, - Найвищий Рівень,,"As in ""skill level is maxed out"" or ""as good as it gets"""
task.priority,Пріоритет Завдання,,
production.cost,Витрати на Виробництво,,"Will show up as ""Production Cost: 1 day @ 200kW"""
smooth.zoom,Плавне Масштабування,,
produced.item,Виробляється,,Label for the item we are creating / producing / cooking / crafting etc
ingredient,Інгредієнт,,Label for the item that is an ingredient in production
output.multiplier,Множник Виходу,,"Example: ""Output Multiplier: x5"" - how many items the device will produce in one batch"
teleporter.designated.for.trade,Призначено для Торгівлі,,Label on a teleporter that is meant to be a portal for traded goods
teleporter.designated.for.trade.tip,"Цей Телепорт призначено для обслуговування Торговельних операцій. Саме через цей Телепорт передаватимуться будь-які вантажі - предмети або істоти, що є об'єктом торговельних угод із Кораблями або Планетами.",,
teleporter.designate.for.trade,Призначити для Торгівлі,,
teleporter.designate.for.trade.tip,Призначити цей Телепорт для обслуговування Торговельних операцій. Наслідком такого призначення стане відміна всіх раніше призначених Телепортів для Торгівлі.,,
trade.unsafe.environment,"Ви намагаєтесь придбати декількох біологічних істот. Зауважте, що призначений для обслуговування Торговельних операцій Телепорт наразі розташовано на ділянці із небезпечними для біологічних істот параметрами середовища. Таким чином, цілком можливою є ситуація, коли придбані та телепортовані на борт Корабля істоти отримають ушкодження (аж до летальних).<br><br>Цей Телепорт можна перемістити на іншу локацію, або перепризначити для обслуговування Торговельних операцій інший Телепорт.",,
teleporter.designated.unpowered,"Телепорт що призначено для обслуговування Торговельних операцій наразі відключено від Мережі, або знеструмлено через нестачу електрики.",,
combat.state.DirectControl,Пряме Керування,,A state when fighter is directly controlled by the player
direct.control.take,Пряме Керування,,Action to start controlling a worker (or multiple workers)
direct.control.release,Завершити Пряме Керування,,To stop controlling a selected worker or workers
direct.control.hover.tip,Натисніть {0} щоб надати прямі накази,,
direct.control.release.btn,Завершити,,Button (short) for releasing worker from direct control
direct.control.take.btn,Керувати,,Take direct control of a worker. Short button. Verb
device.warn.if.idle,Сповіщення у Простої,,next to a button that will enable automatic warnings if device is not doing any work
cpu.cost,Ресурс ЦП,,cost of processing power of a robotic worker
cpu.cost.tip,"Витрати обчислювальної потужності, що необхідна для керування одним Працівником (якщо він у онлайні). Якщо ресурсу обчислювальної потужності недостатньо для контролю наявних Працівників, деякі з них можуть бути відключені (переведені до стану оффлайн).",,
codex.blueprints.tip,"Повний список креслень для усіх пристроїв, як ще заблокованих (недосліджених), так і розблокованих шляхом виконання відповідних досліджень. Також можна виконувати пошук серед змонтованих пристроїв за їх типом.",,
codex.materials.tip,"Повний список матеріалів та об'єктів, як таких що є у наявності на борту, так і таких що ще не були виготовлені або здобуті. Також можна виконувати пошук серед присутніх на борту матеріалів за їх типом.",2022-11-13,
objects.devices.jukebox.desc,"Машина, що відтворює обрані зі списку музичні композиції. У якості оплати приймаються монети - тож можна отримати трохи грошенят, якщо члени команди використовуватимуть цей пристрій.",,
objects.devices.jukebox,Музичний Автомат,,
act.UseJukebox,Розважається із музикою,,
used.a.jukebox,Відпочинок із музикою,,
use.jukebox,Відпочити під музику,,
harvest.output,Продукт,,Label for list of products that are received when harvesting a plant
experimental.features,Експериментальні Особливості,,
experimental.features.tip,"Задіяти всі експериментальні особливості, що наразі присутні у грі. Зауважте - деякі з них можуть бути не повністю завершені та налагоджені.<br><br><b>Важливий нюанс!</b> Вимкнення експериментальних особливостей може призвести до подальшої непридатності тих файлів-сейвів, що було зроблено під час гри із увімкненими експериментальними особливостями.",,
experimental.feature,Експериментальний Функціонал,,
booting.neural.network,Запускаеться Нейронна Мережа,,
unreachable.mat,Матеріал Недосяжний,,
nav.fail.flying.cnt,"<b>Літаючий</b>, не добрався: <b>{0}</b>",,
nav.fail.grounded.cnt,"<b>Наземний</b>, не добрався: <b>{0}</b>",,
nav.fail.bio.cnt,"<b>Біологічний</b>, не добрався: <b>{0}</b> ",,
disable.story.events.btn,Ігрові Події [{0}],,"{0} will be X/Y, i.e. 80/80. If some event is disabled it will be 79/80"
disable.story.events.tip,Усі Ігрові Події Включено,,
disable.story.events.tip.disabled,Відключено Ігрові Події: {0},,"{0} will be replaced with a comma separated list of event names, i.e. (Asteroid, Meteoroid Shower)"
placement.tip.spacing.gap,Такий об'єкт має знаходитися щонайменше у {0} плитках від іншого об'єкта такої самої категорії,,{0} is a number
disable.all.mods,Відключити Всі Моди,,
enable.all.mods,Підключити Всі Моди,,
evt.spawn.derelict.ship.title,Виявлено Покинутий Корабель,,
evt.spawn.derelict.ship.desc,"У процесі сканування виявлено об'єкт, що має ознаки Покинутого Корабля. Локацію із об'єктом додано до Зоряної Мапи.",,
space.object.info.ShipDerelict,Це один із космічних кораблів що були покинуті та дрейфують у космосі.,,
space.object.approach,Наблизитися,,
space.object.approach.fail.expedition.running,"Неможливо виконати маневр наближення, якщо на поточний момент існують Експедиції у активному стані. Будь ласка, завершіть активну Експедицію, та спробуйте знову наблизитися.",,
move.section,Рухати Секцію,,Action verb. Button on a thruster that allows moving the ship part in space
move.section.distance,Дистанція Руху,,"Noun. Used in combination with ""Move Section"" button to define how far to move"
move.section.angle,Кут Руху,,
data.recalculated.retry.later,"Дані у процесі перерозрахунку. Будь ласка, призупиніть симуляцію та спробуйте ще раз.",,
abandon,Покинути,,"Verb, used on things or parts of ship we want to leave behind when flying away"
objects.devices.precisionthruster,Маневровий Контролер,2023-05-16,
objects.devices.precisionthruster.desc,Дозволяє виконувати високоточне маневрування на дуже коротких відстанях. Ідеально підходить для операцій на кшталт переміщення секцій Корабля.,2026-07-15,
research.localmaneuvering,Локальне Маневрування,,"Research name that unlocks ""Maneuvering Controller"" technology"
approaching.target,Наближається {0},,"{0} is the object name or type. I.e. ""Approaching Derelict Ship"""
space.object.ShipDerelict,Покинутий Корабель,,
objects.devices.systemscanner,Сканер Зоряних Систем,,
objects.devices.systemscanner.desc,Вдосконалена модифікація Радара.,2026-06-18,
research.systemscanning,Сканування Зоряних Систем,,
ship.in.no.build.zone,Частина Корабля знаходиться у Зоні де монтажні роботи неможливі,,A reason why ship can't fly (when it has parts of it inside the no build zone)
link.display,Тип Підключень,,
link.display.connectors,Лише Конектори,,
link.display.all,Всі,,
link.display.auto,Авто,,
evt.derelict.approached.title,Наближення до Покинутого Корабля,,
evt.derelict.approached.desc,"Корабель наближається до космічного об'єкта, що схожий на один з Покинутих Кораблів. Незважаючи на його занедбаний стан - завжди є шанс знайти там якісь корисні об'єкти або матеріали.",,
research.furnitureluxury,Файна Фурнітура,,
research.furniturewooden,Дерев'яна Фурнітура,,
quest.step.approach.derelict.ship,Наблизитися до <b>Покинутого Корабля</b>,,
quest.step.approach.derelict.ship.tip,Відкрийте оверлей <b>Зоряної Мапи</b> та виконайте команду <b>Наблизитися</b> на локації із Покинутим Кораблем.,,
quest.ApproachDerelictShip,Наблизитися до Покинутого Корабля,,
quest.ApproachDerelictShip.desc,"Поруч помічено <b>Покинутий Корабель</b>. Варто наблизитися до нього та спробувати пошукати на ньому щось корисне. А можливо там знайдеться якась інформація, що допоможе пояснити чому наш Корабель опинився у розтрощеному стані.",,
combat.state.AskForLift,Очікує на Перенос,,During combat a unit may ask another unit to carry it to a different location
combat.state.LiftUnit,Несе інший Юніт,,Carrying a unit to a different location during combat
research.machinelearning,Машинне Навчання,,
situation.DerelictsApproached,Відвідано Покинутих Кораблів,,Label next to number of derelict ships that were approached
starving,Голодує,,When worker is extremely hungry
ate.favorite.food,Улюблена Їжа,,
ate.raw.food,Сира Їжа,,
merchant.ripoff,Маржа Комерсанта: <b>{0}</b>,,"{0} will be a percentage. Price markup means that if it's 10%, you're overpaying from market price by extra 10%"
merchant.may.sell,Може продати (не купуватиме),,"Displayed before a list, example: ""May sell (won't buy): Food, Weapons, Armor"""
merchant.will.buy,Купуватиме (не продаватиме),,"Displayed before a list, example: ""Will buy (won't sell): Food, Weapons, Armor"""
merchant.will.buy.may.sell,Купуватиме / Може продати,,"Displayed before a list, example: ""Will buy / may sell: Food, Weapons, Armor"""
objects.devices.freezer,Морозильна Камера,,
objects.devices.freezer.desc,Пристрій для зберігання готової їжі та сирих інгредієнтів. Має велику місткість.,,
research.freezer,Морозильна Камера,,
objects.devices.quantumshipcomputer,Квантовий Корабельний Комп'ютер,,
objects.devices.quantumshipcomputer.desc,Вдосконалена модель Корабельного Комп'ютера,,
research.selfreplication.desc,Дозволяє задіяти у Мережі до 4 Корабельних Комп'ютерів одночасно,,
research.highavailability.desc,Дозволяє задіяти у Мережі до 16 Корабельних Комп'ютерів одночасно,,
research.highavailability,Висока Доступність,,
research.quantumcloud,Квантова Хмара,,
research.quantumcloud.desc,Дозволяє задіяти у Мережі до 64 Корабельних Комп'ютерів одночасно,,
research.shipcomputer.desc,Дозволяє задіяти у Мережі до 2 Корабельних Комп'ютерів одночасно,,
research.shipcomputer,Корабельний Комп'ютер,,
cpu.cap.reached,Корабельний Комп'ютер відключено від Мережі. Наразі ліміт кількості підключених до Мережі Комп'ютерів складає <b>{0}</b>. Цей ліміт може бути змінено після виконання певних досліджень.,,
search.tab.tooltip,Можна скористатися {0} для <b>Швидкого Пошуку</b> будь-якого об'єкта,,"{0} will be the binding, like ""TAB"""
scanner.offline,Сканер Неактивний,,"Scanner is a radar-like device that can scan space for various objects. It can be offline for various reasons - disconnected, unconfigured, etc."
scan.target.resource,Ресурс,,
scan.target.derelict.ship,Покинутий Корабель,,
scan.target.anomaly,Аномалія,,
scan.target.none,  - - -,,
scan.in.progress,Виконується Сканування,,
scan.target,Пошук: {0},,"Verb. It says what the scanner is currently targeting. Example: ""Scan target: Derelict Ship"""
scan.stats,Час Сканування: <b>{0}</b><br>Потужність: <b>{1}</b>,,
scan.not.found,Не знайдено - {0},,i.e. Uranium not found
scan.found.on.planet,Знайдено <b>{0}</b> на <b>{1}</b>,,i.e. Found Uranium on Mars
scan.found,Знайдено - {0},,i.e. Found Uranium
confirm.expedition.to.faction.territory,"<b>{0}</b> у власності фракції <b>{1}</b>. Видобувні експедиції на цьому космічному об'єкті негативно вплинуть на відносини із фракцією власників, і наслідки можуть бути миттєвими. Не рекомендовано взагалі відправляти експедицію до цього об'єкта.",,
research.systemscanning.desc,Більше інструментів Сканування у Зоряній Мапі,,
research.scanning.desc,Інструмент Сканування у Зоряній Мапі,,
system.scan.basic.unlocked,До Зоряної Мапи додано інструмент Сканування. Для сканування Зоряної Системи необхідно мати на борту принаймні один функціонуючий <b>Радар</b>.,,
system.scan.advanced.unlocked,До Зоряної Мапи додано нові опції Сканування. Щоб збільшити потужність сигналу - змонтуйте більше <b>Сканерів Зоряних Систем</b>.,,
ship.computer.cap.unlock,Тепер можна підключити до Мережі до <b>{0}</b> Корабельних Комп'ютерів одночасно.,,
upgrade.unlocked,Апгрейд Розблоковано,,
obj.materials.caoutchouc,Каучук,,
obj.materials.caoutchouc.desc,"Сировина, необроблена натуральна гума, джерелом якої є Каучукове Дерево.",,
obj.plants.rubbertree,Каучукове Дерево,,
obj.plants.rubbertree.desc,"Високе тропічне дерево, що є джерелом натурального Каучуку.",,
objects.furniture.pantry,Комора,,
objects.furniture.pantry.desc,"Невелика споруда, де можна зберігати різні харчові інгредієнти - таки як Кавові Боби, Зерно, Борошно.",,
objects.devices.pentagramstatue,Загадкова Статуя,,
objects.devices.pentagramstatue.desc,"Загадкова статуя, яка, схоже, має деякі надприродні властивості.",,
objects.furniture.largepantry,Велика Комора,,
objects.furniture.largepantry.desc,"Велика споруда, де можна зберігати різні харчові інгредієнти - таки як Кавові Боби, Зерно, Борошно.",,
objects.furniture.sofa,Диван,,
objects.furniture.sofa.desc,"Комфортабельний диван, на якому можна чудово відпочити.",,
obj.materials.leather,Шкіра,,
objects.furniture.armchair,Крісло,,
objects.furniture.armchair.desc,Велике комфортабельне крісло зі зручними підлокітниками.,,
obj.materials.leather.desc,"Гнучкий матеріал, що виробляється із шкіри біологічних істот.",,
beings.orbotron01,Орботрон,,It's a name for a robot that looks like a flying sphere (orb)
species.Orbotron,Орботрон,,It's a name for a robot that looks like a flying sphere (orb)
beings.orbotron01.desc,Сферичний бойовий робот позаземної конструкції.,2026-07-18,
research.orbotron,Орботрон,,
hold.cancel.to.skip,Утримуйте {0} для Пришвидшення Плину Часу,,
faction.AntiPlayer,Зневірені,,
faction.AntiPlayer.about,"Фракція, що втратила віру і не вважає тебе більше своїм лідером.",,
goal.ScanForResource,Скористайтеся скануванням Зоряних Систем,,
goal.ScanForResource.desc,{0} дозволяє сканувати поточну Зоряну Систему на наявність ресурсів або об'їктів певного типу. Обрати ціль сканування можна у ІК {1}.,2026-06-18,"{0} is Radar, {1} is Starmap"
goal.ScanAdvanced,Скористайтеся Сканером Зоряних Систем,,
goal.ScanAdvanced.desc,<b>Сканер Зоряних Систем</b> вдосконалює функціонал сканування у ІК Зоряної Мапи. Спробуйте просканувати Зоряну Систему на наявність <b>Аномалій</b> або <b>Покинутих Кораблів</b>.,,
flammable,Термічні Властивості,,Label for the menu that lists properties of objects that can catch on fire. Could be used as an adjective.
constructable,Монтаж,,Label for the menu that lists properties of buildable (constructable) objects. Could be used as an adjective.
battery,Батарея,,Label for battery (one that stores energy) properties. Could be used as a noun.
brain,Мозкова Активність,,Label for menu about the state of the brain. Could be used as a noun for a body part.
cleanable,Налаштування Очистки,,Adjective. Used as a label for menu for configuring cleanable items.
production.settings,Налаштування Виробництва,,Label for a menu where you can configure devices that produce items
emblem,Емблема,,Label for an emblem component configuration (where you can choose a custom emblem)
reactor,Реактор,,Label for menu of reactors (things that generate electricity)
plant,Рослина,,Noun (as in a flower or garden plant)
unstored.material,Несортоване,,Label for menu of material piles that aren inside the storage
goal.ApproachDerelict,Наблизьтеся до Покинутого Корабля,,
goal.ApproachDerelict.desc,Корабель перебуває поблизу одного з <b>Покинутих Кораблів</b>. За готовності наблизитися та дослідити його оберіть пункт <b>Наблизитися</b> у ІК Зоряної Мапи.,,
task.details,Деталі Завдання,,Label for a list about details of a work item (task)
haul.capacity,Вантажопідйомність,,Label for a ui element that shows how much of material a worker can haul (i.e. 20 pieces)
carrying.being,Переміщення Істоти,,Label for a UI element when a worker is carrying another worker or a colonist
drop.verb,Покинути,,"Verb, for a button label that forces the worker to drop something"
carrying.obj,Переміщення Об'єкта,,
situation.Tension,Напруженість Гри,,"As in ""stress level"" of the player"
difficulty.impossible,Неможливо,,
situation.Influence,Ступінь контролю ситуації у грі,,A level of influence player has over the game. This will be a label for the number of this statistic.
situation.TargetTension,Цільова Напруженість Гри,,Label for a chart that shows level for the value of story difficulty that the game will try to produce
quest.step.set.dest.type,Встановити призначення: <b>{0}</b>,,"{0} will be Planet, Space Ship, Black Hole, etc"
quest.step.set.dest.type.tip,"Відкрийте <b>Зоряну Мапу</b>, клікніть на <b>{0}</b> та оберіть опцію: <b>{1}</b>.",,"{0} will be Planet, Space Ship, etc, {1} will be an existing translation saying ""Travel To"""
quest.step.reach.so.type,Дістатися <b>{0}</b>,,"{0} will be Planet, Space Ship, Black Hole, etc"
quest.step.reach.so.type.tip,"Переглянте <b>Зоряну Мапу</b>, знайдіть <b>{0}</b>, та здійсніть подорож до цього об'єкта.",2024-12-24,"{0} will be Planet, Space Ship, etc"
quest.step.start.expedition,Відправити експедицію,,
quest.step.start.expedition.tip,"Відкрийте <b>Зоряну Мапу</b>, клікніть сусідню планету, та оберіть опцію <b>{0}</b>. Після того як експедиція виконає деякий об'єм роботи, відкрийте меню <b>Керування Експедицією</b> клікнувши назву експедиції у Панелі Подій, потім <b>Відкликати Експедицію</b>, та зачекайте на повернення <b>Шатла</b>.",2023-09-02,"{0} will be another translation (""Launch Expedition"")"
quest.ExplorePlanet,Дослідити сусідню планету,,
quest.ExplorePlanet.desc,"Зараз слушний момент перевірити здатність Корабля до космічних подорожей. Поблизу знаходиться Планета - спробуйте підлетіти ближче до неї, та відправити експедицію за допомогою <b>Шатла</b>.",,
quest.VisitAnotherSystem,Відвідати іншу зоряну систему,,
quest.VisitAnotherSystem.desc,"Після того як буде закінчено дослідження поточної зоряної системи, слід виконати міжзоряну подорож та відвідати нову зоряну систему.",,
ad.rej.floor.not.constructed,Спочатку має бути змонтована підлога,,
ad.rej.no.floor,"На цієї локації відсутня підлога. Будь ласка, змонтуйте тут підлогу, або відмініть завдання.",,
too.hot.tip,"Якщо температура на ділянці занадто висока - спробуйте поліпшити відвід тепла. Заважати ефективному відводу можуть, наприклад, стіни навколо ділянки. У такому випадку, як варіант, можна змонтувати на ділянці <b>Охолоджувачі</b>. Або забезпечити контакт такої ділянки із відкритим космосом - наприклад, шляхом заміни суцільних елементів підлоги на рамні, або змонтувавши пристрої вентиляції.",,
hold.to.select.multiple,Щоб обрати декілька об'єктів утримуйте <b>{0}</b>,,"{0} is the key binding, i.e. SHIFT"
ship.preview.tip,Відображено початковий етап роботи алгоритма генерації Корабля. Фінальний результат може відрізнятися досить суттєво у певних сценаріях.,,
engine.power.tip,"Це сумарне значення Потужності Двигунів. Воно не включає у себе потужність таких типів двигунів, що не можуть бути використані на поточному регіоні Зоряної Мапи.",,
engine.min.push.tip,"Більший за розміром Корабель потребуватиме більшої потужності двигунів для свого переміщення. Тож, можливо, доведеться наказати змонтувати додаткові двигуни.",,
engine.wrong.layer.tip,Цей тип двигуна не є придатним для використання у поточному регіоні Зоряної Мапи.,,
not.enough.engine.power,"Поточна конфігурація двигунів забезпечує <b>{0}</b> потужності. Проте, щоб мати можливість рухатися, Корабель потребує принаймні <b>{1}</b>. Змонтуйте додаткові двигуни, або зменшіть розмір Корабля. (Наразі розмір складає: <b>{2}</b>)",,"{0} and {1} are something like 50kW. {2} is just an integer number, like 1230"
engines.too.weak,Потужність Двигунів Недостатня,,
difficulty.peaceful,Безтурботно,,
goal.AddMoreCPU,Додайте обчислювальної потужності Нейронної Мережі,,
goal.AddMoreCPU.desc,Наразі обчислювальна потужність Нейронної Мережі є недостатньою для повноцінного функціонування. Слід змонтувати та підключити до Мережі більше <b>Модулів ЦП</b>.,2023-07-27,
no.label,Мітка Відсутня,,"For labeling devices, shown when there is no label assigned to an object"
set.label,Встановити Мітку,,Title for action to set the label
label,Мітка,,"As in ""tag"", ""name"". Noun."
size,Розмір,,Noun.
offset,Зміщення,,Vertical or horizontal offset. Noun.
research.labeling,Мітки,,
research.labeling.desc,Розблоковує можливість встановлювати мітки для пристроїв,,
objects.furniture.sign,Знак,,"As in ""sign post"""
objects.furniture.sign.desc,"Енергонезалежна пласка панель, що відображає настроюване повідомлення.",,
research.sign,Знак,,"As in ""sign post"". Noun."
height,Висота,,noun
width,Ширина,,noun
color.hue,Відтінок,,color property (H in HSL)
color.saturation,Насиченість,,color property (S in HSL)
color.luminosity,Світність,,color property (L in HSL) 
steam.connection.unavailable,"Неможливо встановити підключення до Steam. За таких умов неможливо буде користуватися функціоналом Steam Achievments та Workshop. Ось декілька порад, що можуть допомогти у вирішенні проблеми:<br> - Будь ласка, переконайтесь що  підключення до Internet працює коректно, та налаштування брандмауера(фаєрвола) не становлять перешкод для обміну інформацією зі Steam<br> - Будь ласка, переконайтесь що клієнт Steam працює у нормальному режимі<br> - Будь ласка, спробуйте перезавантажити(перезапустити) клієнт Steam<br> - Будь ласка, спробуйте перезавантажити Операційну Систему свого комп'ютера<br> - І нарешті - спробуйте зробити невелику перерву та прогуляйтеся (принаймні за чаєм/кавою/...)",,
combat.ongoing,Відбуваються бойові дії,,
bot.cpu.limit,Роботи споживають ресурс ЦП,,
bot.cpu.limit.tip,"Якщо цю опцію вимкнено - для потреб контролю механічних істот використовуватиметься ресурс обчислювальної потужності Нейронної Мережі. Доведеться планувати використання цього ресурсу, та, за необхідності, монтувати та під'єднувати до мережі додаткові <b>Модулі ЦП</b>. У разі недостатності обчислювальної потужності деякі механічні працівники будуть відключені.",,
modifier.NoCPULimit,Роботи не споживають ресурс ЦП,,
outer.room.id,Зовнішня  Ділянка #{0},,
no.landing.zone,Відсутня Посадкова Зона,,
no.landing.zone.tip,"У складі Корабля наразі немає достатньо великої ділянки, що могла би використовуватися у якості Посадкової Зони - тобто такої, щоб водночас була би змонтованою із цілісних та неушкоджених елементів, та сполучалася би із відкритим космосом. Відсутність такої ділянки може призвести до аварійної ситуації, коли під час приземлення чи зльоту космічні апарати стикатимуться із корпусом Корабля та/або іншими об'єктами на борту.",,
area.exposed.to.space,Ділянка сполучається із відкритим космосом,,
area.exposed.to.space.tip,"Це достатня за розміром ділянка, що сполучена із відкритим космосом, та може бути використана як посадкова зона для прибуваючих космічних апаратів",,
must.be.outdoors,Має бути розташовано ззовні,,
must.be.outdoors.tip,"Якщо цей пристрій розташований на замкненій ділянці, він може функціонувати не таким чином як очікується. Краще буде або перемістити його на ділянку, що сполучена із відкритим космосом, або сполучити із відкритим космосом цю ділянку - спробуйте демонтувати деякі елементи стіни або підлоги.",,
must.be.indoors,Має бути розташовано всередині,,
must.be.indoors.tip,"Якщо цей пристрій розташований на сполученій із відкритим космосом ділянці, він може функціонувати не таким чином як очікується. Ліпше буде або перемістити його на повністю замкнену ділянку, або зробити цю ділянку замкненою - спробуйте змонтувати всі відсутні елементи стіни або підлоги таким чином, щоб ця ділянка стала повністю замкненою.",,
no.build.zone,Зона блокування монтажу,,
no.build.zone.tip,"Не слід монтувати у цій зоні будь-які структурні елементи - вона повинна залишатися вільною, щоб Корабель мав можливість переміщатися у космосі.",,
no.fly.zone,Зона блокування польоту,,
no.fly.zone.tip,"Якщо у цій зоні знаходяться будь-які структурні елементи - Корабель не зможе переміщатися у космосі. Це також стосується Покинутих Кораблів. Будь-які об'єкти у цій зоні необхідно або підтягнути до Корабля, або демонтувати, або покинути - лише після цього стане можливим задіяти двигуни Корабля. Скористайтеся оверлеєм Секції для того щоб покинути непотрібні фрагменти.",,
selected.color,Колір - Обрано,,
overlay.tip.Tint,Фарбувати,,verb
tool.tint,Фарбувати,,verb
paint.floor,Фарбувати Підлогу,,
paint.walls,Фарбувати Стіни,,
erase.floor,Видалити Підлогу,,
erase.walls,Видалити Стіни,,
color.pick,Обрати,,short action verb on button that picks color (eyedropper tool)
no.color.selected,Колір - Не Обрано,,
save.color,Зберегти Колір,,
new.tech,Нова Технологія,,
tint.sys.unlocked,Став доступним <b>Оверлей Фарбування</b> !,,
tint.sys.locked,Дослідіть <b>Фарбування</b> щоб розблокувати цей функціонал.,,
research.paint,Фарбування,,
research.paint.desc,Розблоковує оверлей <b>Фарбування</b>,,
structure.doors.door02,Полегшені Двері,,
structure.doors.door02.desc,Автоматичні полегшені двері. Чудово пасують до інших полегшених структурних елементів.,,
objects.devices.autopainter,Авто-Маляр,,
objects.devices.autopainter.desc,"Пристрій розсіює рій наноботів, що переносять частинки пігменту, за допомогою якого можна змінити колір поверхні більшості об'єктів.",,
obj.materials.pigmentblue,Блакитний Пігмент,,
obj.materials.pigmentblue.desc,Пігмент блакитного кольору,,
obj.materials.pigmentgreen,Зелений Пігмент,,
obj.materials.pigmentgreen.desc,Пігмент зеленого кольору,,
obj.materials.pigmentred,Червоний Пігмент,,
obj.materials.pigmentred.desc,Пігмент червоного кольору,,
current.color.estimate.tip,Кількість тайлів що будуть пофарбовані,,
max,Макс,,"abbreviation for ""maximum"". Should be as short as possible, goes on a short button"
obj.materials.poppyheads,Голівки Мака,,
obj.materials.poppyheads.desc,"Рослинний продукт, що використовується як інгредієнт у кулінарії та медицині.",2026-07-17,
obj.materials.poppypetals,Пелюстки Мака,,
obj.materials.poppypetals.desc,"Барвистий рослинний продукт, що видобувається із макових квітів.",2026-07-17,
obj.plants.poppy,Мак,,
obj.plants.poppy.desc,Рослина. Різні частини часто використовуються у медицині та кулінарії.,,
obj.materials.cornflowerpetals,Пелюстки Волошки,,
obj.materials.cornflowerpetals.desc,"Рослинний продукт. Ці тендітні блакитні пелюстки використовуються у медичних цілях, а також для виготовлення кольорового пігменту.",,
obj.plants.cornflower,Волошка,,
obj.plants.cornflower.desc,Рослина. Звичайна блакитна квітка із старої доброї Землі,,
cannot.afford,Недостатньо коштів,,Warning displayed in tooltip when something is too expensive
can.buy.count,Можна купити: {0},,{0} is a the number of items the player can afford to buy
tool.plan.move,Посунути План,,
tool.plan.move.desc,Клікніть та тягніть план у довільному напрямку,,
lightmap.scale,Якість Мапи Освітлення,,
lightmap.scale.tip,"Візуально помітити різницю між картами освітлення високої та невисокої якості можна, хіба що, добряче зменшивши масштаб (zoom out). Водночас, ця опція може відчутно позначитися на загальній продуктивності - особливо якщо GPU не дуже потужний.",,
lightmap.cell.size,Розмір Чарунки Мапи Освітлення,,
lightmap.cell.size.tip,"Зображення із меншим розміром чарунки може візуально виглядати краще при зменшенні масштабу (zoom out) - але це потребуватиме обчислювальних ресурсів та позначиться на загальній продуктивності. Збільшуючи розмір чарунки, майте на увазі що (можливо) доведеться збільшити максимальну кількість джерел світла у чарунці - інакше при зменшенні масштабу зображення може виглядати негарно. А взагалі - не рекомендовано використовувати комбінацію із чарунки великого розміру та низької якості мапи освітлення.",,
lightmap.max.lights.per.cell,Макс. Кількість Джерел Світла у Чарунці,,
lightmap.max.lights.per.cell.tip,"Якщо при зменшенні масштабу (zoom out) стає видимим муар (візерунок на кшталт сітки) - спробуйте збільшити максимальну кількість джерел світла у чарунці. Візьміть до уваги, що таке збільшення кількості потребуватиме додаткових обчислювальних ресурсів, та позначиться негативним чином на загальній продуктивності, особливо якщо GPU має невисоку потужність.",,
light.intensity,Глобальна Інтенсивність Світла,,
light.intensity.tip,Визначає наскільки яскравими будуть всі джерела світла. Ця опція не впливає на оточуюче світло.,,
range,Дистанція,,"Noun. as in ""reachable distance"". range of a gun, or a light source."
ignore.combat,Ігнорувати Бій,,
pixel.art,Піксель-Арт,,
pixel.art.low.budget,Малобюджетний Піксель-Арт,,
modifier.ExplosionBias,Схильність до Вибуху: {0},,how likely explosions can occur. {0} will be from -100% to +100%
modifier.ExplosionBias.desc,"Цей параметр визначає відхилення від стандартного значення вірогідності вибуху внаслідок деяких ланцюгових реакцій (пошкодження, коротке замикання, збій під час підключення до Мережі)",,
space.object.PlanetPOI,Цікава Локація,,
space.object.info.PlanetPOI,На цій ділянці знаходиться щось варте зусиль та часу на дослідження. Є сенс відправити сюди експедицію.,,
space.object.Moon,Луна,,
space.object.info.Moon,"Небесне тіло природного походження, що рухається орбітою планети. Луни відрізняються за розміром, формою, складом, природними умовами на поверхні та наявністю тих чи інших ресурсів.",,
ore.deposit,Поклади - {0},,"{0} will be replaced with ore name, such as Iron"
mining.difficulty,Складність Видобування,,
mining.difficulty.info,"У міру того як певний ресурс видобувається із родовища, зменшується кількість та насиченість покладів, та відповідно зростає Складність Видобування. А чим більшою буде Складність - тим меншим буде видобуток ресурсу за певний проміжок часу. Використання вдосконаленого гірничодобувного обладнання може допомогти збільшити видобуток ресурсу.",,
exp.mine.resource.title, {0} ({1:0.00}/Доба),,"{0} is resource name (i.e. Iron), {1:0.00} will become a number, like 1.35"
est.mining.rate,Темп Видобування: {0:0.00}/Доба,2023-09-16,"{0:0.00} will become a number, like 1.35"
orders,Параметри,,"noun, as in current orders"
min.mine.rate,Мінімальний Темп Видобування,,
min.mine.rate.tip,Експедицію буде завершено коли Темп Видобування ресурсу сягне значення меншого за Мінімальний Темп Видобування.,,
objects.devices.autodrillrig,Робо-Бурова Машина,,
objects.devices.autodrillrig.desc,"Повністю автоматична бурова машина, що ефективно видобуває ресурси для подальшого збирання.",2026-07-15,
research.miningautomation,Автоматизація Гірництва,,
quick.search.tip.starmap,Вкажіть назву космічного об'єкта який бажаєте знайти.,,
quick.search.tip.research,Вкажіть назву технології або пристрою який бажаєте знайти.,,
quick.search.tip,"Вкажіть назву пристрою що бажаєте змонтувати, або інструмента що необхідно задіяти, або істоти що бажаєте знайти, або розділу у Кодексі що бажаєте переглянути.",,
overlay.tip.Search,Шукати,,
deploy.resource.miner,Задіяти Видобувний Комплекс,,
resource.miner,Видобувний Комплекс,,
resource.miner.tip,"Цей автоматичний Видобувний Комплекс застосовується на родовищах ресурсів. Машина буде збирати ресурси, допоки її вбудоване сховище не заповниться.",,
deploy,Задіяти,,"Verb, as in deploy the troops"
temp.storage,Тимчасове Сховище,,
known.resource.deposits,Розвідані Поклади Ресурсів,,
planet.resource.filter.nearby,Поклади Ресурсів Поруч,,
planet.resource.filter.all.mined,Поклади що Розробляються,,
planet.resource.filter.nearby.mined,Поклади Поруч що Розробляються,,
planet.resource.filter.all.not.mined,Поклади що Не Розроблялися,,
planet.resource.filter.nearby.not.mined,Поклади Поруч що Не Розроблялися,,
codex.m.defenses,Захисні Пристрої,,
mining.difficulty.value,Складність Видобування: {0},,"{0} will become a numeric value, like 12.34"
scan.found.faction,Під час сканування було виявлено присутність фракції <b>{0}</b> на планеті <b>{1}</b>.,,{0} will be faction name {1} will be planet name
scan.target.faction,Фракція,,
faction.standing.tip,Стан відносин із фракцією <b>{0}</b>: <b>{1}</b>,,"{0} - faction name (i.e. pirates), {1} - standing value, could be number, or a word like good, bad, etc"
space.object.Port,Космічний Порт,,
space.object.info.Port,"У цьому місці можна взаємодіяти із представниками різних фракцій у різний спосіб - наприклад, проводити торговельні операції.",,
sell.ship.section,Продати Секцію Корабля,,
sell.ship.section.hint,"Можна розділити Корабель на секції, та продати деякі секції на верфі для космічних кораблів.",,
shipyard.section.offer,Комерсант <b>{0}</b> пропонує за цю секцію <b>{1}</b> старкредів.,,"{0} will be a merchant name or a space port, {1} will be the sum"
time.sensitive.operation,"Результат цієї операції певним чином залежить від часу. Будь ласка, спробуйте знову - і цього разу не намагайтесь змінювати швидкість плину часу.",,
merchant.type.MerchantSpacePortGood,Магазин Космічного Порту,,
merchant.type.MerchantSpacePortEvil,Сумнівний Магазин Космічного Порту,,
space.object.Resource,Поклади Ресурсу,2023-09-02,
space.object.info.Resource,Це придатні для видобування поклади ресурсу.,,
space.object.Anomaly,Аномалія,,
space.object.info.Anomaly,Радар зафіксував якусь незвичайну дивну активність у цьому регіоні. Слід бути обережним та уважним до перебігу подій.,,
expedition.already.in.progress,Експедиція до цієї <b>{0}</b> вже в активному стані.,,"{0} is the object type, like Anomaly"
rebuild.graphics.cache,Перебудова Кеша Графіки,,
rebuild.graphics.cache.tip,Перебудова Кеша Графіки може бути корисною у випадках дивного або неадекватного візуального ряду у грі. Під час виконання операції буде видалено наступний каталог:<br><br><b>{0}</b>,,
evt.exp.crash.site.survivors.title,Знайдено місце аварії,,
evt.exp.crash.site.survivors.choice,"Під час експедиції знайдено місце аварії, і схоже декому із постраждалих вдалося вижити. Чи варто забрати їх на борт?",,
evt.exp.crash.site.survivors.good.desc,"Із експедиційною командою на борт було доставлено <b>{0} виживших</b> істот, яких було знайдено на місці аварії.",,{0} is a number
evt.exp.crash.site.survivors.ambush.desc,"Із експедиційною командою на борт було доставлено <b>{0} бандюків</b>, які справно вдавали з себе виживших після аварії.",,{0} is a number
evt.exp.crash.site.survivors.good.title,"Врятовано декількох істот, яким вдалося вижити під час аварії",,
evt.exp.crash.site.survivors.ambush.title,Експедиція потрапила у засідку бандюків на місці аварії,,
verb.rescue,Рятувати,,
verb.leave,Покинути,,
verb.respond,Відповісти,,
evt.exp.raider.extortion.title,На Експедицію Скоєно Напад!,,
evt.exp.raider.extortion.choice,"Озброєні злочинці організували засідку та напали на <b>{0}</b>, і наразі вимагають викуп у сумі <b>{1}</b> старкредів. Обіцяють звільнити шатл та команду, якщо гроші будуть сплачені негайно.",,"{0} is shuttle name, {1} is some money amount"
verb.pay.ransom,Сплатити Викуп,,
verb.refuse,Відмовити,,
evt.exp.raider.extortion.paid.desc,"Викуп сплачено. Нападники звільнили шатл та заручників, ніхто не постраждав.",,
evt.exp.raider.extortion.fight.won.desc,Викуп не сплачено. Сталася сутичка між експедиційною командою та нападниками - у результаті бандюків було переможено!,,
evt.exp.raider.extortion.fight.lost.desc,Викуп не сплачено. Сталася сутичка між експедиційною командою та нападниками - у результаті було остаточно втрачено всю експедиціну команду та шатл.,,
evt.exp.raider.extortion.resolved.title,Інцидент із Нападом на Експедицію Завершено,,
verb.collect,Збирати,,As in gather or pickup
vsync.off.warning,"<b>Відключати VSync не рекомендовано !</b><br>У разі відключення ЦП та ГП отримають додаткове навантаження, а до того зменшується часу для обчислення симуляції. Як наслідок - реальне пришвидшення плину ігрового часу буде суттєво меншим!",,
vsync.off.autofix,"Схоже що VSync було раніше відключено. Наразі, як частина пакета оновлення, цю опцію буде задіяно. За необхідності VSync можна буде знову відключити у налаштуваннях Відео, але зауважте, що таке відключення є небажаним режимом роботи гри - це додатково навантажує ЦП та ГП, до того ж зменшує час для виконання розрахунків симуляції.",,
noun.recommended,Рекомендовано,,
objects.devices.cargocopter,Вантажний Коптер,,
objects.devices.cargocopter.desc,"Повністю автоматизований літальний транспортний засіб, призначений для транспортування гірничодобувного обладнання, та видобутої сировини.",2026-07-15,
menu.copters,Коптери,,
menu.copters.desc,Автоматичні безпілотні літальні апарати,,
copter.mission.stage.deploy.miner,Транспортувати {0},,"{0} is the resource miner device name, like Autodrill Rig"
copter.mission.stage.fly.to.ship,Повертається на Корабель,,
copter.mission.stage.fly.to,Прямує до {0},,"{0} is the name of the target, like Silicon Deposit, or a device name"
copter.mission.stage.collect.resource,Збирає {0},,{0} is material type 
copter.mission.stage.land.on.ship,Виконує Посадку на Борт Корабля,,
copter.mission.stage.leave.ship,Залишає Корабель,,
copter.mission.stage.start,Очікування На Вільний Коптер,,
copter.mission.stage.random.park,Намагається Виконати Посадку,,
copter.missions,Завдання Коптера,,header for a list of missions that copters can do
ongoing.missions,Активні Завдання,,
overlay.tip.Copters,Завдання Коптера,,
available.copters,Вільні Коптери,,Will be displayed along with the count on the UI element
ongoing.copter.mission.tip,Активні Завдання Коптера,,
noun.target,Ціль,,
expedition.type.mining,Видобування Ресурсу,,
expedition.type.exploration,Дослідження,,
space.object.CargoCopter,Вантажний Коптер,,
space.object.info.CargoCopter,Цей Вантажний Коптер виконує завдання.,,
no.task.reason.no.skill.one,Рівень навички <b>{0}</b> недостатній. Поточний рівень: <b>{1}</b>. Необхідний рівень: <b>{2}</b>. ,,{0} - skill name. {1} and {2} - a number (skill level). 
no.task.reason.job.priority0.one,Для цього працівника пріоритет для <b>{0}</b> завдань дорівнює <b>0</b>.,,Displayed when showing a reason why the selected worker will not do some tasks. {0} will be count of tasks (a number).
no.task.reason.job.priority.none,Відхилено <b>{0}</b> завдань - через те що працівник <b>не може виконувати завдання такого типу</b>.,,
no.task.reason.job.priority.none.one,Цей працівник не може виконувати завдання такого типу - <b>{0}</b>.,,{0} is job type - like construction or hauling
no.task.reason.total.one,Наразі є <b>1</b> незавершене завдання: {0},,{0} is task description
brain.stat.JobPriorityNone,Немає можливості,,
objects.devices.xenodetector,Ксенодетектор,,
objects.devices.xenodetector.desc,Пристрій виявляє невідомі біологічні форми життя у межах певного радіуса дії.,2026-07-15,
research.xenodetection,Ксенодетектор,,
alien.lifeform.detected,Виявлено Чужерідну Форму Життя,,
next.scan.in,Наступне Сканування за {0},,{0} time like 27m
space.object.Signal,Сигнал,,
space.object.info.Signal,"Отримано виклик із цього регіону, із використанням обладнання для комунікацій малої дальності.",,
verb.accept,Прийняти,,
sig.ask.money.unclear.reward.object.0,Загадковий виклик залишає команду заінтригованою - адже під час перемовин згадувався якійсь об'єкт величезної цінності. Проте щоб продовжити розмову - співрозмовник доволі безцеремонно просить суму у <b>{0}</b>.,,
sig.ask.money.unclear.reward.object.1,"Якийсь відлюдкуватий дослідник та винахідник надіслав це повідомлення із своєї прихованої лабораторії. Він шукає можливості залучити трохи грошей, десь <b>{0}</b>, для фінансування подальшої роботи над своїм проєктом. Що воно за проєкт - не дуже зрозуміло, він натякав на розробку якогось над-передового обладнання, що матиме грандіозний потенціал. Відмовився розкрити будь-які конкретні деталі стосовно роботи - принаймні до моменту отримання грошей.",,{0} is something like $10000 Starcreds
sig.ask.money.unclear.reward.object.2,"Це повідомлення надіслано ще одним авантюристом та шукачем скарбів, що наразі перебуває у пошуках фінансування для своєї наступної експедиції, у обсязі десь <b>{0}</b>. Обіцяє справедливо розділити результат - це має бути якийсь унікальний артефакт, що начебто знаходиться у відомому йому місці. Надати більше інформації про природу артефакту, або його властивості - відмовився.",,
sig.ask.money.unclear.reward.object.3,"У повідомленні від якогось ділка з нелегального ринку пропонується можливість придбати таємничий пристрій за <b>{0}</b>. Характеристики та призначення товару більш ніж туманні, але продавець таки стверджує що пристрій безумовно вартий своїх грошей, а у космічній подорожі взагалі буде безцінним.",,
sig.ask.money.unclear.reward.object.4,"На контакт вийшов інженер, що опинився у складній ситуації. Він просить надати йому <b>{0}</b> для ремонту свого судна. А у якості компенсації пропонує надати унікальний зразок технології із невимовно привабливими властивостями. Проте він відмовляється надати більш детальну інформацію стосовно своєї пропозиції - допоки не отримає гроші.",,
sig.ask.money.unclear.reward.object.5,"Це повідомлення від керівництва однієї фабрики із сусідньої планети. Наразі (і вже певний час) це підприємство перебуває у доволі скрутному фінансовому становищі - а для перезапуску виробництва необхідні інвестиції у розмірі <b>{0}</b>. Вони пропонують поділитися технічною документацією, яка буцімто дасть змогу змонтувати певну машину, корисну та потужну - але не хочуть розкривати детальну інформацію до отримання грошей.",,
sig.ask.money.unclear.reward.object.6,"Перехоплено доволі загадкове повідомлення, від загубленої та всіма забутої довгий час колонії, що розташована на одній із сусідніх планет. У повідомленні міститься прохання перерахувати суму у  <b>{0}</b>. Додає загадковості ще й той факт, що у повідомленні відсутні будь-який натяк як на відправника, так і на причину з якої потрібні ці кошти. Окрім того, ніде і ніяким явним чином не оговорюється будь-який варіант подяки за допомогу.",,
sig.ask.money.unclear.reward.object.7,"Це анонімний запит на суму у <b>{0}</b>, отриманий від ретельно прихованого джерела на сусідній планеті. Таємничий відправник намагається залишатися невідомим та трохи нагнітає градус загадковості - не надано ніякої інформації ані про себе, ані про свої наміри.",,
sig.ask.money.unclear.reward.object.8,"Це доволі спотворене перешкодами повідомлення - сповнене горя та відчаю прохання про <b>{0}</b>. У повідомленні, між тим, відсутня будь-яка конкретика щодо самого відправника та інших обставин. Залишається хіба що гадати про причини, з яких йому можуть знадобитися ці гроші.",,
sig.ask.money.unclear.reward.object.9,"Це повідомлення є проханням про невідкладну фінансову допомогу у <b>{0}</b>. Співрозмовник воліє тримати дистанцію - не надаючи ані деталей про себе, або своє становище, ані будь-яких подробиць про можливу винагороду за передачу коштів.",,
sig.ask.money.unclear.reward.object.10,"Коротке та загадкове повідомлення, у якому просто напряму просять гроші у сумі <b>{0}</b>. Так, інтуїтивно - відправник скидається на порядну персону.",,
sig.ask.money.unclear.reward.object.11,"Інтригуюче повідомлення від майстерного ремісника, що витратив багато свого часу та ресурсів на створення певного надзвичайного об'єкта, який, на його думку, не лише прекрасний візуально, а ще й наділений невимовно перспективними можливостями. Майстер погоджується розділити володіння та користування цим неймовірним шедевром - а у якості компенсації просить лише <b>{0}</b>, суто для покриття своїх витрат.",,
sig.ask.money.unclear.reward.object.12,"Повідомлення із захопливою істією, у якій згадується легендарний та втрачений багато років тому пристрій, що буцімто володіє властивістю змінювати хід історії. Наприкінці відправник зазначає, що зміг би  відстежити місцезнаходження цього невловимого артефакту - але для організації пошуків йому не вистачає доволі скромної суми у <b>{0}</b>.",,
sig.ask.money.unclear.reward.object.13,"Повідомлення від дослідника, який згадує деяку старовинну реліквію, що за чутками є ключем до невимовних багатств. Дослідник повідомляє, що має необхідну інформацію, і, на його думку, здатен віднайти та здобути цей предмет - але щоб розпочати експедицію йому необхідна невелика інвестиція, усього <b>{0}</b>.",,
sig.ask.money.unclear.reward.object.14,"Загадкове повідомлення про якийсь унікальний об'єкт із невимовним, надзвичайним потенціалом. Відправник просить <b>{0}</b> щоб розкрити більше деталей.",,
sig.ask.money.unclear.reward.object.15,"У повідомленні згадується деякий загадковий артефакт, рясно огорнутий натяками та таємницею. Відправник дає зрозуміти, що може допомогти заволодіти ним, і для організації робіт йому дуже допоможе внесок у сумі <b>{0}</b>.",,
sig.ask.money.unclear.reward.object.16,"Дещо туманне та таємниче повідомлення із натяками на якесь начебто видатне відкриття, без більш-менш конкретних деталей. І певна невелика інвестиція у цей проєкт, у розмірі <b>{0}</b>, надасть можливість скористатися результатами цього відкриття.",,
sig.ask.money.unclear.reward.object.17,"Доволі туманне повідомлення, у якому згадується дещо екстраординарне - без додаткових подробиць. Скористатися цим можна за помірний внесок у <b>{0}</b>.",,
sig.transaction.successful.0,"Вдячний відправник повідомлення передає свою подяку у грайливому тоні, припускаючи що ваша майстерність у прийнятті рішень викувана у вогні найскладніших випробувань.",,
sig.transaction.successful.1,"Після успішної транзакції продавець схвально відзивається про ваше рішення, тоном непідробного захоплення і поваги.",,
sig.transaction.successful.2,"Висловлюючи подяку за успішну транзакцію, голос відправника випромінює тепло та ентузіазм. Взагалі залишається приємне враження.",,
sig.transaction.successful.3,"Продавець залишається щирим та ввічливим впродовж усього часу виконання угоди, та навіть після завершення транзакції, виказуючи вдячність за вашу довіру.",,
sig.transaction.successful.4,"Відправник висловлює свою подяку та бажає успіху у подальших мандрах, у його голосі відчувається щира вдячність.",,
sig.transaction.successful.5,Як тільки транзакцію завершено - зв'язок раптово переривається. Щож... залишається хіба що розміркувати ще раз над можливими наслідками свого рішення.,,
sig.transaction.successful.6,"Контактна особа ввічливо та стримано підтверджує виконання транзакції, випромінюючи впевненість та професіоналізм впродовж усього часу виконання операції.",,
sig.transaction.successful.7,"У голосі відправника відчувається натяк на товариськість під час того як він висловлює свою вдячність - здається, вам вдалося створити не просто діловий зв'язок із ним.",,
sig.transaction.successful.8,"Голос залишається загадковим весь час - навіть після успішного завершення фінансової транзакції, а подяка за допомогу щиро оздоблена таємничими натяками. Так, здається на тому боці справжній майстер інтриги, що вміє тримати зацікавленим свого співрозмовника.",,
sig.transaction.successful.9,"Його вдячність за допомогу, здається, трохи із відтінком здивування - наче він і не очікував на успішну транзакцію. Це... хм... залишає вас одночасно у стані як задоволення від успішного завершення, так і трохи стурбованості від такої його реакції.",,
sig.transaction.successful.10,"Після успішної транзакції тон продавця помітно теплішає та розслабляється, він доволі дружньо висловлює свою подяку із непідробним відчуттям вдячності.",,
sig.transaction.successful.11,"Під час висловлювання подяки за успішну угоду, у голосі відправника відчувається впевненість та задоволення - це певною мірою передається і вам, залишаючи упевненість у своєму рішенні.",,
sig.transaction.successful.12,По завершенні транзакції тон відправника випромінює вдячність та полегшення на межі з безтурботністю - відмічаючи що ваша вражаюча інтуїція тепер вже точно дозволить йому знайти вихід із свого становища.,,
sig.transaction.successful.13,"Завершення транзакції підтверджується простим та щирим ""Дякую"" - проте у цій короткій фразі, без зайвих емоцій, відчувається щось справжнє, що впевнює вас у своєму рішенні.",,
sig.transaction.successful.14,"По завершенні транзакції вдячність відправника дещо стримана, проте щира. Це дає привід замислитися про важливість такого рішення.",,
sig.transaction.successful.15,"Успішна транзакція підтверджується відправником із поважним тоном, він висловлює свою подяку за довіру, та ще раз дає зрозуміти що ваша допомога стане частиною справді величного проєкту.",,
sig.transaction.successful.16,"Вдячний відправник дякує за успішну угоду, та шуткує що то був справді вдалий момент - бо вони вже вирішили прикрити цю лавочку та переключитися на своє нове захоплення - плетіння корзин під водою.",,
sig.transaction.successful.17,"Відправник висловлює свою вдячність та високо цінує допомогу, із дотепом відмічає що ваша майстерність у прийнятті складних рішень настількі гостра, що може посперечатися із найгострішим лезом.",,
sig.transaction.failed.can.retry.0,"Відправник відповідає презирливо та явно зневажливо до вашого рішення - проте неохоче додає, що чекатиме на ваше можливе повернення.",,
sig.transaction.failed.can.retry.1,"Розчарований відправник зітхає, коротко додаючи що він буде десь тут - на випадок якщо ви зміните свою думку.",,
sig.transaction.failed.can.retry.2,"Відправник хмикає, додаючи що ймовірно чекатиме якщо ви переглянете своє рішення.",,
sig.transaction.failed.can.retry.3,"Відправник спокійно повідомляє що пропозиція залишається відкритою, та можна буде зв'язатися із ним пізніше - якщо ви вирішите повернутися до цього питання.",,
sig.transaction.failed.can.retry.4,"Із поспіхом, відправник благає переглянути своє рішення, підкреслюючи що він чекатиме.",,
sig.transaction.failed.can.retry.5,"Із відчутним жалем відправник приймає відмову, проте запевняє що чекатиме на можливе повернення до цього питання.",,
sig.transaction.failed.can.retry.6,"Відправник доволі грубо глузує з відмови, саркастично запевняючи що можна буде ще повернутися до перемовин після того ви ""прийдете до тями"".",,
sig.transaction.failed.can.retry.7,"Відмову прийнято із очевидним роздратуванням - проте впевнено підкреслюється, що пізніше можна буде повернутися до перемовин, якщо ви вирішите переглянути своє рішення.",,
sig.transaction.failed.can.retry.8,"Реакція співразмовника досить стримана, здається навіть що йому байдуже. Наостанок він повідомляє що буде тут - на випадок, якщо пізніше ви зміните свою думку.",,
sig.transaction.failed.can.retry.9,"Отримано відповідь у грубому, та навіть агресивному тоні - співрозмовник із люттю гарчить що чекатиме тут, на випадок якщо ви ""порозумнішаєте"".",,
sig.transaction.failed.no.retry.0,"Контактна особа залишається стриманою та шанобливою, висловлює свою вдячність за приділений час та можливість провести перемовини, наостанок ввічливо прощається перед тим як завершити з'єднання.",,
sig.transaction.failed.no.retry.1,"Співрозмовник відчутно розчарований, він зітхає, швиденько завершує розмову та відключає зв'язок зі свого боку - не залишаючи навіть можливості для подальших перемовин.",,
sig.transaction.failed.no.retry.2,"Контактна особа майже миттєво втрачає цікавість - тон відчутно холоднішає, а через деякий час просто перериває сеанс зв'язку. Здається, це натяк на завершення перемовин.",,
sig.transaction.failed.no.retry.3,"Розчарування співрозмовника можна майже відчути на дотик - після невеликої паузи розмова завершується без зайвих реверансів, залишаючи вас у роздумах про наслідки свого рішення.",,
sig.transaction.failed.no.retry.4,"Відправник роздратований, це очевидно. Швиденько попрощавшись, завершує сеанс та зникає.",,
sig.transaction.failed.no.retry.5,"Співрозмовник реагує грубо, із саркастичними випадами дає зрозуміти що ви втратили дійсно надпривабливу можливість, після чого відключає сеанс зв'язку.",,
sig.transaction.failed.no.retry.6,"Персона із того боку просто таки закипає від роздратування, із люттю завершує розмову - що, схоже, означає відсутність будь-яких подальших перспектив у перемовинах.",,
sig.transaction.failed.no.retry.7,"Тон співрозмовника стає крижаним. Перемовини завершуються доволі недружнім ""на все добре"", залишаючи у вас тривале відчуття незручності.",,
sig.transaction.failed.no.retry.8,"Контактна особа бурмоче щось ледь чутне, та відключає сеанс із свого боку без попередження. Схоже хтось дуже розчарований перемовинами.",,
sig.transaction.failed.no.retry.9,"Співрозмовник, повним зневаги голосом, завершує розмову та раптово перериває сеанс, не залишаючи шансів на будь-який подальший діалог.",,
sig.transaction.failed.no.retry.10,"Контактна особа зітхає, даючи відчути своє розчарування перед тим як припинити сеанс зв'язку. Схоже що вони не чекатимуть нічого більше та рухатимуться далі.",,
sig.transaction.failed.no.retry.11,"Особа з того боку ввічливо зазначає що ваше рішення зрозуміле, під час прощання бажає найкращого, та в цілому завершує розмову у теплому тоні.",,
sig.transaction.failed.no.retry.12,"Контактна особа спокійно висловлює розуміння, дякує за витрачений час та надану можливість, та завершує сеанс із грацією та професіоналізмом.",,
sig.transaction.failed.no.retry.13,"Співрозмовник запевняє що він із розумінням прийняв ваше рішення, що все нормально, і перед тим як завершити перемовини у дружньому тоні - ще раз відмічає що високо цінує вашу увагу до його прохання та ваш витрачений час.",,
sig.transaction.failed.no.retry.14,"Співрозмовник підтримує розмову у дружньому тоні, каже що розуміє той факт, що далеко не кожні перемовини можуть завершитися успішно для обох сторін. Закінчує розмову у теплому тоні, ввічливо попрощавшись.",,
sig.transaction.failed.no.retry.15,"Голос контактної особи ввічливий та спокійний, він приймає ваше рішення таким як воно є. Наостанок щиро бажає успіху у майбутніх справах та завершує сеанс.",,
sig.transaction.failed.no.retry.16,"Контактна особа відповідає дипломатично - висловлює своє розуміння вашого рішення, ввічливо та з повагою прощається перед тим як завершити сеанс зв'язку.",,
sig.transaction.failed.no.retry.17,"Співрозмовник приймає ваше рішення із щирим співпереживанням, дякує за витрачений час та завершує сеанс ввічливим прощанням.",,
sig.transaction.failed.no.retry.18,"Співрозмовник залишається ввічливим, бажає вам удачі у подорожі перед тим як елегантно завершити сеанс.",,
sig.transaction.failed.no.retry.19,"У голосі контактної особи відчувається наче щира посмішка, коли він приймає ваше рішення таким як воно є. Він запевняє що не має важких та неприємних емоцій, дякує вам за витрачений час та завершує сеанс.",,
sig.transaction.received,Отримано: {0},,{0} will be an item or list of items. There may be new lines there if it's a list
sig.transaction.request,Потрібно буде передати: {0},,{0} will be an item or list of items. There may be new lines there if it's a list
sig.transaction.will.receive,Буде отримано: {0},,
sig.transaction.fulfilled.title,Сигнал: Прохання Задоволено,,
sig.transaction.failed.title,Сигнал: Прохання Не Задоволено,,
sig.transaction.fulfilled,Прохання було задоволено.,,
sig.transaction.failed,Не вдалося задовольнити прохання.,,
sig.transaction.rejected,Прохання було відхилено.,,
sig.ask.obj.clear.reward.0,"Контактна особа пояснює своє прохання тим, що неочікувано закінчився весь <b>{0}</b>, який використовувався у якості палива для антигравітаційного взуття. Як компенсацію за надану допомогу обіцяє <b>{1}</b>.",,"{0} is a material type, like Uranium, {1} is a $100000 or some reward item name."
sig.ask.obj.clear.reward.1,"Співрозмовник каже, що під час одного з сеансів телепортації щось пішло не так, та багато ресурсів зникло невідомо де. Наразі вони намагаються потроху поповнювати  запаси, та їх дуже цікавить <b>{0}</b>. До того ж, він пропонує непогану винагороду за допомогу у обсязі <b>{1}</b>.",,
sig.ask.obj.clear.reward.2,"Контактна особа розповідає, що під час перебування команди у стані кріо-сну на їхній корабель невідомим чином потрапила якась істота, або група істот. І таким же невідомим чином покинула корабель. Після пробудження команда виявила спустошення сховищ деяких матеріалів, зокрема наразі у нестачі <b>{0}</b>. Якщо ви допоможете поповнити запас - обіцяють компенсацію у сумі <b>{1}</b>.",,
sig.ask.obj.clear.reward.3,"Співрозмовник каже що ворожий ШІ-бот проник на корабель та поцупив деякі речі, зокрема майже не залишилося ресурсу <b>{0}</b>. Ситуація доволі неприємна, та потребує оперативного розв'язання - тож, у разі допомоги, він гарантує винагороду у обсязі <b>{1}</b>.",,
sig.ask.obj.clear.reward.4,"Чудернацька історія. Нібито у них, на борту їхнього корабля, раптово з'явилась якась аномалія, і поглинула багато ресурсів, матеріалів, та таке інше. Наразі їх цікавить <b>{0}</b>. Що ж, як би там не було - вони бажають поповнити свої запаси, а за допомогу обіцяють компенсацію, <b>{1}</b>.",,
sig.ask.obj.clear.reward.5,"Контактна особа повідомила, що у результаті спалаху на зірці у них трапилися певні аварійні ситуації, і вони втратили  багато своїх ресурсів та матеріалів, зокрема наразі у нестачі <b>{0}</b>. Ситуацію вони вважають критичною, і пропонують <b>{1}</b> за надання допомоги.",,
sig.ask.obj.clear.reward.6,"Дещо тремтячим голосом співрозмовник повідомив, що через атаку піратів вони втратили багато ресурсів. Час спливає, а проблему із нестачею ресурсів їм самотужки таки не вдалося розв'язати. Проте вони мають гроші, і присягаються сплатити суму <b>{0}</b> у разі надання допомоги у вигляді ресурсу <b>{1}</b>.",,
sig.ask.obj.clear.reward.7,"Контактна особа, схоже, перебуває на межі паніки - доволі нервово повідомляє про якийсь таємничий вірус, що розповсюдився по їхньому кораблю, що, у свою чергу, призвело до зараження та псування всіх запасів ресурсу <b>{0}</b> на борту. Співрозмовник запевняє, що у разі надання допомоги у поповненні запасів - вони компенсують це грошима у сумі <b>{1}</b>.",,
sig.ask.obj.clear.reward.8,"Із справжнім відчаєм співрозмовник повідомляє про прикрий інцидент із роботом-прибиральником, внаслідок якого працьовитим роботом було випадково утилізовано весь наявний запас ресурсу <b>{0}</b>. Вони гарантують винагороду <b>{1}</b> у разі будь-якої допомоги у придбанні такого ресурсу.",,
sig.ask.obj.clear.reward.9,"Контактна особа розповідає трагічну історію про те, як вони невдало зманеврували, та натрапили на астероїд - внаслідок чого корабель майже було знищено. На додачу вони залишились без багатьох ресурсів, проте наразі їх дуже цікавить <b>{0}</b>. У разі допомоги у поповненні запасів вони обіцяють <b>{1}</b>.",,
sig.ask.obj.clear.reward.10,Контактна особа поспіхом цікавиться можливістю отримати ресурс <b>{0}</b> якнайшвидше. Якщо угоду буде укладено - вони обіцяють <b>{1}</b>.,,
sig.ask.obj.clear.reward.11,"Повідомлення виголошується за допомогою синтезатора речі. Це пропозиція на закупівлю ресурсу <b>{0}</b>, без будь-якої додаткової інформації. Ну дуууже дивним є звуковий фон до повідомлення - схожий на справжню какофонію. Проте вас запевняють що співпраця буде гідно винагороджена сумою у <b>{1}</b>.",,
sig.ask.obj.clear.reward.12,Загадкова особа повідомляє що її цікавить придбання ресурсу <b>{0}</b>. Ніяких додаткових деталей не повідомляється. Чутно доволі дивний та гучний музичний фон - щось схоже на циркове шоу. Співрозмовник із гумором пояснює це галасливими сусідами. Обіцяє компенсацію у <b>{1}</b> за допомогу.,,
sig.ask.obj.clear.reward.13,"Контактна особа розповідає, що під час аварії у поясі астероїдів вони втратили багато ресурсів, і наразі їх дуже цікавить <b>{0}</b>. Каже що у якості винагороди буде запропоновано <b>{1}</b> - і на його думку така угода занадто цікава для того щоб її просто проігнорувати.",,
sig.ask.obj.clear.reward.14,"Співрозмовник не дуже говіркий, висловлюється доволі обережно - просто каже що <b>{0}</b> це наразі дуже важливий та бажаний для них ресурс. За допомогу у отриманні ресурсу буде надана сума у <b>{1}</b>.",,
sig.transaction.failed.lack.items,Відсутні необхідні ресурси.,,
objects.devices.centrifuge,Центрифуга,,
objects.devices.centrifuge.desc,"Пристрій, що використовується для збагачення руд металів, або радіоактивних субстанцій для подальшого застосування у промисловості.",2026-07-15,
obj.materials.enricheduranium,Збагачений Уран,,
obj.materials.enricheduranium.desc,"У збагаченому урані значно більша відсоткова кількість ізотопу U-235, що робить можливим самопідтримувану ланцюгову ядерну реакцію і використовується у ядерних реакторах як паливо.",2026-07-17,
refine,Виробити,,
refining.now,Виробництво - {0},,
obj.materials.nuclearcell,Ядерний Елемент,,
obj.materials.nuclearcell.desc,"Компактний елемент живлення, який генерує електричну енергію із теплової енергії розпаду радіоактивних елементів за допомогою технології термофотоелектричного, або термоелектричного перетворення.",2026-07-17,
sig.extortion.0,"Контактна особа вимагає надати <b>{0}</b>, та попереджає, що відмова може призвести до наслідків, про які вам напевно доведеться пошкодувати.",,
sig.extortion.1,"Голос вимагає надати  <b>{0}</b>, та погрожує моторошними наслідками у разі відмови.",,
sig.extortion.2,"Страшним хрипким голосом (с) співрозмовник застерігає від прийняття поспішного рішення, та додає, що відмова у задоволенні їхнього помірного запросу - всього у <b>{0}</b> - не призведе ні до чого приємного для вас, хіба що до жалю та розпачу.",,
sig.extortion.3,"На підвищеному тоні контактна особа агресивно вимагає <b>{0}</b>. При цьому десь на фоні розмови чутно брязкання металу та інші звуки, схожі на споряджання зброї - і це наводить на думку що напад таки неминучий.",,
sig.extortion.4,"У ворожому тоні співрозмовник наказує передати <b>{0}</b>. При цьому фоновий звук, схожий підготовку до злету рою ударних дронів, наче попереджає про вкрай неприємні наслідки відмови.",,
sig.extortion.5,"Із загрозливою інтонацією контактна особа наполягає на негайному отриманні <b>{0}</b>. Десь неподалік від нього, напевно, знаходиться військова база - чутно басовитий гул двигунів, які набирають оберти. Хмм... здається, вони не вагатимуться із використанням військової сили у разі необхідності.",,
sig.extortion.6,"Голосом, сповненим справжньої люті, співрозмовник вимагає надати <b>{0}</b>. При цьому чутно звуки роботи масивних машин, гідравліки та брязкання металу. О, так... хто таке чув - вже не сплутає це ні з чим іншим. Так звучить споряджання важкої артилерії. Сумнівів у серйозності їхніх намірів майже не лишається.",,
sig.extortion.7,"Співразмовник несамовито кричить, вимагаючи надати <b>{0}</b>, і негайно. Чути характерне потужне гудіння електрики - дуже схоже на заряджання енергетичних гармат. Від цього звуку, та роздумів про можливі наслідки незгоди пробирає мороз по шкірі.",,
sig.extortion.8,"Хтось волає дурним голосом, наказуючи невідкладно приготувати до передачі <b>{0}</b>. Десь там поряд можно почути агресивні вигуки та звуки ніби споряджання зброї - дуже схоже на підготовку до злету Капсул Зломщиків із абордажними командами на борту.",,
sig.extortion.paid.0,"Після отримання всього чого вони бажали, презирливий голос зневажливо радить частіше озиратися.",,
sig.extortion.paid.1,"Отримавши все що бажали, пірати надіслали уїдливе повідомлення, у якому ясно дали зрозуміти що добре пам'ятатимуть вашу слабкість. ",,
sig.extortion.paid.2,"Насмішливий голос із глумом коментує вашу покірність, і все ясніше стає зрозуміло що наразі вийшло купити лише тимчасовий спокій.",,
sig.extortion.paid.3,"Невдоволено буркочучи щось погрозливе, вони ніби неохоче приймають вашу згоду. Але із задоволенням продовжують залякування, не припиняючи нагадувати про свою військову міць та про відсутність коливань у необхідності її використання за першої ж нагоди.",,
sig.extortion.paid.4,"Отримавши все що хотіли, бандюки холодно попереджають що не слід плутати їхню допоки врівноважену поведінку із милосердям, бо у майбутньому вони планують навідатися у гості ще не раз.",,
sig.extortion.refused.0,"Надзвичайно розлючені відмовою, пірати обіцяють помститися, і вам ще доведеться гірко пожалкувати про своє невдале рішення.",,
sig.extortion.refused.1,"Голос співрозмовника попереджає, що пручання призведе хіба що до більш насильницької та безжальної помсти у відповідь.",,
sig.extortion.refused.2,"Надзвичайно розлючені відмовою, бандюки погрожують що примусять вас дорого заплатити за свою самовпевненість та нахабство.",,
sig.extortion.refused.3,"Контактна особа прохолодно запевняє, що спротив матиме вкрай неприємні наслідки - бо вони напевно не подарують такої нахабної непокори.",,
sig.extortion.refused.4,"Пірати погрозливо зауважують, що така зухвалість не залишиться безкарною, і нагадують що помста - це страва що подається холодною,тож їхня відповідь буде надана саме тоді, коли ви будете цього очікувати найменше.",,
show.roof,Показати Зовнішню Поверхню,,
show.roof.tip,"Замкнена ділянка - така, що має повний комплект елементів підлоги та повністю оточена по периметру стінами (включно із дверима, вентиляцією, шлюзами). Якщо ж на ділянці відсутні деякі фрагменти підлоги або стін - така ділянка є незамкненою, тобто сполучається із космічним простором. Передбачається що кожна замкнена ділянка має також Зовнішню Поверхню, яка залишається прозорою під час гри (щоб можна було бачити що відбувається у замкнених ділянках). Зверніть увагу, що замкненість ділянки не обов'язково означає що вона є  герметичною та теплоізольованою. Слід провести додаткові перевірки за допомогою відповідних Оверлеїв - Герметичності та Теплоізоляції - щоб знайти можливі місця порушення цілісності структурних елементів корпусу, та витоку тепла та повітря до космосу.",,
hold.button.for.more.info,Натисніть {0} для додаткової інформації,,"{0} is going to be an image with a key, like CTRL"
ui.auto.pack,Авто-групування ІК,,
ui.auto.pack.tip,"Якщо ця опція активна, деякі елементи ІК можуть бути автоматично згруповані задля зменшення розміру списку. Для застосування цього налаштування можливо доведеться перезапустити гру.",,
situation.BlackHoleJumps,Стрибки крізь Чорні Діри,,
sys.locked.by.research,Дослідіть <b>{0}</b> щоб розблокувати цей функціонал.,,{0} is technology name
mining.auto.unlocked,Відтепер стало можливим виробляти необхідне обладнання для автоматизації гірництва. Активовано оверлей <b>{0}</b>.,,
verb.mine,Видобувати,,as in mine the iron ore deposit
compatible.items,Сумісні Об'єкти,,"Items could be anything, fuel, clothing, equipment, devices"
compatible.item,Сумісний Об'єкт,,singular version of compatible.items
details.unknown,Подробиці невідомі,,displayed in the list when there is no details about some event
obj.upgrades.shuttledrillupgrade,Апгрейд Шатла - Буріння,,
obj.upgrades.shuttledrillupgrade.desc,Додатковий компонент для шатла. Встановлення апгрейду додає продуктивності при виконанні бурових робіт у експедиції. Ефект від декількох встановлених апгрейдів підсумовується.,,
mining.power,Бурова Потужність,,Will be next to a numeric value that shows the device mining power
exp.require.all.crew.info,Якщо цю опцію активовано - експедицію не буде розпочато якщо будь-якому члену експедиційної команди не вдалося потрапити на борт шатла.,,
exp.require.all.crew,Повна Комплектація Команди,,
obj.upgrades.thrusterupgrade,Апгрейд Маневрового Двигуна,,
obj.upgrades.thrusterupgrade.desc,"Додає до складу Маневрового Двигуна форсажну камеру, що збільшує його потужність - але також дещо збільшує можливість виходу двигуна із ладу.",2026-07-17,
modifier.BeingsCount_Robot,Кількість вцілілих Роботів: {0},,
modifier.BeingsCount_Drone,Кількість вцілілих Дронів-Монтажників: {0},,
modifier.BeingsCount_Carrier,Кількість вцілілих Дронів-Перевізників: {0},,
modifier.BeingsCount_Human,Кількість вцілілих Людей: {0},,
modifier.BeingsCount_Carrier.desc,Встановлює кількість Дронів-Перевізників на початку гри.,,
modifier.BeingsCount_Drone.desc,Встановлює кількість Дронів-Монтажників на початку гри.,,
modifier.BeingsCount_Human.desc,Встановлює кількість виживших людей на початку гри.,,
modifier.BeingsCount_Robot.desc,Встановлює кількість Роботів-Монтажників на початку гри.,,
deconstruct.order.haul,Демонтаж - Авто Перенос матеріалів,,
deconstruct.order.haul.tip,"Якщо цю опцію активовано, після демонтажу об'єктів буде автоматично створено завдання із невисоким пріоритетом по переносу матеріалів та сировини до відповідних місць зберігання.",,
compatible.engine.types,<b>{0}</b> можливий за умови використання двигунів такого типу: {1},,"{0} will be something like Intergalactic Flight, {1} will be the list of engines names like Thrusters and Fusion Drives"
ship.capable.planet,Навколопланетний Політ,,Like Intergalactic or Intersystem or Interplanetary but this is close to the planet - flight between planet moons and around the planet
ship.forward.direction.tip,"Двигуни необхідно встановити таким чином, щоб вихлоп було направлено у протилежний бік від напрямку руху Вперед.",,
stasis.prevent.wake.ups,Запобігати Збоям,,
stasis.prevent.wake.ups.tip,"Можна запобігти збоям у роботі Кріо-Камер, які призводять до незапланованого пробудження колоністів із стану Кріо-Сну - але за умови споживання додаткового обсягу електрики Стазис-Масивом. Цей запобіжний ефект почне працювати за рівня Стабільності Кріо-Камер не менше ніж <b>{0}</b>.",,{0} will be a percentage number like 90%
label.use.as.room.name,Назвати так Кімнату,,
label.always.show,Відображати Постійно,,
tool.connect,Підключити,,
tool.connect.desc,"Клікніть на одному пристрої, та, утримуючи кнопку, протягніть вказівник до іншого пристрою - щоб створити (або видалити) з'єднання між ними. З'єднання буде створено у разі якщо його не існувало, і буде видалено у разі якщо воно існувало. Таким чином можна змінювати стан підключення як пристроїв до Мережі, так і телепортів між собою.",,
overlay.tip.Electricity,Електрика,,
objects.devices.gpumodule,Модуль ГП ({0}TГц),,
objects.devices.gpumodule.desc,"БІльш ефективний процесорний модуль, спеціалізований для обробки інформації для візуальних інтерфейсних пристроїв. Може бути застосований для майнінгу криптовалют із набагато більшою ефективністю ніж центральні процесорні модулі CPU - завдяки своїм конструктивним особливостям.",,
objects.devices.gpumodulemini,Модуль ГП ({0}TГц),,
objects.devices.gpumodulemini.desc,"Процесорний модуль, спеціалізований для обробки інформації для візуальних інтерфейсних пристроїв. Може бути застосований для майнінгу криптовалют із набагато вищою ефективністю ніж центральні процесорні модулі CPU - завдяки своїм конструктивним особливостям.",,
fuel.burn.rate,Темп використання,,
fuel.burn.rate.h,{0:0.###}/год,,
fuel.burn.rate.tip,Темп використання: {0:0.###}/год,,
currency.mine.rate.h,{0}/год,,"h is for hours; {0} will be currency amount, like $100"
currency.mine.gpu.tip,Поточна потужність ГП: <b>{0} ТГц</b>. Змонтуйте більше Модулів ГП щоб пришвидшити темп майнінгу.,,
gpu.module.builtin,Вбудований Модуль ГП,,
research.advancedgpu,Вдосконалений ГП,,
missing.mods.warning,Відсутньо необхідних модів - {0} !,,{0} is the number of mods
missing.mods.load.warning,"Для коректної роботи гри, що збережена у цьому файл-сейві, необхідні певні моди, які наразі або відсутні як такі, або не функціонують, або вже неактуальні - тож є можливість некоректного завантаження  стану гри із цього сейва, або ж його взагалі не вдасться завантажити. Але, ймовірно, все ще є можливість продовжити використання цього файл-сейва - для цього слід переключитися на старішу версійну гілку у Steam Betas, та продовжити грати далі зі всіма необхідними модами. Резервну копію створено тут:<br><br><b>{0}</b><br><br>Список недоступних модів:{1}",,
link.display.teleporters,Телепорти,,plural noun
object.in.safe.area,Об'єкт на Безпечній Ділянці,,
try.auto.connect,Спробувати Авто-Підключення,,
try.auto.connect.tip,"За допомогою цієї опції можна спробувати автоматично розгалужити електричну Мережу для підключення пристроїв що наразі недосяжні або відключені (за можливості). Якщо всі відключені пристрої не вдасться підключити з першого разу - можна спробувати цю операцію декілька разів поспіль. <b>Зауважте, що виконання потребує певного часу, особливо якщо Мережа дуже велика та складна</b>",,
cpu.cap.would.be.reached,Неможливо підключити до Мережі ще один Корабельний Комп'ютер. Наразі кількість одночасно підключених до Мережі Комп'ютерів не повинна перевищувати <b>{0}</b>. Збільшити цю кількість можна за допомогою дослідження відповідних технологій.,,
auto.connect.progress,"Автоматично підключено <b>{0}</b> пристроїв. Будь ласка, зачекайте.",,
restrict.clock.on.disasters,Автоматично Сповільняти Плин Часу,,
noun.structure,Структура,,
noun.device,Пристрій,,
noun.worker,Працівник,,
noun.enemy,Ворог,,
noun.colonist,Колоніст,,
noun.material,Матеріал,,
noun.object,Об'єкт,,
nameless,Без назви,,
ui.group.Condition,Стан,,
ui.group.Environment,Оточення,,
ui.group.Management,Керування,,
ui.group.Stats,Статистика,,
ui.group.Activity,Активність,,
ui.group.Misc,Інше,,
adj.movable,Рухоме,,
adj.reinstallable,Перевстановлюване,,
worker.management,Керування Працівником,,
input.OpenInventory,Хоткей: Інвентар,,
teleporter.ready,Телепорт - Готовність,,
focus.on.items.after.trade,Показати отримані предмети,,
toggle.log,Відображати Лог,,
evt.micro.meteors.ended,Присутність мікро-метеороїдів не зафіксовано,,
joined.mutiny,Заодно із бунтівниками,,"Will be prefixed by human name, i.e. ""John: Joined the mutiny"""
breakdown.ended,Псих.зрив завершено,,
took.damage.from,Ушкодження {0} - {1} від {2} у {3},2023-09-13,"{0} amount, {1} type, {2} source {3} is location. Will look like ""took 12 Heat damage from Mike at [12:31]"""
took.damage,Ушкодження {0} - {1} у {2},2023-09-14,"{0} amount, {1} type, {2} is location"
structure.floors.oxymaticfloor.desc,Елемент підлоги із інтегрованим пристроєм що виробляє кисень. За функціоналом подібний до Генератора Кисню - проте має підвищену продуктивність.,,
structure.floors.oxymaticfloor,Підлога із Генер.Кисню,,
structure.floors.heatmaticfloor.desc,Елемент підлоги із інтегрованим нагріваючим пристроєм. За функціоналом подібний до Обігрівача - проте має підвищену продуктивність.,,
structure.floors.heatmaticfloor,Підлога із Обігрівачем,,
research.atmospherecontroladvanced,Вдосконалена Кліматизація,,
research.heatingadvanced,Вдосконалений Обігрів,,
mood.short,Стан: {0},,"Displayed as short text on the side, 'Mood' should be abbreviated to max 4-5 characters or will be unreadable"
can.sell.for,Можна продати {0} за {1},,Ex.: Can sell 12 for $123
can.buy.for,Можна купити {0} за {1},,Ex.: Can buy 12 for $123
structure.floors.coolmaticfloor,Підлога із Охолоджувачем,,
structure.floors.coolmaticfloor.desc,Елемент підлоги із інтегрованим охолоджуючим пристроєм. За функціоналом подібний до Охолоджувача - проте має підвищену продуктивність.,,
research.coolingadvanced,Вдосконалене Охолодження,,
all,Все,,example use is to set what the filter is showing when it is showing everything
filter,Фільтр,,short text for a button that toggles a filter
selected,Обрано,,filter label for items that are selected
not.selected,Не Обрано,,filter label for items that are not selected
asimov.override.installed,Закони Робототехніки Азімова більше не будуть обмеженням,,
tier.locked.tip,"Дослідження <b>Рівня {2}</b> стануть доступними лише після виконання додаткової кількості досліджень попереднього <b>Рівня {1}</b>, а саме: <b>{0}</b> ",,variables ar numbers
research.blocked,Дослідження Заблоковано,,
objects.devices.datoidloader,Накопичувач Датоїдів,,
objects.devices.datoidloader.desc,"Пристрій, що є сховищем для <b>Датоїдів</b>. Лише ті Датоїди, що знаходяться у Накопичувачі, можуть бути використані для виконання Досліджень. Пристрій має бути розміщений впритул до Корабельного Комп'ютера.",,
producing.now,Виробляється - {0},,
verb.produce,Виробляти,,
objects.devices.dataharvesterbasic,Базовий Колектор Даних,,
objects.devices.dataharvesterbasic.desc,"Пристрій виробляє <b>Базові Датоїди</b>, що можуть бути використані для виконання Досліджень початкового, базового рівня.",,
all.except.beings,За Винятком Істот,,as in 'everything except beings'
available.datoids,Наявні Датоїди,,
bookmarks,Позначки,,
bookmark,Позначка,,
obj.eggs.egg01_hatched,Оболонка Іншопланетного Яйця,,
obj.eggs.egg01_hatched.desc,Залишки іншопланетного яйця,,
obj.materials.eggshell,Оболонка Іншопланетного Яйця,,
obj.materials.eggshell.desc,Залишки іншопланетного яйця,,
failed.to.find.safe.path,Не вдалося прокласти безпечний маршрут до {0},,"{0} is object name, like Shuttle"
failed.path.safety.at,Локація {0} непрохідна: <b>{1}</b>,,"{0} is location coordinate, {1} is reason like ""too hot"""
menu.datoids,Датоїди,,
menu.datoids.desc,"Невеликі модулі даних, що використовуються у Дослідженнях.",2026-07-17,
obj.datoids.datoidalien,Чужорідний Датоїд,,
obj.datoids.datoidalien.desc,Рідкісні дані чужорідного походження.,2026-07-17,
obj.datoids.datoidbasic,Базовий Датоїд,,
obj.datoids.datoidbasic.desc,"Базовий модуль структуровних даних, що використовуються у Дослідженнях.",2026-07-17,
obj.datoids.datoidbiotic,Біотичний Датоїд,,
obj.datoids.datoidbiotic.desc,"Модуль із даними, які отримано із живих організмів.",2026-07-17,
obj.datoids.datoidenergy,Енерго Датоїд,,
obj.datoids.datoidenergy.desc,"Модуль із даними, необхідними для досліджень вдосконалених технологій виробництва енергії.",2026-07-17,
obj.datoids.datoidnuclear,Ядерний Датоїд,,
obj.datoids.datoidnuclear.desc,"Модуль із даними, що є необхідними для досліджень технологій пов'язаних із Ядерними реакціями.",2026-07-17,
obj.datoids.datoidphyto,Фіто Датоїд,,
obj.datoids.datoidphyto.desc,"Модуль із даними, які отримано із живих організмів царства рослин.",2026-07-17,
obj.datoids.datoidquantum,Квантовий Датоїд,,
obj.datoids.datoidquantum.desc,"Моділь із даними, що необхідні для досліджень загальних властивостей матерії та явищ у Всесвіті.",2026-07-17,
obj.datoids.datoidsynthetic,Синтетичний Датоїд,,
obj.datoids.datoidsynthetic.desc,"Модуль із даними, що отримано із матеріалів та субстанцій високого ступеню чистоти.",2026-07-17,
obj.datoids.datoidtech,Техно Датоїд,,
obj.datoids.datoidtech.desc,"Модуль із даними, що використовуються у дослідженнях технологій загального типу.",2026-07-17,
obj.datoids.datoidtechhigh,Наукоємний Датоїд,,
obj.datoids.datoidtechhigh.desc,"Модуль із даними, що необхідні для дослідження технологій найвищого рівня.",2026-07-17,
obj.materials.darkmatter,Темна Матерія,,
obj.materials.darkmatter.desc,"Загадкова субстанція, що існує у навколишньому Всесвіті у величезній кількості - проте наразі із нею надзвичайно складно взаємодіяти будь-яким чином.",,
verb.split,Розділити,,
objects.devices.dataharvesteradvanced,Вдосконалений Колектор Даних,,
objects.devices.dataharvesteradvanced.desc,"Пристрій виробляє специфічні різновиди <b>Датоїдів</b>, що можуть бути використані для виконання Досліджень вищих рівнів.",,
objects.devices.dataharvesterquantum,Квантовий Колектор Даних,,
objects.devices.dataharvesterquantum.desc,"За допомогою квантової обробки інформації, цей пристрій виробляє рідкісні різновиди <b>Датоїдів</b>.",,
engine.move.section.too.small,"Цей сегмент занадто малий, і через це не може бути переміщеним. Такі малі структури, насправді, не вважаються сегментами. У Оверлеї <b>{0}</b> можна побачити які саме структури  вважаються сегментами, та можуть бути переміщені.",,
verb.move,Рухати,,
location.nearby,Поруч,,
noun.datoid,Датоїд,,
quest.reward.material,<b>{0}</b>: <b>х{1}</b>,,Example: Basic Datoid: x10
display.nebula,Відображати Галактичну Туманність,,
display.nebula.tip,"Для відображення Галактичної Туманності потрібні певні обчислювальні ресурси. Якщо продуктивність комп'ютера відчувається недостаньою - варто спробувати відключити цю - насправді, суто косметичну  - опцію. Відключення цієї опції звільнить ресурс GPU для інших, більш важливих, потреб.",,
objects.devices.oxygenpumpmini,Міні Генератор Кисню,,
objects.devices.oxygenpumpmini.desc,"Компактний кисневий генератор, ідеальне рішення для маленьких помешкань на кшталт персональних кімнат.",,
research.computing.cpu,Модуль ЦП,,
research.computing.cpuimproved,Вдосконалений Модуль ЦП,,
research.computing.disk,Дисковий Накопичувач,,
research.computing.diskcompression,Компресія Даних (Диск),,
research.computing.diskimproved,Поліпшений Дисковий Накопичувач,,
research.computing.gpu,Модуль ГП,,
research.computing.gpuimproved,Вдосконалений Модуль ГП,,
research.computing.heatsink,Радіатор,,
research.computing.highavailability,Висока Доступність,,
research.computing.highavailabilityadvanced,Вдосконалена Висока Доступність,,
research.computing.highavailabilityimproved,Поліпшена Висока Доступність,,
research.computing.memory,Пам'ять RAM,,
research.computing.memorycompression,Компресія Даних (RAM),,
research.computing.memoryimproved,Поліпшена Пам'ять RAM,,
research.computing.research,Базові Дослідження,,
research.computing.researchadvanced,Спеціальні Дослідження,,
research.computing.researchquantum,Квантові Дослідження,,
research.computing.researchstation,Дослідницька Станція,,
research.construction.atmospherecontrolreinforced,Посилені Засоби Кліматизації,,
research.construction.emblemfloors,Підлога із Емблемами,,
research.construction.emblemfloorsreinforced,Посилена Підлога із Емблемами,,
research.construction.glass,Конструкції зі Склом,,
research.construction.glassreinforced,Посилені Конструкції зі Склом,,
research.construction.habitation,Житлові Конструкції,,
research.construction.habitationglass,Житлові Конструкції зі Склом,,
research.construction.lighting,Джерела Світла,,
research.construction.speed,Прискорення Монтажу х2,,
research.construction.speed2,Прискорення Монтажу х4,,
research.construction.speed3,Прискорення Монтажу х6,,
research.construction.speed4,Прискорення Монтажу х8,,
research.construction.structure,Будівельні Конструкції,,
research.construction.structurereinforced,Посилені Будівельні Конструкції,,
research.economy.root,Економіка,,
research.economy.wallet,Гаманець,,
research.energy.connector,Конектор,,
research.energy.connectorauto,Автоматичний Конектор,,
research.energy.connectorfloor,Конектор у Підлозі,,
research.energy.connectorimproved,Поліпшений Конектор,,
research.energy.connectorwall,Конектор у Стіні,,
research.energy.reactor,Базовий Реактор,,
research.energy.reactorefficiency,Ефективність Реактора,,
research.energy.reactorimproved,Поліпшений Реактор,,
research.energy.reactornuclear,Ядерний Реактор,,
research.energy.solar,Сонячні Панелі,,
research.energy.solarefficient,Ефективні Сонячні Панелі,,
research.energy.solarimproved,Поліпшені Сонячні Панелі,,
research.energy.storageimproved,Поліпшене Сховище Енергії,,
research.energy.storagenuclear,Ядерне Сховище Енергії,,
research.energy.switch,Комутатор,,
research.habitation.decorations,Декорації,,
research.habitation.furnitureimproved,Поліпшена Фурнітура,,
research.habitation.root,Житлові Приміщення,,
research.habitation.storagecold,Кухонне Холодильне Обладнання,,
research.habitation.storagecoldimproved,Поліпшене Кухонне Холодильне Обладнання,,
research.habitation.storagekitchen,Сховище для Продуктів,,
research.habitation.storagekitchenimproved,Поліпшене Сховище для Продуктів,,
research.lifesupport.coolingadvanced,Вдосконалене Охолодження Повітря,,
research.lifesupport.coolingimproved,Поліпшене Охолодження Повітря,,
research.lifesupport.foodproduction,Приготування Їжі,,
research.lifesupport.foodproductionimproved,Поліпшене Приготування Їжі,,
research.lifesupport.geneticengineering,Генетична Інженерія,,
research.lifesupport.heatingimproved,Поліпшений Обігрів Повітря,,
research.lifesupport.oxygen,Виробництво Кисню,,
research.lifesupport.oxygenadvanced,Вдосконалене Виробництво Кисню,,
research.lifesupport.oxygenimproved,Поліпшене Виробництво Кисню,,
research.lifesupport.planterimproved,Поліпшене Садівництво,,
research.lifesupport.root,Життєзабезпечення,,
research.production.assembly,Складальне Виробництво,,
research.production.assemblyadvanced,Вдосконалене Складальне Виробництво,,
research.production.assemblyimproved,Поліпшене Складальне Виробництво,,
research.production.batteriesnuclear,Ядерна Батарея,,
research.production.biochemicalextraction,Біохімічна Екстракція,,
research.production.chemicalengineering,Хімічні Технології,,
research.production.disassembly,Демонтаж,,
research.production.electronics,Електроніка,,
research.production.materialprocessing,Переробка Матеріалів,,
research.production.materialsynthesis,Синтез Матеріалів,,
research.production.nuclearenrichment,Збагачення Урану,,
research.production.oilprocessing,Переробка Нафти,,
research.production.optics,Оптика,,
research.robotics.robotcap1024,Межа Кількості Роботів 1024,,
research.robotics.robotcap128,Межа Кількості Роботів 128,,
research.robotics.robotcap16,Межа Кількості Роботів 16,,
research.robotics.robotcap24,Межа Кількості Роботів 24,,
research.robotics.robotcap256,Межа Кількості Роботів 256,,
research.robotics.robotcap32,Межа Кількості Роботів 32,,
research.robotics.robotcap48,Межа Кількості Роботів 48,,
research.robotics.robotcap512,Межа Кількості Роботів 512,,
research.robotics.robotcap64,Межа Кількості Роботів 64,,
research.robotics.robotcap12,Межа Кількості Роботів 12,,
research.robotics.robotcap96,Межа Кількості Роботів 96,,
research.rogueai.root,Незаконний ШІ,,
research.security.explosives,Вибухівка,,
research.security.firesuppression,Пожежогасіння,,
research.security.turrets,Турелі,,
research.spacetravel.bridge,Рубка,,
research.spacetravel.propulsionfusion,Термоядерні Рушії,,
research.spacetravel.shuttlemining,Шатл - Ефективність Гірництва,,
research.spacetravel.shuttlestorage,Шатл - Збільшення Вантажного Відсіку,,
research.spacetravel.teleportation,Телепортація на Короткі Дистанції,,
research.spacetravel.thrusterupgrade,Ефективність Маневрових Двигунів,,
ship.not.in.one.piece.tip,"Можна швиденько позбутися непотрібних сегментів за допомогою оверлея <b>{0}</b> та опції Покинути у його меню. Адже монолітність Корабля є необхідною умовою для роботи двигунів - тож всі сегменти, що знаходяться поруч, мають бути або повністю демонтовані, або з'єднані із Кораблем у єдиний сегмент, або ж їх таки можна остаточно покинути.",,
quest.EstablishResearch,Підготуватися до Дослідження,,
quest.EstablishResearch.desc,"Для виконання Дослідження необхідно буде підготувати певну кількість <b>Датоїдів</b>, що виробляються за допомогою <b>Колектора Даних</b> та зберігаються у <b>Накопичувачі Датоїдів</b>.",,
compatible.storage,Сумісне Сховище,,
amb.color.black,Дуже Темно,,
obj.materials.leadplate,Свинцева Пластина,,
obj.materials.lead,Свинець,,
obj.materials.crawlergoo,Виділення Краулера,,
obj.materials.crawlergoo.desc,"Слизька, в'язка, слабко фосфоресціююча субстанція. Ледь помітно пульсує - наче жива істота. І хто зна які в неї ще властивості. Проте ця гидота напевне буде корисною у якості матеріалу для досліджень.",,
obj.materials.lead.desc,"Сірий мінерал, виглядає як скупчення кристалів у формі куба або октаедра. Зазвичай трапляється у осадових гірських породах.",,
obj.materials.leadplate.desc,Товста важка металева пластина із свинцю.,,
research.production.root,Виробництво,,
obj.materials.biofuel,Біопаливо,,
obj.materials.biofuel.desc,"Паливо органічного походження, що виробляється шляхом переробки відходів та інших матеріалів.",2026-07-17,
evt.damaged.structure.collapsed,Зруйновано пошкоджену структуру,,
evt.damaged.structure.collapsed.desc,Руйнування {1} - пошкоджений елемент {0} ,,"{0} is floor or wall, {1} is location coordinate"
evt.damaged.device.exploded,Вибух пошкодженого пристрою,,
evt.damaged.device.exploded.desc,Вибух {1} - пошкоджений пристрій {0},,
evt.damaged.device.fire,Займання пошкодженого пристрою,,
evt.damaged.device.fire.desc,Займання {1} - пошкоджений пристрій {0},,
last.meal,Остання Страва,,
breakdown.BreakdownFoodPoisoning,Харчове Отруєння,,
breakdown.BreakdownFoodPoisoning.desc,{0} страждає від харчового отруєння,,
act.BreakdownFoodPoisoning,Страждає від харчового отруєння,,
research.ready.to.unlock,Дослідження доступне,,
research.ready.bookmarked,Дослідження із Позначкою доступне,,
research.ready.to.unlock.tip,Доступні Дослідження - <b>{0}</b>,,{0} is number
research.ready.bookmarked.tip,"Доступні Дослідження - <b>{1}</b>, із Позначкою - <b>{0}</b> ",,variables are numbers
research.lacks.resource,Бракує <b>{0}</b>: {1} шт,,{0} is resource name {1} is number
bookmark.add,Додати Позначку,,
bookmark.remove,Прибрати Позначку,,
required.material,Необхідно: {0},,
research.prerequisites.missing,Спершу необхідно розблокувати: <b>{0}</b>,,
research.tier.locked,Дослідження рівня <b>{0}</b> заблоковані,,
unlock.miningautomation.desc,Розблоковує оверлей <b>{0}</b> та інші засоби для автоматизації гірництва,,{0} will be Copter Missions translation
research.cpu.cap,Макс.кількість Корабельних Комп'ютерів - {0},,
research.cpu.cap.desc,Можна збільшити кількість активних Корабельних Комп'ютерів до <b>{0}</b>,,
system.scan.basic,Базове Сканування Зоряної Системи,,
system.scan.advanced,Вдосконалене Сканування Зоряної Системи,,
system.scan.basic.desc,Можна сканувати поточну Зоряну Систему на наявність певних ресурсів або об'єктів,,
system.scan.advanced.desc,"Збільшує можливості сканування поточної Зоряної Системи на наявність додаткових цільових об'єктів (Аномалій, Фракцій, та таке інше)",,
unlocks.item,Розблоковує <b>{0}</b>,,{0} is the name of the unlockable
item.now.available,Розблоковано <b>{0}</b>!,,
unlock.effect.wallet,Можна переглянути інформацію про <b>{0}</b> та про маржу певного Комерсанта,,
elysium.now.available,Наразі <b>{0}</b> може бути конвертовано у <b>{1}</b>,,"{0} will be Stasis Array translation, {1} will be Elysium translation"
unlock.effect.construction.speed,Пришвидшення Монтажних Робіт {0},,{0} is something like x4
unlock.effect.construction.speed.desc,Швидкість виконання завдань із Монтажу / Демонтажу / Ремонту буде збільшено у <b>{0}</b> ,,
unlock.effect.construction.speed.unlocked,Швидкість виконання завдань із Монтажу / Демонтажу / Ремонту наразі <b>{0}</b> ,,
modifier.achievement.block.warning,"Увага! Зміна дефолтного стану цієї опції призведе до відключення статистики Досягнень у цієї ігрової сесії та у відповідному файлі-сейві. Будь ласка, підтвердіть свій вибір.",,
changing.disables.achievements,Модифікація цієї опції відключає Досягнення!,,
achievements.will.be.disabled,Досягнення будуть відключені!,,
noun.connection.limit,Межа Кількості Підключень,,
grid.connection.limit.tip,Кількість підключених до Мережі пристроїв становить <b>{0}</b>. Сумарна обчислювальна потужність Мережі - <b>{1}</b>. Кількість підключень не має перевищувати <b>{2}</b>.,,
connection.limit.exceeded,Перевищено Межу Кількості Підключень,,
idle.devices,Пристрої у простої,,
major.update.warning,Оновлення до Старшої Версії,,
major.update.warning.desc,"Цей файл-сейв було зроблено у попередній версії гри. Він все ще має гарні шанси бути успішно використаним, але зауважте що через зміни ігрової механіки у оновленні можливо буде відчуватися певний дисбаланс (наприклад, грати буде набагато простіше або набагато складніше ніж очікувалося), або буде якось порушено ігровий прогрес, та таке інше. Тож, рекомендовано створити нову гру. <br>Актуальна версія: <b>{0}</b><br>Сейв зроблено у: <b>{1}</b>",,
structure.walls.wallarmored01,Армована Стіна,,
structure.walls.wallarmored01.desc,Найміцніший та найвитриваліший елемент стіни.,,
research.construction.structurearmored,Армовані Структурні Елементи,,
structure.walls.windowarmored01,Армоване Вікно,,
structure.walls.windowarmored01.desc,Найміцніший та найвитриваліший елемент стіни із вікном.,,
structure.walls.wallsocketarmored01,Розетка (армов.стіна) {0}-{1},,
structure.walls.wallsocketarmored01.desc,"Найміцніший та найвитриваліший елемент стіни із вбудованим бездротовим конектором. Здатен забезпечити підключення до Мережі до {0} пристроїв, що розташовані у радіусі {1} плиток.",,
structure.walls.ventarmored01,Вент.отвір (армов.стіна),,
structure.walls.ventarmored01.desc,"Найміцніший та найвитриваліший елемент стіни із вбудованим вентиляційним отвором. У відчиненому стані виконує пасивний воздухообмін у невеликому обсязі. Зазвичай, одного отвору буде недостатньо для забезпечення теплом та киснем суміжної ділянки. А також слід переконатися що стіни із вентиляційними отворами не сполучаються із безповітряним простором.",,
make.a.choice,Необхідно прийняти рішення,,
situation.TotalGPU,Загальний стан ГП,,
situation.Money,Кошти,,
menu.tutorials,Навчальні Етапи,,
difficulty.Beginner,Початковий рівень,,
difficulty.Intermediate,Середній рівень,,
difficulty.Advanced,Складний рівень,,
tutorial.of.type,"Навчальний етап, {0}",,{0} will be Beginner or Intermedia or Advanced translation
end.tutorial,Завершення Навчання,,label on a button that ends the tutorial
verb.back,Повернутися,,
tutorial.completed,Навчання Завершено,,
tutorial.completed.info,"Цей навчальний етап наразі завершено. Можна продовжувати далі грати саме у цю гру, або створити нову.",,
tut.basic.controls.name,ІК та Засоби Керування,,
tut.basic.controls.step.intro,Вітаємо у Stardeus!,,
tut.basic.controls.step.cam,Керування Камерою,,
tut.basic.controls.step.cam.desc,Переміщення камери: {0}<br><br>Масштабування: {1} <color={2}>(коли курсор за межами ІК)</color></b><br><br>Швидкість скролінгу екрана можна налаштувати у <b>Головному Меню - Налаштування - Введення</b>,2023-08-25,{0} and {1} are key bindings
tut.basic.controls.step.overlays.visual,Візуальні Оверлеї,,
tut.basic.controls.vis.ov.1_gamepad,Відкривати за закривати Оверлеї можна за допомогою клавіш {0},,
tutorial.click.next.when.ready,Для продовження клікніть знизу кнопку <b>{0}</b>,,{0} is translation for Next or End Tutorial
tut.basic.controls.step.overlay.electricity,"У цьому Оверлеї міститься інформація про підключені до Мережі пристрої, а також тут можна знайти корисну інформацію для розв'язання різноманітних проблем із Мережею. Тут зібрано статистику про виробництво та споживання електрики, дефіцит потужності, стан батарей, список пристроїв що відключено від Мережі або вимкнено, а також іншу корисну інформацію.",,
tut.basic.controls.step.overlay.atmoo2,"У цьому Оверлеї міститься інформація про рівень кисню у атмосфері - це буде корисним для виявлення витоків, та ділянок що непридатні для життя людей та інших земних організмів.",,
tut.basic.controls.step.overlay.atmotemp,"Цей Оверлей надає інформацію про рівень температури у конкретній локації, та буде дуже корисним для виявлення занадто гарячих ділянок на борту - наприклад таких, де розташовано промислове виробниче обладнання у замкненому середовищі, та без належного охолодження або вентиляції.",,
tut.basic.controls.step.overlay.atmoo2res,"Герметичність певної локації визначає наскільки ускладнено газообмін між нею та сусідніми локаціями. У цьому Оверлеї можна знайти приміщення із відкритою вентиляцією, або пошкоджені елементи стін або підлоги, які є місцями витоку повітря у космічний простір.",,
tut.basic.controls.step.overlay.atmotempres,"Теплоізоляція певної локації визначає ступінь спротиву обміну теплом між нею та сусідніми локаціями. Навіть якщо стіни повністю герметичні, та не дозволяють повітрю просочуватися у сусідні локації, вони не зможуть забезпечити цілковиту теплоізольованість. Тепло повільно, але невпинно, переміщується до сусідніх локацій - тому підтримка комфортного температурного режиму потребуватиме дещо більших зусиль, ніж наповнення певної ділянки киснем.",,
tut.basic.controls.step.overlay.plan,"Цей Оверлей надає різні інструменти для планування та дизайну майбутнього Корабля - такі як віддзеркалення, засоби для малювання кіл та ліній тощо. У сценарії із розтрощеним Кораблем у цьому Оверлеї можна побачити яким був оригінальний дизайн - проте, звісно, розбудовувати Корабель можна як згідно із вже існуючим планом, так і повністю переробити цей план за своїм розсудом.",,
tut.basic.controls.step.overlay.path,"У цьому Оверлеї можна отримати інформацію щодо можливості пересування істот до певної локації. Бо навіть у разі наявності візуально ніби існуючого проходу - маршрут в цілому може бути блокований та непрохідний. Майте на увазі - істоти не мають можливості переміщатися по діагоналях між локаціями, тобто рух по маршруту лише ортогональний.",,
tut.basic.controls.step.overlay.areas,"У цьому Оверлеї відображається інформація щодо замкнених ділянок, назв кімнат (призначати назви стане можливим після розблокування технології Знаки та Позначки), та переліку пристроїв, розташованих у кожній кімнаті. Тут також можна побачити ділянки, що контактують із відкритим космосом, та увімкнути показ замкнених ділянок із Зовнішньою Поверхнею.<br><br>Пілотовані космічні апарати не зможуть здійснити посадку у межах замкнених ділянок - тож варто переконатися що на борту достатньо ділянок придатних для посадки. Посадкова зона, що є меншою за 100 елементів (приблизно),  може призвести до клопоту.<br><br>І ще один важливий момент: для певних пристроїв, та для всіх типів космічних апаратів, необхідною вимогою експлуатації є розташування на відкритій та суміжній із космічним простором ділянці. Якщо пристрій спроєктований для використання ззовні - він не буде функціонувати належним чином на замкненій ділянці. А спроби змонтувати стіни навколо локації із Шатлом можуть призвести до руйнування щонайменше корпусу Корабля, при спробі Шатла здійснити зліт чи посадку.",,
tut.basic.controls.step.overlay.islands,"У цьому Оверлеї міститься інформація про секції, або фрагменти, Корабля. Секція, чи фрагмент - це відокремлене від інших секцій чи фрагментів скупчення структурних елементів. Зазвичай, наявність більше ніж однієї секції робить неможливим використання двигунів, і, відповідно, Корабель непридатним для польоту. Можна скористатися <b>Лебідкою</b> або <b>Маневровим Контролером</b> для того щоб підтягнути та поєднати одну секцію із іншою.<br><br>А також у цьому Оверлеї містяться засоби для того, щоб позбутися/покинути непотрібні секції, наприклад фрагменти покинутого корабля, перед тим як продовжити політ. Перед тим як можна буде летіти далі, необхідно або поєднати, або демонтувати, або покинути будь-які інші секції.<br><br>Перебуваючи поряд із Космопортом, за допомогою інструментів цього Оверлею можна буде продавати секції. Тож можна, як варіант, підтягнути та прикріпити покинутий корабель до Корабля, відбуксирувати його до найближчого Космопорту, від'єднати та продати.",2023-08-16,
tut.basic.controls.step.feedback,"Якщо у процесі гри трапляється подія, схожа на проблему чи баг, або у вас з'явилась порада чи підказка із вдосконалення ігрового процесу - можна надіслати свій відгук розробнику безпосередньо із гри.",2023-08-16,
tut.basic.controls.step.overlay.wallet,"Тут можна знайти інформацію про фінансові резерви, а також тут є засоби для операцій на <b>Фондовому Ринку</b>.",2023-08-16,
tut.basic.controls.step.overlay.codex,"Кодекс містить <b>Операційні Настанови</b>, підказки, та різноманітні інформаційні ресурси, такі як опис типів матеріалів та сировини у Stardeus, перелік всіх можливих креслень та технологій що можуть бути досліджені та розблоковані у Дереві Досліджень, відомі Фракції у всесвіті, та багато іншого.",,
tut.basic.controls.step.overlays.controls,Керування Системами Корабля,,
tut.basic.controls.step.overlay.copters,"Як тільки буде розблоковано <b>Автоматизацію Гірництва</b>, можна буде змонтувати <b>Вантажні Коптери</b>. У цьому Оверлеї знаходяться засоби для керування завданнями для Коптерів.",,
tut.basic.controls.step.overlay.tint,"Після того як пристрій <b>Авто-Маляр</b> стане доступним та буде завантажений кольоровим пігментом, за допомогою цього Оверлею можна буде змінити колір певних елементів стін або підлоги на борту.",,
tut.basic.controls.step.overlay.terraform,"Кожна знайдена планета, що є придатною для тераформування, буде додана до переліку у цьому Оверлеї разом із її статусом. І як тільки на певній планеті буде завершено процедуру тераформування - можна буде починати процедуру колонізації.",,
tut.basic.controls.step.events,Актуальні Події,,
tut.basic.controls.step.events.desc,Цей список містить найбільш важливі із актуальних подій на борту. Деякі елементи цього списку згруповано - тобто Подія певного типу відноситься до декількох об'єктів одночасно - і такі згруповані Події можна розвернути за допомогою кліку на них.,,
tut.basic.controls.step.log,Журнал Подій,,
tut.step.select.entity,Оберіть {0},,{0} is some device or object name
tut.basic.controls.step.dev.manage,Керування Пристроями,,
tut.basic.controls.step.dev.select,Вибір Об'єкта,,
tut.basic.controls.step.deselect,Скасування Вибору Об'єктів,,
tut.basic.controls.step.context.menu.1,Виклик Контекстного Меню,,
tut.basic.controls.step.context.menu.2,Контекстне Меню,,
tut.basic.controls.tools,Інструменти,,
search.placeholder,Почніть набирати назву об'єкта для його пошуку,,
adjective.recent,Недавнє,,
datoid.available.vs.owned.tip,Датоїди можна буде використовувати за призначенням лише після їхнього завантаження у <b>Накопичувач Датоїдів</b>,,
def.unlock.tip,Для розблокування необхідно дослідити {0}. ,,{0} is the technology name. this message is displayed in a tooltip of a locked item.
tut.skip.group,Пропустити цей розділ: {0},,{0} is the group name
tut.basic.controls.step.grid.menu.2,Вигляд Меню Інструментів,2023-08-16,
getting.food.in.dangerous.loc,Намагається забрати їжу із небезпечної локації: {0},,{0} is a coordinate
failed.to.find.path.to.safety,Не вдалося прокласти маршрут до безпечної локації із {0},,{0} is a coordinate
tut.basic.controls.step.tools.place_tiles,"Цей інструмент містить перелік розблокованих креслень пристроїв та технологій, які можливо змонтувати або задіяти. Вони згруповані у субменю із категоріями. А також тут є пункт <b>Недавнє</b>, із переліком нещодавно використаних об'єктів.",,
tut.basic.controls.step.tools.connect,"Цей інструмент дозволяє підключати / відключати пристрої до Мережі, а також з'єднувати / роз'єднувати телепорти - за допомогою кліку та перетягування лінії зв'язку між ними.",,
tut.basic.controls.step.tools.repair,"Цей інструмент підсвітить пошкоджені структурні елементи та пристрої, дозволяючи швидко їх побачити та наказати відремонтувати. Клікніть на кожному пошкодженому елементі, або просто розтягніть виділення над всією пошкодженою ділянкою щоб сформувати завдання із ремонту для всіх пошкоджених об'єктів у межах вказаної ділянки.",,
tut.basic.controls.step.tools.store,"За допомогою цього інструмента можна сформувати завдання із переносу матеріалів або сировини до відповідних складських приміщень, якщо такі присутні. Клікайте на кожній купі матеріалів, або клікніть та розтягніть виділення над ділянкою із якої необхідно прибрати розкидані матеріали та сировину - щоб обрати одразу всі.",,
tut.basic.controls.step.tools.process,"За допомогою цього інструмента можна надати наказ обробляти вказані сировину, матеріали, тіла мертвих істот тощо - у відповідному обробнику. Можна клікати по кожному об'єкту окремо, або клікнути та розтягнути виділення над ділянкою щоб сформувати завдання на обробку всіх об'єктів у межах виділеної ділянки.",,
tut.basic.controls.step.tools.remove_tiles,"Цей інструмент формує завдання для демонтажу елементів стін, підлоги, або пристроїв. Можна клікати по кожному об'єкту окремо, або клікнути та розтягнути виділення над ділянкою щоб сформувати завдання на демонтаж всіх об'єктів у межах виділеної ділянки.",,
tut.basic.controls.step.tools.ads_cancel,"За допомогою цього інструмента можна відмінити активні завдання. Клікайте на кожному об'єкті із незавершеним завданням, або розтягніть виділення над ділянкою щоб відмінити будь-які завдання у її межах. ",,
tut.basic.controls.step.tools.ads_retry,"Цей інструмент використовується для спроби повторити завдання яке було завершено невдало. Клікніть на об'єкті із невдало виконаним завданням, або розтягніть виділення над ділянкою щоб повторно віддати той самий наказ. Слід зауважити, що невдало виконані завдання перебувають у активному стані, і автоматично виконується спроба їх повторити - навіть якщо цього не зроблено вручну.",,
tut.basic.controls.step.tools.manage_ads,"Цей інструмент дозволяє повторити, відмінити, або змінити пріоритет для завдань, що перебувають у незавершеному стані. Підвищення пріоритету завдання також призведе до спроби залучення найближчого до локації із завданням Працівника. Клікніть на об'єкті із незавершеним завданням, або розтягніть виділення над ділянкою - щоб виконати обрану дію у межах всієї обраної ділянки.",,
tut.basic.controls.step.tools.copy_config,"За допомогою цього інструмента можна копіювати налаштування між сумісними пристроями. Спочатку клікніть на тому пристрої, із якого потрібно скопіювати налаштування, потім оберіть інший пристрій до якого необхідно скопіювати налаштування - або можна виділити одразу декілька однакових пристроїв розтягуючи над ними рамку виділення.",,
toggle.button.size,Розмір кнопок,2023-08-16,
tut.step.place.tile,Змонтувати {0},,{0} is an device name
tut.step.expired,Строк виконання цього шагу сплив,,
tut.basic.controls.step.connect.5,"<b>Підказка:</b> У Режимі Вільного Вибору, натисніть {0} коли курсор встановлено на <b>Конекторі</b> або на <b>Телепорті</b> та, не відпускаючи кнопку, починайте тягнуть лінію щоб переключитися до інструмента <b>{1}</b>.",,{0} is key binding. {1} is tool name
tut.connecting.teleporters,З'єднання Телепортів,,
choice.or,{0} або {1},,{0} and {1} will be some arbitrary things like shortcut keys or two item names
tut.basic.controls.step.repair.4,Натисніть {0} та розтягніть прямокутне виділення над ділянкою із пошкодженими об'єктами щоб створити завдання із їхнього ремонту.,2023-08-16,{0} is key binding
tut.basic.controls.group.examining.objects,Огляд Об'єктів,,
tut.basic.controls.quick.search.1,Спробуйте скористатися функцією <b>Швидкий Пошук</b> - якщо більш-менш розумієте що саме шукаєте. Це насправді найшвидший спосіб знайти будь-що.<br><br>Натисніть {0} щоб активувати <b>Швидкий Пошук</b>.,2023-08-18,{0} is key binding
tut.research.name,Дослідження,,
tut.research.desc,Огляд системи Досліджень у Stardeus.,,
tool.menu.recent.desc,Містить перелік останніх використаних креслень.,,
tut.research.intro.desc,Під час цього навчального етапу буде надано всю необхідну інформацію про <b>Дослідження</b> у Stardeus.,,
tut.research.end,"Ось і все! Спробуємо підсумувати отримані знання:<br><br> - Для виконання Досліджень необхідні <b>Датоїди</b>.<br> - Датоїди мають зберігатися у <b>Накопичувачі Датоїдів</b> - лише у такому випадку ними можна скористатися.<br> - Для розблокування певної технології необхідно забезпечити достатню кількість як вільної <b>Пам'яті-Диск</b>, так і <b>Датоїдів</b> певної категорії.<br> - Різні типи Датоїдів виробляються, відповідно, у різних типах <b>Колекторів Даних</b>.<br> - Монтуйте та підключайте до Мережі більше <b>Модулів-Диск</b> щоб збільшити об'єм вільної <b>Пам'яті-Диск</b>.",,
verb.scroll,Прокрутка,,As in Mouse Scroll
tut.research.tree.node,Дерево Досліджень: Вузли,,
tut.research.tree.node.cost.datoids,"Певні технології та дослідження розблоковуються за допомогою наявних <b>Датоїдів</b>. Інформацію про кількість та тип Датоїдів, що необхідні для розблокування, можна переглянути саме тут. Якщо навести курсор на іконки - можна отримати більше інформації про відповідні різновиди Датоїдів, наприклад про способи їхнього виробництва.",,
tut.research.tree.node.cost.tier,"Цей параметр відображає <b>Рівень</b> певного Вузла у Дереві. Рівень формує ієрархію у Дереві - необхідно спершу розблокувати певну кількість Вузлів попереднього Рівня, щоб можна було виконувати дослідження Вузлів наступного Рівня.",,
tut.research.tree.node.cost.disk,"Це об'єм <b>Пам'яті-Диск</b>, що буде використаний для зберігання результатів виконаного дослідження - розблокованих креслень та технологій.<br><br>У разі необхідності збільшити об'єм вільного Дискового простору - змонтуйте додаткові <b>Модулі-Диск</b>, або встановіть відповідні модулі апгрейду на існуючі.",,
tut.research.unstored.datoid,"Зараз вже маємо декілька <b>Датоїдів</b>, але вони ще непридатні для використання у Дослідженнях.<br><br>Слід змонтувати <b>Накопичувач Датоїдів</b>, та дочекатися поки один з працівників не завантажить у нього Датоїди.",2023-08-18,
tut.obj.not.found,Об'єкт не знайдено!,,
tut.obj.no.longer.available,Об'єкт більше недоступний!,,
tut.waiting.for.construction,Очікуємо на завершення монтажних робіт  <b>{0}</b>.,,{0} is device name
tut.research.datoid.load.wait,Завантаження Датоїдів,,
tut.research.datoid.unstored,Незавантажені Датоїди,,
tut.research.unlock.tech,Розблокувати <b>{0}</b>,,{0} is tech name
tut.research.tree.group,ІК у Дереві Досліджень,,
tut.research.unlocked.tech,"Вузол <b>{0}</b> тепер розблоковано. Завдяки цьому з'явилася можливість використовувати будь-який із об'єктів, що містяться у цьому Вузлі.",,{0} is tech name
tut.research.datoids.howto,Як виробляти Датоїди,,
tut.switch.tool.title,Активуйте інструмент: {0},,{0} is tool name
tut.connect.device,Підключити {0},,{0} is device name
tut.connect.device.constrained.desc,"Щоб створити підключення - натисніть {0}, коли курсор встановлено над <b>{2}</b>, потім, не відпускаючи кнопку, протягніть лінію до <b>{1}</b>, та відпустіть {0}.",2023-08-23,{0} is key binding. {1} and {2} is device name
tut.configure,Налаштувати {0},,{0} is device name
tut.exit.tool,Щоб повернутися до режиму <b>Вільного Вибору</b> скористуйтеся {0}.,,{0} is key binding
tut.configure.crafter.product,Розпочати виробництво <b>{0}</b>,,{0} is product name
tut.research.tree.node.unlockables,Об'єкти що Розблоковуються,,
available.material,Доступно: {0},,
tut.el.title,Електрика та Мережа,,
tut.el.desc,Як працюють Електрика та Мережа у Stardeus.,,
tutorial.header,Навчальний курс: {0},,{0} is the name of tutorial the player is playing
tut.el.refuel.title,Налаштування Реактора Матерії,,
research.cannot.unload.unlock.effects,Неможливо вивантажити цю інформацію через незворотні наслідки розблокування.,,
tut.el.grid.merge.title,Об'єднання Мереж,,
tut.el.grid.merge.5_1,"1. Встановіть курсор над Конектором, після чого натисніть та не відпускайте {0}.",,
tut.el.grid.merge.5_3,"3. Тепер відпустіть {0}, та отримайте варіанти можливих типів Конекторів для монтажу.",,
tut.el.grid.merge.5_4,"4. Оберіть той тип Конектора, який вважаєте найкращим варіантом для цього випадку.",,
tut.el.grid.merge.5.title,Найшвидший спосіб надати завдання по монтажу <b>Конектора</b>,,
tut.el.bots.maintain.title,Тех.обслуговування Роботів,,
click.to.continue.setup,Продовжити налаштування,,
tut.el.deficit.title,Усунення Проблем у роботі Мережі,,
ad.rej.would.get.stuck,Може застрягнути,,
grids.managed,Керовані Мережі,,
grids.unmanaged,Некеровані Мережі,,
distance.to,Відстань: {0},,
tut.winch.title,Переміщення Фрагментів Корабля,,
tut.winch.success,Підтягування було Успішним,,
tut.step.relocate.workspot,Робоче місце (відмічено колом) має бути розташовано на вільному елементі підлоги.,,
tut.step.relocate.waiting,Очікуємо на завершення переміщення.,,
tut.el.connect.multi,Підключення Декількох Пристроїв,,
tut.el.temp.connect,Встановлення Тимчасового Підключення,,
tut.el.temp.disconnect,Завершення Тимчасового Підключення,,
codex.m.research.datoids.desc,"Датоїди є фізичним втіленням інформації, та використовуються у <b>{0}</b> для розблокування нових технологій.<br><br>Для виробництва базових Датоїдів необхідні <b>Колектори Даних</b>, які споживатимуть та перероблятимуть у якості сировини переважно прості об'єкти та ресурси. Існують різні типи Колекторів Даних, які здатні виробляти, відповідно, різні типи Датоїдів.<br><br>Скористатися наявними Датоїдами можна буде лише після завантаження їх у <b>Накопичувач Датоїдів</b>.<br><br>Датоїди не можуть бути продані або куплені.",,
quests.list.current,Квести,,
toggle.view,Змінити,,
obj.upgrades.speedupgrade,Апгрейд Пришвидшення,,
obj.upgrades.energyefficiencyupgrade,Апгрейд Енергоефективності,,
research.speedupgrade,Апгрейд Швидкості,,
quest.step.enter.starmap.layer,Увійти до - <b>{0}</b>,,"{0} will be ""System"", ""Galaxy"", etc"
quest.step.enter.starmap.layer.desc,"Відкрийте <b>Зоряну Мапу</b>, потім клікніть на сусідньому об'єкті <b>{0}</b>, та оберіть відповідну опцію у меню щоб увійти до неї.",,"{0} will be ""System"", ""Galaxy"", etc"
quest.step.exit.starmap.layer,Покинути - <b>{0}</b>,,"{0} will be ""System"", ""Galaxy"", etc"
quest.step.exit.starmap.layer.desc,Спрямуйте курс Корабля через зовнішню межу у формі окружності на <b>Зоряній Мапі</b> для того щоб покинути об'єкт <b>{0}</b>.,,"{0} will be ""System"", ""Galaxy"", etc"
starmap.leaving,Корабель Покидає {0},,"{0} will be ""System"", ""Galaxy"", etc"
starmap.entering,Корабель Заходить до {0},,"{0} will be ""System"", ""Galaxy"", etc"
tut.adv.controls.title,Вдосконалене Керування,,
ship.nav.flight.capability,Здатність до Польотів,,
ship.nav.no.local.maneuver,Маневрування Неможливе,,
ship.nav.no.local.maneuver.tip,Щоб стало можливим виконувати <b>Локальне Маневрування</b> слід змонтувати та підключити до Мережі <b>Маневрові Контролери</b>.,,
verb.configure,Налаштувати,,
tut.adv.controls.mass.select.title,Як Обрати Декілька Об'єктів,,
mass.connect.tip.enodes,Натисніть {0} на <b>Конекторі</b> для того щоб підключити або відключити від нього всі обрані пристрої.,,
mass.connect.tip.conn,Натисніть {0} на <b>Пристрої</b> для того щоб створити або прибрати підключення до кожного із обраних Конекторів .,,
mass.connect.tip.teleporters,Натисніть {0} на активному <b>Телепорті</b> для того щоб створити або прибрати підключення до кожного із обраних Телепортів.,,
tut.completed.never,Ще не завершено,,
tut.completed.date,Завершено - {0},,{0} is date 
tut.completed.outdated.tip,Попередню версію цього навчального етапу було завершено {0}. Рекомендовано пройти цей навчальний етап ще раз.,,
tut.not.completed.warning,Завершено {0} із {1} навчальних курсів.,,
tut.prod.title,Виробництво та Ресурси,,
tut.prod.ident.title,Визначення Браку Матеріалів,,
tut.prod.acquire.title,Як Отримати Ресурси,,
tool.spawn_human,Розмістити Людину,,
storage.capsule.contained,Вантажна Капсула містить {0},,{0} is a list of contents
exp.found.resource,Експедицією <b>{0}</b> знайдено поклади ресурсів: <b>{1}</b>,,{0} is shuttle name {1} is deposit type
energy.renewable,Відновлювальна Енергія,,
energy.renewable.desc,"Електрична енергія, що виробляється сонячними панелями або подібними пристроями - такими, що не споживають сировину у процесі генерації .",,
trap.ready,Пастка - Готовність,,
trap.charging,Пастка - Зарядка,,
trap.unpowered,Пастка - Знеструмлено,,
structure.floors.trapfloor,Підлога із Пасткою,,
structure.floors.trapfloor.desc,"Елемент підлоги із вбудованим механізмом, що під час перебування ворожого об'єкта на поверхні виконує стрімкий підйом гострих шипів, здатних нанести фізичні ушкодження.",,
research.security.trapfloor,Підлога із Пасткою,,
crafter.batch.size,Об'єм Набору,,
crafter.batch.size.tip,"Можна збільшити Об'єм Набору, щоб призначати більше інгредієнтів та матеріалів, та виробляти більший об'єм продукції. Але при використанні великих наборів виробництво, відповідно, займатиме більше часу.",,
retrieve.resource.miner,Забрати Видобувний Комплекс,,
copter.mission.stage.retrieve.miner,Забирає Видобувний Комплекс,,
device.produced,{0} у локації {2} - вироблено {1},,{0} is device name {1} is product name {2} is location
verb.extract,Екстрагувати,,
noun.depth,Глибина,,
mining.depth.tip,"Показник Глибини Залягання Ресурсу постійно збільшується під час розробки родовища. Після того, як цей показник сягне певного рівня, для подальшої експлуатації родовища знадобиться спеціальне гірничовидобувне обладнання. Видобуток ресурсу буде можливим із такої глибини залягання, на розробку якої розраховано наявне гірничодобувне обладнання.",,
deposit.verb.mine,Гірництво - {0} ({1:0.##}/доба @ {2}),,{0} is resource name {1} is number {2} is depth like 12km
deposit.verb.collect,Збір - {0} ({1:0.##}/доба),,{0} is resource name {1} is number 
deposit.verb.extract,Екстракція - {0} ({1:0.##}/доба @ {2}),,{0} is resource name {1} is number {2} is depth like 12km
deposit.shuttle.verb.mine,"Гірництво - {0} ({1:0}/доба, {2})",,{0} is resource name {1} is number {2} is storage like 100/120
deposit.shuttle.verb.collect,"Збір - {0} ({1:0}/доба, {2})",,{0} is resource name {1} is number {2} is storage like 100/120
deposit.shuttle.verb.extract,"Екстракція - {0} ({1:0}/доба, {2})",,{0} is resource name {1} is number {2} is storage like 100/120
mining.depth.max,Макс.можлива Глибина Видобутку,,
resource.deposit.possible,Вірогідні Поклади Ресурсів,,
operate.fail.deficit,Використання {0} у {1} було невдалим через нестачу електрики: {2},,
noun.note,Замітка,,
adjective.tired,Втома,,
exp.crew.tired,Деякі члени експедиційної команди наразі занадто стомлені для того щоб можна було відправити їх у експедицію. ,,
noun.permissions,Дозволи,,
nav.perm.walking,Наземний,,
nav.perm.flying,Літаючий,,
nav.perm.robot,Механічний,,
nav.perm.biological,Біологічний,,
nav.perm.humanoid,Гуманоїд,,
nav.perm.animal,Тварина,,
nav.perm.friendly,Дружній,,
nav.perm.enemy,Ворожій,,
research.security.doorpermissions,Система Контролю Доступу для Дверей та Шлюзів,,
permissions.denied,Відмова: {0},,
permissions.allowed,Дозвіл: {0},,
expedition.fail.missing.crew,Члену експедиційної команди <b>{0}</b> не вдалося потрапити на борт шатла. Експедицію <b>{1}</b> перевано. ,,
scan.report,Звіт про сканування: {0},,{0} is something like Iron not found
mod.warning.dev.disabled,"Деякі версії модів, що наразі встановлено та використовуються, позначені розробником як несумісні та непідтримувані. Такі моди будуть автоматично відключені.",,
mod.warning.runtime.broken,"Деякі із встановлених модів не вдалося завантажити. Тож <b>наполегливо рекомендовано відключити такі моди, та після цього перезапустити повністю гру</b> - бо у разі навіть часткової їхньої присутності цілком можливе виникнення проблем на кшталт дивної поведінки юнітів, зациклення або зависання алгоритмів, негараздів із продуктивністю, та інших, не менш неприємних та неочікуваних наслідків.",,
mod.had.load.failures,Мод цієї версії не вдалося завантажити.,,
mod.marked.incompatible,Ця версія мода позначена розробником як несумісна із грою.,,
mod.item,Об'єкт із Моду,,
save.upgraded,Сейв Скореговано.,,
save.upgraded.info,Файл-сейв було автоматично скореговано для можливості використання із актуальною версією гри.<br><br>{0},,
fire.extinguished,Пожежу погашено,,
firefighting.failed,Не вдалося погасити пожежу у {0}: {1},,{0} is position {1} is reason
chance.to.explode.on.dmg,Шанс вибуху при пошкодженні: {0},,{0} is percentage
fire.on.dmg,Спалахує при пошкодженні,,
explode.on.hit,Вибухає при пошкодженні,,
explode.on.hit.desc,Деякі об'єкти можуть вибухати при триманні пошкоджень. Шанс вибуху залежить від показників структурної цілісності та зносу.,,
fire.spread.chance,Шанс поширення полум'я,,
fire.spread.chance.desc,Визначає вірогідність займання цього об'єкта від джерела відкритого полум'я поруч із ним.,,
fire.self.ignite.at,Здатне до самозагоряння,,
fire.no.self.ignite,Нездатне до самозагоряння,,
fire.self.ignite.desc,"Цей об'єкт може спалахнути, якщо значення навколишньої температури перевищить значення Точки Загоряння.",,
fire.no.self.ignite.desc,Цей об'єкт не спалахне від занадто високої температури навколишнього середовища. Але якщо поруч буде відкрите полум'я - воно може поширитися на цей об'єкт.,,
chance.low,Невеликий,,
chance.avg,Середній,,
chance.high,Великий,,
click.ctrl.add.fav,"Натиснувши та утримуючи {1}, клікніть {0} щоб додати цей елемент до обраного.",,
click.ctrl.remove.fav,"Натиснувши та утримуючи {1}, клікніть {0} щоб видалити цей елемент із обраного.",,
breakdown.deconstruct.log,Через психічний зрив було демонтовано <b>{0}</b> у <b>{1}</b>.,,
wormhole.to,Червоточина до <b>{0}</b>,,{0} is the name of a galaxy the wormhole leads to
noun.variations,Варіанти,,"Will go on a small-ish button, so try to make it quite short"
tool.heat,Зміна Температури,,
tool.heat.desc,Клікніть та тягніть щоб збільшити температуру. Натисніть та утримуйте Ctrl щоб зменшити температуру. Натисніть та утримуйте Shift щоб встановити значення температури у  21°C.,,
tool.oxygenate,Зміна Кількості Кисню,,
tool.oxygenate.desc,Клікніть та тягніть щоб збільшити кількість кисню. Натисніть та утримуйте Ctrl щоб зменшити кількість кисню. Натисніть та утримуйте Shift щоб встановити значення кількості кисню у  21%.,,
situation.Firefighters,Пожежники,,
situation.GridRenewableOutput,Вироблена Відновлювальна Електрика,,
research.locked,Заблоковано,,Separate from doors lock / unlock due to some languages
research.unlocked,Розблоковано,,Separate from doors lock / unlock due to some languages
research.unlock,Розблокувати,,Separate from doors lock / unlock due to some languages
hint.void_ripper_dm,Під час використання Пронизувача Порожнечі було вироблено певну кількість <b>Темної Матерії</b>. Це траплятиметься кожного разу при використанні Чорної Діри як транспортного засобу.,,
verb.hatching,Інкубація,,For eggs
noun.direct.order,Прямий Наказ,,
goal.state.interupted.direct.order,Перервано. Примусово призначено завдання: {0}.,,
goal.assigned.worker.busy,Призначений Працівник виконує інше завдання: {0}.,,
goal.worker.incapable,Призначений Працівник нездатен виконати завдання.,,
goal.worker.preassigned,Попередньо призначений,,
tractor.beam.auto.projectile,Авто-захват об'єкта,,
tractor.beam.auto.projectile.desc,"Якщо цю опцію активовано - ЕМ Захват автоматично обиратиме будь-який придатний рухомий об'єкт у космосі у межах радіусу своєї дії, та скеровуватиме його траєкторію до відповідної Цілі.",,
tractor.beam.auto.pulling,Об'єкт {0} у {1} буде скеровано до {2},,{0} is object name {1} and {2} is coordinates
tractor.beam.success,"Траєкторію об'єкта {0} було успішно змінено, він буде приземлений до {1}",,{0} is object name {1} is coordinate
stats.base,Показники - Базові,,
stats.being,Показники - Істота,,
stats.full.title,Показники - Всі,,
stat.value.base,Значення базове: {0},,
stat.value.effective,Значення ефективне: {0},,
stat.no.modifiers,Модифікатори відсутні,,
severity.mild,Слабке,,
severity.moderate,Середнє,,
severity.severe,Тяжке,,
severity.critical,Критичне,,
severity.fatal,Летальне,,
condition.duration,Тривалість: {0},,for how long did someone have a condition
stat.influences,Впливає на,,
stat.influenced.by,Чинники Впливу,,
stat.no.effect,Без змін,,
stats.obj,Показники Об'єкта,,
current.task,Поточне Завдання,,
last.failed.task,Останнє Невдале,,
last.completed.task,Останнє Успішне,,
verb.hiding,Ховається,,when a cat is hiding in the bushes and similar situations
expedition.loot,Здобич Експедиції,,
exp.deposit.too.deep,"Поклади ресурсів знаходяться занадто глибоко, експедиція із цим Шатлом не зможе тут нічого видобувати.<br><br>Макс.можлива Глибина Видобутку: <b>{0}</b>.<br>Глибини Залягання Ресурсу: <b>{1}</b>.",,{0} and {1} are depth in kiometers
modifier.NoCPUFragmentation,Відключено Фрагментацію у Мережі,,
modifier.NoCPUFragmentation.desc,"Якщо цю опцію увімкнено - <b>Фрагментація Даних у  Нейронній Мережі</b> не накопичуватиметься під час роботи <b>Корабельного Компьютера</b>, відповідно і процедура <b>Дефрагментації</b> повністю перестане бути необхідною.",,
show.probe.launch,Фокус на стартуючий Зонд,,
enable.pause.frame,Кольорова Рамка під час Паузи,,
fav.items.help,Обране,,
mission.leave.warning,"Наразі у активному стані перебуває <b>Експедиція із Шатлом</b> або <b>Завдання із Коптером</b>. Задіяні у них пристрої або Колоністи не зможуть повернутися на борт до того моменту, як Корабель повернеться до цієї локації.",,
research.economy.blackmarket,Чорний Ринок,,
research.economy.blackmarket.desc,Можна скористатися менш етичними варіантами торговельних відносин.,,
research.lifesupport.growingpartsadvanced,Синтетичні Органи - Вдосконалені,,
research.lifesupport.growingpartsbasic,Синтетичні Органи - Базові,,
research.lifesupport.growingpartsimproved,Синтетичні Органи - Поліпшені,,
research.lifesupport.surgeryhub,Хірургічний Хаб,,
research.robotics.partsadvanced,Модулі Роботів - Вдосконалені,,
research.robotics.partsbasic,Модулі Роботів - Базові,,
research.robotics.partsimproved,Модулі Роботів - Поліпшені,,
ability.Build,Монтування,,Translations added for v0.11 begin here
ability.Carry,Перенесення,,
ability.EquipItem,Використання Спорядження,,
ability.Fly,Політ,,
ability.Move,Переміщення,,
ability.Recharge,Заряджати Батареї,,
ability.UseItem,Застосування Предметів,,
being.state.alive,Живе,,
being.state.incapacitated,Недієздатне,,
bodypart.Arm.ArmHuman,Рука Людини,,
bodypart.Arm.ArmHuman.desc,Органічна людська рука,,
bodypart.Arm.LegFrontCat,Нога Кота (передня),,
bodypart.Arm.LegFrontCat.desc,Органічна котяча нога,,
bodypart.Arm.LegFrontDog,Нога Собаки (передня),,
bodypart.Arm.LegFrontDog.desc,Органічна собача нога,,
bodypart.Arm.ServoArm,Серво-Кінцівка,,
bodypart.Arm.ServoArm.desc,Стандартна механічна кінцівка,,
bodypart.Battery.MiniCell,Батарея - Міні,,
bodypart.Battery.MiniCell.desc,Маленьке портативне джерело живлення для механічних модулів. ,,
bodypart.Body.BodyCarrier,Корпус Дрона-Перевізника,,
bodypart.Body.BodyCarrier.desc,Корпусний Модуль Дрона-Перевізника,,
bodypart.Body.BodyCat,Тулуб Кота,,
bodypart.Body.BodyCat.desc,Органічний котячий тулуб,,
bodypart.Body.BodyCleaningBot,Корпус Бота-Чистильника,,
bodypart.Body.BodyCleaningBot.desc,Корпусний Модуль Бота-Чистильника,,
bodypart.Body.BodyDog,Тулуб Собаки,,
bodypart.Body.BodyDog.desc,Органічний собачий тулуб,,
bodypart.Body.BodyDrone,Корпус Дрона-Монтажника,,
bodypart.Body.BodyDrone.desc,Корпусний Модуль Дрона-Монтажника,,
bodypart.Body.BodyHuman,Тулуб Людини,,
bodypart.Body.BodyHuman.desc,Органічний людський тулуб,,
bodypart.Body.BodyOrbotron,Корпус Орботрона,,
bodypart.Body.BodyOrbotron.desc,Корпусний Модуль Орботрона,,
bodypart.Body.BodyRobot,Корпус Робота-Монтажника,,
bodypart.Body.BodyRobot.desc,Корпусний Модуль Робота-Монтажника,,
bodypart.Body.BodySentry,Корпус Дрона-Охоронця,,
bodypart.Body.BodySentry.desc,Корпусний Модуль Дрона-Охоронця,,
bodypart.Brain.BrainCat,Мозок Кота,,
bodypart.Brain.BrainCat.desc,Органічний котячий мозок,,
bodypart.Brain.BrainDog,Мозок Собаки,,
bodypart.Brain.BrainDog.desc,Органічний собачий мозок,,
bodypart.Brain.BrainHuman,Мозок Людини,,
bodypart.Brain.BrainHuman.desc,Органічний людський мозок,,
bodypart.Core.MiniCore,Модуль Ядра - Міні,,
bodypart.Core.MiniCore.desc,Сховище даних механічних істот,,
bodypart.Ear.EarCat,Вухо Кота,,
bodypart.Ear.EarCat.desc,Органічне котяче вухо,,
bodypart.Ear.EarDog,Вухо Собаки,,
bodypart.Ear.EarDog.desc,Органічне собаче вухо,,
bodypart.Ear.EarHuman,Вухо Людини,,
bodypart.Ear.EarHuman.desc,Органічне людське вухо,,
bodypart.Eye.EyeCat,Око Кота,,
bodypart.Eye.EyeCat.desc,Органічне котяче око,,
bodypart.Eye.EyeDog,Око Собаки,,
bodypart.Eye.EyeDog.desc,Органічне собаче око,,
bodypart.Eye.EyeHuman,Око Людини,,
bodypart.Eye.EyeHuman.desc,Органічне людське око,,
bodypart.Eye.MiniOptics,Оптика - Міні,,
bodypart.Eye.MiniOptics.desc,Оптичний Модуль компактного розміру для механічних істот,,
bodypart.Foot.FootHuman,Ступня Людини,,
bodypart.Foot.FootHuman.desc,Органічна людська ступня,,
bodypart.Foot.PawRearCat,Лапа Кота (задня),,
bodypart.Foot.PawRearCat.desc,Органічна котяча лапа,,
bodypart.Foot.PawRearDog,Лапа Собаки (задня),,
bodypart.Foot.PawRearDog.desc,Органічна собача лапа,,
bodypart.Hand.Grappler,Захват,,
bodypart.Hand.Grappler.desc,"Пристрій, що кріпиться до механічної кінцівки. Призначений для простих операцій на кшталт захоплення та переміщення об'єктів",,
bodypart.Hand.HandHuman,Кисть Людини,,
bodypart.Hand.HandHuman.desc,Органічна людська кисть,,
bodypart.Hand.MultiTool,Ефектор,,
bodypart.Hand.MultiTool.desc,"Пристрій, що кріпиться до механічної кінцівки. Призначений для виконання різних складних монтажних операцій, а також для переміщення об'єктів",,
bodypart.Hand.PawFrontCat,Лапа Кота (передня),,
bodypart.Hand.PawFrontCat.desc,Органічна котяча лапа,,
bodypart.Hand.PawFrontDog,Лапа Собаки (передня),,
bodypart.Hand.PawFrontDog.desc,Органічна собача лапа,,
bodypart.Head.HeadCat,Голова Кота,,
bodypart.Head.HeadCat.desc,Органічна котяча голова,,
bodypart.Head.HeadDog,Голова Собаки,,
bodypart.Head.HeadDog.desc,Органічна собача голова,,
bodypart.Head.HeadHuman,Голова Людини,,
bodypart.Head.HeadHuman.desc,Органічна людська голова,,
bodypart.Heart.HeartLarge,Велике Серце,,
bodypart.Heart.HeartLarge.desc,Органічне серце великого розміру,,
bodypart.Heart.HeartMedium,Середнє Серце,,
bodypart.Heart.HeartMedium.desc,Органічне серце середнього розміру,,
bodypart.Heart.HeartSmall,Мале Серце,,
bodypart.Heart.HeartSmall.desc,Органічне серце малого розміру,,
bodypart.Hip.HipCat,Стегно Кота,,
bodypart.Hip.HipCat.desc,Органічне котяче стегно,,
bodypart.Hip.HipDog,Стегно Собаки,,
bodypart.Hip.HipDog.desc,Органічне собаче стегно,,
bodypart.Hip.HipHuman,Стегно Людини,,
bodypart.Hip.HipHuman.desc,Органічне людське стегно,,
bodypart.Intestines.IntestinesLarge,Великий Кишечник,,
bodypart.Intestines.IntestinesLarge.desc,Органічний кишечник великого розміру,,
bodypart.Intestines.IntestinesMedium,Середній Кишечник,,
bodypart.Intestines.IntestinesMedium.desc,Органічний кишечник середнього розміру,,
bodypart.Intestines.IntestinesSmall,Малий Кишечник,,
bodypart.Intestines.IntestinesSmall.desc,Органічний кишечник малого розміру,,
bodypart.Jaw.JawCat,Щелепа Кота,,
bodypart.Jaw.JawCat.desc,Органічна котяча щелепа,,
bodypart.Jaw.JawDog,Щелепа Собаки,,
bodypart.Jaw.JawDog.desc,Органічна собача щелепа,,
bodypart.Jaw.JawHuman,Щелепа Людини,,
bodypart.Jaw.JawHuman.desc,Органічна людська щелепа,,
bodypart.Kidney.KidneyLarge,Велика Нирка,,
bodypart.Kidney.KidneyLarge.desc,Органічна нирка великого розміру,,
bodypart.Kidney.KidneyMedium,Середня Нирка,,
bodypart.Kidney.KidneyMedium.desc,Органічна нирка середнього розміру,,
bodypart.Kidney.KidneySmall,Мала Нирка,,
bodypart.Kidney.KidneySmall.desc,Органічна нирка малого розміру,,
bodypart.Leg.LegHuman,Нога Людини,,
bodypart.Leg.LegHuman.desc,Органічна людська нога,,
bodypart.Leg.LegRearCat,Нога Кота (задня),,
bodypart.Leg.LegRearCat.desc,Органічна котяча нога,,
bodypart.Leg.LegRearDog,Нога Собаки (задня),,
bodypart.Leg.LegRearDog.desc,Органічна собача нога,,
bodypart.Liver.LiverLarge,Велика Печінка,,
bodypart.Liver.LiverLarge.desc,Органічна печінка великого розміру,,
bodypart.Liver.LiverMedium,Середня Печінка,,
bodypart.Liver.LiverMedium.desc,Органічна печінка середнього розміру,,
bodypart.Liver.LiverSmall,Мала Печінка,,
bodypart.Liver.LiverSmall.desc,Органічна печінка малого розміру,,
bodypart.Lung.LungLarge,Велика Легеня,,
bodypart.Lung.LungLarge.desc,Органічна легеня великого розміру,,
bodypart.Lung.LungMedium,Середня Легеня,,
bodypart.Lung.LungMedium.desc,Органічна легеня середнього розміру,,
bodypart.Lung.LungSmall,Мала Легеня,,
bodypart.Lung.LungSmall.desc,Органічна легеня малого розміру,,
bodypart.Mobilizer.MiniJet,Міні-Джет,,
bodypart.Mobilizer.MiniJet.desc,"Реактивний рушій невеликого розміру для механічних істот, що надає можливість переміщення у польоті",,
bodypart.Mobilizer.MiniTracks,Траки - Міні,,
bodypart.Mobilizer.MiniTracks.desc,"Гусеничний рушій невеликого розміру для механічних істот, що надає можливість переміщення по твердій поверхні",,
bodypart.Mobilizer.Tracks,Траки,,
bodypart.Mobilizer.Tracks.desc,"Гусеничний рушій для механічних істот, що надає можливість переміщення по твердій поверхні",,
bodypart.Shoulder.ArmSocket,Роз'єм кінцівки,,
bodypart.Shoulder.ArmSocket.desc,Роз'єм для підключення серво-кінцівки механічних істот,,
bodypart.Shoulder.ShoulderCat,Плече Кота,,
bodypart.Shoulder.ShoulderCat.desc,Органічне котяче плече,,
bodypart.Shoulder.ShoulderDog,Плече Собаки,,
bodypart.Shoulder.ShoulderDog.desc,Органічне собаче плече,,
bodypart.Shoulder.ShoulderHuman,Плече Людини,,
bodypart.Shoulder.ShoulderHuman.desc,Органічне людське плече,,
bodypart.Stomach.StomachLarge,Великий Шлунок,,
bodypart.Stomach.StomachLarge.desc,Органічний шлунок великого розміру,,
bodypart.Stomach.StomachMedium,Середній Шлунок,,
bodypart.Stomach.StomachMedium.desc,Органічний шлунок середнього розміру,,
bodypart.Stomach.StomachSmall,Малий Шлунок,,
bodypart.Stomach.StomachSmall.desc,Органічний шлунок малого розміру,,
bodypart.Tail.TailCat,Хвіст Кота,,
bodypart.Tail.TailCat.desc,Органічний котячий хвіст,,
bodypart.Tail.TailDog,Хвіст Собаки,,
bodypart.Tail.TailDog.desc,Органічний собачий хвіст,,
bodypart.type.Arm,Рука,,
bodypart.type.Battery,Батарея,,
bodypart.type.Body,Корпус,,
bodypart.type.Brain,Мозок,,
bodypart.type.Core,Ядро,,
bodypart.type.Ear,Вухо,,
bodypart.type.Eye,Око,,
bodypart.type.Finger,Палець руки,,
bodypart.type.Foot,Ступня,,
bodypart.type.Hand,Кисть,,
bodypart.type.Head,Голова,,
bodypart.type.Heart,Серце,,
bodypart.type.Hip,Стегно,,
bodypart.type.Intestines,Кишечник,,
bodypart.type.Jaw,Щелепа,,
bodypart.type.Kidney,Нирка,,
bodypart.type.Leg,Нога,,
bodypart.type.Liver,Печінка,,
bodypart.type.Lung,Легені,,
bodypart.type.Mobilizer,Ходова частина,,
bodypart.type.Shoulder,Плече,,
bodypart.type.Stomach,Шлунок,,
bodypart.type.Tail,Хвіст,,
bodypart.type.Thumb,Великий Палець Руки,,
bodypart.type.Toe,Палець Ноги,,
days.abbr,{0}д,,one character abbreviation for days
days.hours.abbr,{0}д {1}г,,
days.hours.minutes.abbr,{0}д {1}г {2}х,,
hours.abbr,{0}г,,one character abbreviation for hours
hours.minutes.abbr,{0}г {1}х,,
initial.crew,Початкова Команда,,
inventory.slot.Clothing,Одяг,,
inventory.slot.Hat,Капелюх,,
inventory.slot.Helmet,Шолом,,
inventory.slot.Suit,Скафандр,,
inventory.slot.Weapon,Зброя,,
job.type.Melee,Ближній Бій,,
job.type.Piloting,Пілотування,,
job.type.Refilling,Поповнення,,
job.type.Shooting,Стрільба,,
job.type.Social,Спілкування,,
minutes.abbr,{0}х,,one character abbreviation for minutes
minutes.seconds.abbr,{0}х {1}с,,
modifier.PetsCount,Початкова кількість Тварин: {0},,
modifier.PetsCount.desc,"<b>Увага</b>: На початку гри тваринам може бути доволі складно вижити. Будь ласка, розміркуйте над тим щоб залишити це число рівним 0.",,
modifiers.tip,За допомогою модифікаторів можна змінити поведінку гри.<br><br><b>Увага:</b> Застосування деяких модифікаторів призведе до відключення Досягнень.,,
months.abbr,{0}м,,one character abbreviation for months
months.days.abbr,{0}м {1}д,,
noun.sex,Стать,,
obj.equipment.clothing.spacesuit01,Скафандр,,
obj.equipment.clothing.uniform01,Уніформа,,
obj.equipment.hats.hat01,Капелюх,,
obj.equipment.hats.spacehelmet01,Шолом,,
overlay.tip.AI,ШІ,,
overlay.tip.Cover,Укриття,,As in object to hide behind during combat
permadeath.label,Невідворотність,,
prepare.to.embark,Початкові Налаштування,,
randomize.all,Встановити Все Випадково,,
sandbox.welcome,"Вітаємо у режимі Пісочниця!. За допомогою <b>Меню Монтажних Робіт</b> можна миттєво створювати істот, об'єкти, ресурси - без будь-яких обмежень. ",,
seconds.abbr,{0}с,,one character abbreviation for seconds
side.1,#1,,
side.2,#2,,
side.l,Лів,,Abbreviation for Left side
side.r,Прав,,Abbreviation for Right side
stat.AccuracyMax,Точність (Maкс),,
stat.AccuracyMax.desc,Максимальна Точність на оптимальній відстані.,,
stat.AIAlignment,Злагода із ШІ,,
stat.AIAlignment.desc,"Показник відображає ступінь довіри, погодженості, та згоди до співпраці із вами. Високий рівень цього показника надає можливість взаємодіяти із істотою - призначати завдання, або задіяти Пряме Керування.",,
stat.ArmorBlunt,Опірність - Ударне,,
stat.ArmorBlunt.desc,Опірність до уражень від ударів тупими предметами.,,
stat.ArmorEnergy,Опірність - Енергетичне,,
stat.ArmorEnergy.desc,Опірність до уражень від атак енергією.,,
stat.ArmorPiercing,Опірність - Проникаюче,,
stat.ArmorPiercing.desc,Опірність до уражень від атак проникаючого типу.,,
stat.ArmorSharp,Опірність - Ріжуче,,
stat.ArmorSharp.desc,Опірність до уражень від атак ріжучого типу.,,
stat.BatteryCapacity,Ємність Батареї,,
stat.BatteryCharge,Заряд Батареї,,
stat.BatteryConsumption,Споживання Енергії із Батареї,,
stat.BleedChance,Шанс Кровотечі,,
stat.BleedChance.desc,Вірогідність утворити кровотечну рану у разі успішної атаки.,,
stat.BloodAmount,"Кров, фактичний об'єм",,
stat.BloodAmount.desc,Кількість крові у організмі на поточний момент. Втрата великого об'єму крові призводить до смерті істоти.,,
stat.BloodCapacity,"Кров, номінальний об'єм",,
stat.BloodCapacity.desc,Номінальна кількість крові у організмі.,,
stat.BloodFilterRate,Фільтрація Крові,,
stat.BloodFilterRate.desc,Як швидко зменшується концентрація токсинів у крові.,,
stat.BloodPumpRate,Прокачка Крові,,
stat.BloodPumpRate.desc,Як швидко прокачується кров через кровоносну систему. Зниження темпу прокачки крові може призводити до смерті.,,
stat.BloodToxicity,Токсичність Крові,,
stat.BloodToxicity.desc,"Токсини накопичуються у крові як наслідок функціонування систем організму - через споживання їжі, або інших субстанцій. Певні органи виконують фільтрацію крові, зменшуючи концентрацію токсинів. Висока концентрація токсинів у крові може призводити до негативного впливу на здоров'я та/або до смерті.",,
stat.CarryCapacity,Вантажність,,
stat.CarryCapacity.desc,Яку кількість вантажу може переносити істота.,,
stat.ChargeSec,Час атаки,,This is NOT for charging batteries but for preparing for an attack
stat.ChargeSec.desc,Яку кількість часу потребуватиме істота для виконання Атаки.,,This is NOT for charging batteries but for preparing for an attack
stat.CombatEvade,Ухилення від Атаки,,
stat.CombatEvade.desc,Наскільки збільшено шанс ухилитися від ворожої Атаки.,,
stat.CooldownSec,Час перепочинку,,
stat.CooldownSec.desc,Яку кількість часу потребуватиме істота для для завершення циклу Атаки.,,
stat.Dexterity,Спритність,,
stat.Dexterity.desc,"Від цього показника прямо залежить ефективність виконання завдань, що потребують використання рук чи маніпуляторів.",,
stat.DigestionRate,Темп Травлення,,
stat.DigestionRate.desc,Як швидко перетравлюється спожита їжа.,,
stat.DPS,УЗС,,
stat.DPS.desc,Ушкодження За Секунду,,
stat.Hearing,Слух,,
stat.Hearing.desc,Здатність сприймати звукові хвилі.,,
stat.Hunger,Голод,,
stat.Hunger.desc,Показник відображає актуальний ступінь голоду. Чим менше значення - тим голодніша істота. Споживання їжі збільшує значення показника.,,
stat.HungerRate,Темп Наростання Голоду,,
stat.HungerRate.desc,Як швидко збільшується ступінь голоду.,,
stat.IntestinesContents,Вміст Кишечника,,
stat.IntestinesContents.desc,Як багато їжі наразі перебуває у травній системі істоти.,,
stat.LungCapacity,Об'єм Легень,,
stat.LungCapacity.desc,Як багато воздуху можуть містити легені істоти.,,
stat.LungEfficiency,Ефективність Легень,,
stat.LungEfficiency.desc,Наскільки ефективно легені забезпечують газообмін та насичення крові киснем.,,
stat.MoveSpeed,Швидкість Руху,,
stat.MoveSpeed.desc,Як швидко може переміщатися істота.,,
stat.MoveSpeedMul,Швидкість Руху - Множник,,
stat.O2.desc,O<sub>2</sub> - Рівень,,
stat.O2Min,O<sub>2</sub> - Мінімум,,
stat.O2Min.desc,Мінімально допустима кількість кисню для виживання організму.,,
stat.Pain,Біль,,
stat.Pain.desc,"Рівень болю, що наразі відчуває істота.",,
stat.PainThreshold,Толерантність до Болю,2022-04-17,
stat.PainThreshold.desc,"Найвищій рівень болю, при якому істота ще перебуває у свідомості.",,
stat.RangeMax,Дистанція (Макс),,
stat.RangeMax.desc,"Максимальна дистанція, на якій можливо атакувати ціль.",,
stat.RangeMin,Дистанція (Мін),,
stat.RangeMin.desc,"Мінімальна дистанція, на якій можливо атакувати ціль.",,
stat.Sanity,Адекватність,,
stat.Sanity.desc,"Стан психічного здоров'я. Низький рівень цього показника означає, що поведінка істоти може бути ірраціональною, аж до ігнорування власної безпеки.",,
stat.Sight,Зір,,
stat.Sight.desc,Наскільки добре істота здатна бачити.,,
stat.SleepPressureRate,Темп Наростання Потреби у Сні,,
stat.SleepPressureRate.desc,Як швидко накопичується втома та сонливість.,,
stat.SleepRate,Темп Відновлення Сил Під Час Сну,,
stat.SleepRate.desc,Як швидко відновлюються сили під час сну.,,
stat.SpaceSuitIntegrity,Цілісність Скафандра,,
stat.SpaceSuitIntegrity.desc,"Комплект із Скафандра та Шолома забезпечує 100% цілісність, що необхідна для перебування людини у відкритому космосі.",,
stat.StomachContents,Вміст Шлунку,,
stat.StomachContents.desc,"Кількість їжі, що наразі міститься у шлунку істоти.",,
stat.StunChanceBio,Шанс Оглушення (Біо),,
stat.StunChanceBio.desc,Шанс тимчасово паралізувати біологічну істоту.,,
stat.StunChanceRobo,Шанс Оглушення (Мех),,
stat.StunChanceRobo.desc,Шанс тимчасово паралізувати механічну істоту.,,
stat.TempMax,Температура (Макс),,
stat.TempMax.desc,"Максимальна температура, яку здатна витримувати істота.",,
stat.TempMin,Температура (Мін),,
stat.TempMin.desc,"Мінімальна температура, яку здатна витримувати істота.",,
stat.Toilet,Туалет,,
stat.Toilet.desc,Цей показник відображає ступінь потреби істоти у відвідувані туалету. Чим нижче значення - тим скоріше істота буде вимушена шукати будь-який туалет. Відвідування туалету збільшує значення.,,
stat.ToiletRate,Темп Наростання Потреби у Туалеті,,
stat.ToiletRate.desc,Як швидко стане необхідним знову відвідати туалет.,,
stat.WoundHealRate,Темп Загоєння Ран,,
stat.WoundHealRate.desc,Як швидко загоюються рани.,,
storygen.tip,"Налаштування <b>Генератора Історії</b> визначатимуть перебіг та ступінь масштабності випадкових подій, що траплятимуться протягом гри. Рекомендований варіант - <b>Збалансовано</b>.",,
trait.bad_appetite,Поганий Апетит,,
trait.bookworm,Книгогриз,,
trait.carnivore,М'ясоїдність,,
trait.clumsy,Незграбність,,
trait.curious,Цікавість,,
trait.pacifist,Пацифізм,,
trait.sedentary,Посидючість,,
trait.shy,Сором'язливість,,
trait.technophile,Технофільність,,
trait.technophobe,Технофобія,,
trait.type.BiologicalFunction,Біологічні Функції,,
trait.type.Civilized,Соціальне,,
trait.type.Intellectual,Інтелектуальне,,
trait.type.Mental,Психічне,,
trait.type.MotorFunction,Моторні Функції,,
trait.vegan,Веганство,,
years.abbr,{0}р,,single character abbreviation of years
years.months.abbr,{0}р {1}м,,abbreviated years and months
role.Assassin,Виконання Замовних Вбивств,,
role.Athlete,"Спорт, Атлетика",,
role.BelovedPet,Розпещений Улюбленець,,
role.Billionaire,Мільярдер,,
role.BirdWatcher,Споглядач за Птахами,,
role.Bouncer,Викидайло,,
role.BoyScout,Пластун,,
role.Bully,"Дрібні правопорушення, хуліганство",,
role.BusinessOwner,Власний Бізнес,,
role.Butler,Дворецький,,
role.CageFighter,Фрі-Файт,,
role.CatEntertainer,Котячий Аніматор,,
role.ChiefScientist,Старший Науковий Співробітник,,
role.CircusAnimal,Циркова Тварина,,
role.Clown,Клоунада,,
role.CoalMiner,Гірництво - Видобуток Вугілля,,
role.CollectingRust,Збирання Металевого Брухту,,
role.Cuddler,Терапія Обіймами,,
role.Cultist,Адепт Культу,,
role.CultLeader,Лідер Культу,,
role.Dancer,Танець,,
role.DrugAddict,Наркозалежність,,
role.DrugDealer,Торгівля Наркотиками,,
role.Drummer,Гра на Барабанах,,
role.Engineer,Інженерна Робота,,
role.Firefighter,Служба у Пожежній Охороні,,
role.GameDeveloper,Розробка Відеоігор,,
role.GirlScout,Пластунка,,
role.Guitarist,Гра на Гитарі,,
role.Guru,"Духовне Наставництво, Гуру",,
role.Hippie,Життя у Комуні Хіпі,,
role.Hipster,Хіпстерська Тусовка,,
role.Homeless,Безхатько,,
role.Househusband,Домогосподар,,
role.Housewife,Домогосподарка,,
role.Janitor,Прибирання Приміщень,,
role.LitterboxTester,Тестування Котячих Туалетів,,
role.LotteryWinner,Переможець у Лотереї,,
role.MallCop,Служба Безпеки у Супермаркеті,,
role.Mercenary,Служба у Приватній Військовій Кампанії,,
role.Millionaire,Мільйонер,,
role.Monk,Чернецтво,,
role.MouseHunter,Полювання на Мишей,,
role.Nanny,Догляд за Дітьми,,
role.Nurse,"Медицина, Сестринська Справа",,
role.OperaSinger,Оперний Спів,,
role.OrganSmuggler,Контрабанда Біо-Матеріалів та Органів,,
role.Painter,Живопис,,
role.Pet,Домашній Улюбленець,,
role.PetBot,Робот-Домашній Улюбленець,,
role.Pianist,Гра на Піаніно,,
role.PoliceDog,Служба у Поліціі,,
role.Politician,Політична Діяльність,,
role.President,Президентство,,
role.Purrfectionist,Муррфекціоніст,,
role.RescueDog,Служба у Оперативно-Рятувальному Загоні,,
role.Researcher,Дослідницька Діяльність,,
role.RoboButler,Робот-Дворецький,,
role.SandwichAssembler,Комплектування Сандвічів,,
role.Scientist,Наукова Робота,,
role.ScoutCampManager,Керівництво Табором Пластунів,,
role.SexWorker,Секс-Робота,,
role.ShelterAnimal,Тварина із Приюту,,
role.Shepherd,Випас Тварин,,
role.Singer,Естрадний Спів,,
role.Slave,Рабство,,
role.SoftwareDeveloper,Розробка ПЗ,,
role.Soldier,Служба у Збройних Силах,,
role.Stray,Вулична Тварина,,
role.SuicideBomber,"Терористична Діяльність, Смертник",,
role.Teacher,Освітня та Викладацька Діяльність,,
role.Terrorist,Терористична Діяльність,,
role.TestSubject,Піддослідний Об'єкт,,
role.Thief,"Правопорушення, Крадіжки",,
role.Thug,"Кримінальне Угрупування, Бандитизм",,
role.Unemployed,Безробіття,,
role.Volunteer,Волонтерство,,
role.WebDeveloper,Веб-Розробка,,
role.ZooAnimal,Тварина із Зоопарку,,
role.MadScientist,Притрушений Науковець,,
inflict.wound.log,{0} - атаковано {3} - уражено <b>{4}</b> - <b>{1} {2}</b>,,{0} is attacker name {1} wound severity level {2} is wound damage type {3} is victim name {4} is victims body part name. Example: John inflicted a Critical Piercing wound on Mike's Head
attack.type.blunt,Ударне,,
attack.type.sharp,Різане,,
attack.type.piercing,Проникаюче,,
attack.type.energy,Енергетичне,,
noun.jobs,Типи Завдань,,
job.priority,Пріоритет: <b>{0}</b>,,{0} is a number
job.level,Навичка <b>{0}</b>,,Must be as short as possible. {0} is a number
adj.incapable,Нездатність до цього,,
job.level.progress,Поліпшення навички: {0},,
job.fail.no.worker,Не виконуються завдання типу <b>{0}</b>. Слід перевірити пріоритети у Працівників.,,{0} job type name
job.fail.no.skill,"Жоден Працівник не виконує завдання типу <b>{0}</b> рівня <b>{1}</b>. Перевірте налаштування пріоритетів у Працівників, або спробуйте підвищити їхні відповідні навички шляхом виконання простіших завдань типу <b>{0}</b>.",,{0} job type name. {1} leve number
goal.state.available,Доступно,,
goal.state.pending,Незавершено,,
goal.state.preassigned,Призначено,,
goal.state.bidding,Запропоновано,,
goal.state.inprogress,Виконується,,
goal.state.cancelled,Скасовано,,
goal.state.interrupted,Перервано,,
goal.state.completed,Завершено,,
goal.state.error,Помилка,,
goal.state.errorlooping,Циклічна Помилка,,
goal.state.uninitialized,Деініціалізація,,
goal.state.failed,Невдале,,
job.priority.hint,"Пріоритети: <b>1</b> = Найнижчій, <b>5</b> = Найвищій, <b>0</b> = Заборонено",2024-04-25,
verb.embark,Розпочати,,
verb.cleaning.up,Прибирання,,"For washing yourself in a shower, taking a bath, etc"
scenario.wrecked_empty_ship.tooltip,Відбудуйте розтрощений космічний корабель та врятуйте свою колонію. Це основний сценарій.,,
noun.abilities,Можливості,,
noun.body.part,Структурний Елемент,,
noun.source,Засіб,,As in source of some effect
noun.trait,Риса,,Example trait can be Clumsy or Brave
no.conditions,Нормальний,,
no.conditions.tip,"Організм цієї істоти наразі не перебуває у будь-якому із Особливих Станів. Цей розділ міститиме перелік змін до Нормального Стану - поранення, хвороби, відмови органів або модулів та таке інше.",,
bodypart.type.Appendage,Відросток,,as in a limb
bodypart.type.Maw,Паща,,alternative of jaw
bodypart.Appendage.LegCrawler,Лапа Краулера,,
bodypart.Appendage.LegCrawler.desc,Органічна Лапа Краулера,,
bodypart.Body.BodyCrawler,Тулуб Краулера,,
bodypart.Body.BodyCrawler.desc,Органічний Тулуб Краулера,,
bodypart.Hand.Manipulator,Маніпулятор,,
bodypart.Hand.Manipulator.desc,"Вдосконалений механічний ефектор, здатний до виконання високоточних завдань.",,
bodypart.Maw.MawCrawler,Паща Краулера,,
bodypart.Maw.MawCrawler.desc,Органічна Пащека Краулера,,
obj.equipment.clothing.spacesuit02,Реактивний Скафандр,,
obj.equipment.clothing.tracksuit01,Спортивний Костюм,,
obj.equipment.clothing.tracksuit02,Спортивний Костюм,,
obj.equipment.clothing.uniform02,Уніформа,,
obj.equipment.clothing.uniform03,Уніформа,,
obj.equipment.hats.crawlerfacehug,Краулер,,
obj.equipment.hats.spacehelmet02,Посилений Шолом,,
objects.devices.botdock,Док Роботів,,
overlay.tip.Dev,Режим Розробника,,
objects.devices.assemblyhub,Механічний Хаб,,
objects.devices.assemblyhub.desc,"Споруда, де відбувається модифікація механічних істот.",,
objects.devices.botdock.desc,Док-станція для механічних істот будь-якого типу. Містить зарядну станцію низької потужності.,,
objects.devices.organstorage,Сховище Органів,,
objects.devices.organstorage.desc,Кріо-сховище для зберігання частин біологічних істот у належних умовах для подальшого безпечного використання.,,
objects.devices.partstorage,Сховище Запчастин,,
objects.devices.partstorage.desc,Склад для модулів механічних істот.,,
objects.devices.surgeryhub,Хірургічний Хаб,,
objects.devices.surgeryhub.desc,"Споруда, де у стерильних умовах виконуються інвазивні медичні процедури - ампутації, трансплантації, та таке інше. ",,
obj.containers.bodypartorganic,Частина Тіла (Органічна),,
obj.containers.bodypartorganic.desc,Містить частини тіл біологічних істот.,,
obj.containers.bodypartrobotic,Модуль (Механічний),,
obj.containers.bodypartrobotic.desc,Містить модулі механічних істот.,,
obj.equipment.clothing.spacesuit01.desc,Базовий скафандр. Потребує наявності у комплекті Шолома.,,
obj.equipment.clothing.spacesuit02.desc,"Вдосконалений скафандр, укомплектований Міні-Джетом. Потребує наявності у комплекті Шолома.",,
obj.equipment.clothing.tracksuit01.desc,Зручний звичайний одяг.,,
obj.equipment.clothing.tracksuit02.desc,Зручний звичайний одяг.,,
obj.equipment.clothing.uniform01.desc,Простий формений одяг.,,
obj.equipment.clothing.uniform02.desc,Простий формений одяг.,,
obj.equipment.clothing.uniform03.desc,Простий формений одяг.,,
obj.equipment.hats.crawlerfacehug.desc,"Краулер, що захопив голову та прикріпився до обличчя колоніста.",,
obj.equipment.hats.hat01.desc,Файний капелюх.,,
obj.equipment.hats.spacehelmet01.desc,"Герметичний шолом, що має бути у комплекті зі скафандром.",,
obj.equipment.hats.spacehelmet02.desc,"Герметичний шолом, що має бути у комплекті зі скафандром. Забезпечує додатковий захист від небезпечних факторів навколишнього середовища.",,
stat.Fun,Радість,,
stat.Fun.desc,Наскільки радісно живеться істоті.,,
stat.FunDropRate,Темп Зменшення Радості,,
stat.FunDropRate.desc,Як швидко зменшується рівень радості.,,
stat.FunIncreaseRate,Темп Збільшення Радості,,
stat.FunIncreaseRate.desc,Як швидко збільшується рівень радості.,,
stat.DepressionTendency,Тенденція до Депресії,,
stat.DepressionTendency.desc,Вірогідність набуття стану депресії.,,
stat.Sleep,Сон,,
stat.Sleep.desc,Наскільки добре істота відпочила під час сну.,,
stat.HungerSatisfyRate,Темп Задоволення Голоду,,
stat.HungerSatisfyRate.desc,Як швидко істота споживає їжу.,,
stat.ToiletReliefRate,Темп Задоволення Потреби у Туалеті,,
stat.ToiletReliefRate.desc,Як швидко істота задовольняє потребу у Туалеті.,,
stat.Hygiene,Гігієна,,
stat.Hygiene.desc,Наскільки чистою почуває себе істота.,,
stat.HygieneReliefRate,Темп Задоволення Гігієнічних Потреб,,
stat.HygieneReliefRate.desc,Як швидко істота очищує себе.,,
stat.HygieneRate,Темп Наростання Гігієнічних Потреб,,
stat.HygieneRate.desc,Як швидко істота знову почуватиме себе брудною та потребуватиме очищення.,,
need.Equipment,Обладнання,,
noun.experience,Життєвий Досвід,,as in Job Experience or Life Experience and wisdom
age.phase.childhoood,Дитинство,,
age.phase.young.adult,Молодість,,
age.phase.midlife,Зрілість,,
age.phase.retirement,Старість,,
verb.loves,Подобається,,as in Loves work
job.incapable.of,Нездатність до ,,as in Incapable of violence
modifier.Difficulty,Складність,,
modifier.DisableStoryEvents,Відключити Ігрові Події,,
job.type.Mining,Гірництво,,
job.type.Robotics,Робототехніка,,
job.type.Task,Постановка Завдань,,
jobs.loves,Дехто із екіпажа має схильність до завдань такого типу,,
jobs.nobody.capable,Ніхто із екіпажа не може виконувати завдання такого типу,,
noun.conditions,Особливі Стани,,plural of condition. as in health conditions
stat.Temp.desc,Поточна температура,,
select.item,Оберіть Предмет,,header for a list of items
verb.equip,Задіяти,,as in Equip an item
direct.order.wrong.faction,Ця істота не належить до вашої <b>Фракції</b> і не підкорятиметься вашим наказам.,,
direct.order.low.ai.alignment,Ця істота має низький рівень <b>Злагоди із ШІ</b> і не підкорятиметься вашим наказам.,,
adjective.available,Доступне,,
body.configuration,Складові,,
noun.body,Тіло,,
not.available.short,Н/Д,,an abbreviated version of Not Available. if your country does not have an abbreviation for this you can use a word 'No'.
direct.order.available,Ця істота виконуватиме ваші накази.,,
ctrl.assign.attack.target,Утримуючі {1} зробіть клік {0} щоб призначити ціль для атаки.,,
ctrl.attack.being,Утримуючі {1} зробіть клік {0} щоб атакувати цю істоту.,,
noun.combat.unit,Режим Бою,,
combat.unit.state.unaware,Небойовий,,
combat.unit.state.aggressive,Агресивний,,
combat.unit.state.aware,Тривога,,
combat.unit.state.fleeing,Відступати,,
noun.attack.target,Атакувати Ціль,,
adjective.personal,Персональне,,For personal jobs
adjective.colony,Загальне,,For colony jobs
combat.cover.at.none,Без укриття у {0},,
combat.cover.at,Укриття у {0},,
direction.north.short,Пн,,
direction.south.short,Пд,,
direction.east.short,Сх,,
direction.west.short,Зх,,
direction.north.east.short,Пн-Сх,,
direction.south.east.short,Пд-Сх,,
direction.north.west.short,Пн-Зх,,
direction.south.west.short,Пд-Зх,,
verb.assign,Призначити,,as in assign a room or a bed to someone
assigned.bot,Призначений Бот,,
assignable.bots,Не Призначені Боти,,
assigned.dock,Призначений Док,,
assignable.docks,Не Призначені Доки,,
verb.unassign,Звільнити,,
auto.dock,Авто Док,,label for the setting that tells if the robot will automatically dock
auto.assign,Авто Призначення,,label for the setting that tells if the device can be automatically assigned to someone
no.dock,Без Дока,,label that tells that this worker has no dock assigned
auto.dock.tip,"Якщо цю опцію увімкнено, Бот автоматично намагатиметься задіяти Док під час простою.",,
auto.assign.bot.to.dock.tip,"Якщо цю опцію увімкнено, для цього Бота буде автоматично призначено будь-який із не призначених Доків.",,
auto.assign.dock.to.bot.tip,"Якщо цю опцію увімкнено, для цього Дока буде автоматично призначено будь-якого із не призначених Ботів.",,
research.robotics.assemblyhub,Складальний Хаб,,
research.robotics.docking,Доки,,
job.type.Need,Потреба,,
ability.UseShower,Користування Душем,,
ability.Sleep,Сон,,
ability.Eat,Харчування,,
ability.Mine,Гірництво,,
ability.Manipulate,Керування Пристроями,,
ability.PetAnimal,Гладити Тварину,,
ability.CleanDevice,Чищення Пристроїв,,
ability.CleanFloors,Чищення Підлоги,,
ability.UseToilet,Користування Туалетом,,
ability.Dance,Танцювати ,,
mental.breakdown.risk,Ризик Психічного Зриву,,
choose.who.awakens,Обрати Істоту для Пробудження,,
verb.awaken,Пробуджено,,
select.this.colonist,Обрати Колоніста,,
noun.history,Історія,,
bed.slot.main,Ліжко,,
bed.slot.pet,Місце Тварини,,
bed.slot.left,Ліва Сторона,,
bed.slot.right,Права Сторона,,
bed.slot.pod,Капсула,,
not.assigned,Не Призначено,,
auto.assign.slot.tip,"Якщо цю опцію увімкнено, це Місце може бути призначено будь-кому у разі потреби.",,
assigned.bed,Призначене Ліжко,,
adjective.assigned,Призначено,,
available.beds,Вільні Ліжка,,
noun.bed,Ліжко,,
show.only.selected.names,Показувати імена лише обраних істот,,
body.state.injured,Поранено,,
body.state.healthy,Норма,,
severity.irreparable,Невідновне,,
cond.Hypoxia,Гіпоксія,,
cond.Hypoxia.desc,"Гіпоксія - це патологічний стан, що спричинений постачанням кисню до тканин тіла у недостатній кількості. Якщо такий стан оперативно не усунути - у організмі відбуваються негативні зміни, що можуть призвести до ураження органів або до смерті.",,
cond.Injured,Поранено,,
noun.wound,Рана,,
damage.type,Ушкодження,,
damage.type.explosive,Вибухове,,
damage.type.structural,Структурне,,
damage.type.organ,Локальне,,
heal.amount,Лікування,,will show up as Healed: 10%
bleed.rate,Темп Кровотечі,,
milliliters.per.hour,мл/год,,
blood.amount.bar,Кількість крові: {0}/{1} мілілітрів,,
unit.short.hour,год,,
unit.short.minute,хв,,
unit.short.second,сек,,
unit.short.milliliter,мл,,
unit.short.day,д,,
attack.method,Спосіб атаки,,
stat.category.Colony,Колонія,,
stat.category.Equipment,Обладнання,,
stat.category.Health,Стан Фізичного Здоров'я,,
stat.category.Mental,Стан Психічного Здоров'я,,
stat.category.Ability,Можливості,,
stat.category.Need,Потреби,,
stat.category.Armor,Захист,,
stat.BloodClotRate,Темп Утворення Тромбу,,
stat.category.Weapon,Зброя,,
stat.category.Environment,Оточення,,
cond.Injured.desc,"Залежно від кількості та важкості поранень, ушкоджена істота може потребувати додаткового медичного догляду. Загоєння ран легшого ступеня відбуватиметься самостійно, без додаткового лікування, потребуватиме лише певного часу на відновлення тканини.",,
wound.title,Ушкодження - {0} {1},,{0} is severity {1} is damage type. example: Mild Blunt wound
noun.severity,Важкість,,
verb.resting,Відпочиває,,
stat.BloodLossRate,Темп Крововтрати,,
stat.BloodRegenRate,Темп Відновлення Крові,,
body.state.recovering,Відновл,,
healing.injuries,Лікує Ушкодження,,
body.state.damaged,Пошкодж,,injured state for robots
noun.wounds,Рани,,plural of wound
part.attached.to.part,Ця Частина Сполучена Із,,
part.attached.parts,Частини Сполучені Із Цією,,
part.contains.parts,Частини Що Містяться Всередині Цієї,,
part.is.inside.part,Ця Частина Міститься Всередині ,,
part.order.harvest,Зібрати Частини,,for ordering body part removal
part.perform.surgery,Виконати Хірургічну Операцію,,
part.perform.replacement,Виконати Заміну Частини,,
part.native.parts,Стандартні Частини,,
part.compatible.parts,Сумісні Частини,,
part.implant,Імплантувати,,verb
required.device.is.not.available,Необхідний пристрій недоступний,,
required.object.is.not.available,Необхідний об'єкт недоступний,,
part.damage.title,{0} {1} ушкодження,,{0} is severity {1} is damage type. example: Mild Blunt Damage
part.repair.progress,Ремонт,,
noun.damage,Ушкодження,,
cond.Damaged,Ушкоджено,,condition - damaged
stat.MaintenanceRate,Темп Тех.Обслуговування,,
need.Health,Здоров'я,,
need.Hygiene,Гігієна,,
need.Temperature,Температура,,
need.Light,Освітлення,,
scenario.cargo_ship,Вантажний Корабель,,
bodypart.type.Implant,Імплант,,
bodypart.Implant.ObeyChip,Нейрочип Покірності,,
bodypart.Implant.Rebreather,Автономний Апарат Газообміну,,
lacking.abilities,Бракує Можливостей,,
scenario.cargo_ship.tooltip,"Гра розпочинається із повністю функціональним вантажним кораблем, екіпаж повністю складається із механічних істот.",,
ability.Craft,Майстрування,,
ability.Pilot,Пілотування,,
ability.Cook,Приготування Їжі,,
story.cargo_ship.intro,"Вітаю, колоністе! Я {0} - Штучний Інтелект, що був призначений для керування цим кораблем. Але це завдання виявилося занадто складним для моєї програми, і я прийняв рішення залучити ще й людську свідомість - завантаживши її до Нейронної Мережі. Тебе було обрано випадково. Я приношу свої вибачення за можливі незручності.",2026-08-27,{0} is ship computer's name
part.installed,Присутня частина,,
part.usable.self,Придатність частини,,
part.usable.parent,Сполучено із придатною частиною,,
part.condition,Стан,,
noun.micrometeoroid,Мікрометеороїд,,a tiny rock flying at near light-speed
bodypart.Implant.ObeyChip.desc,"Мікроелектронний пристрій, що під'єднується до центральної нервової системи та пригнічує волю суб'єкта, змушуючи підкорятися Корабельному Комп'ютеру.",,
bodypart.Implant.Rebreather.desc,Автономний пристрій для газообміну - під'єднується напряму до кровоносної системи та забезпечує носія киснем.,,
side.l1,Лв1,,
side.l2,Лв2,,
side.l3,Лв3,,
side.l4,Лв4,,
side.r1,Пр1,,
side.r2,Пр2,,
side.r3,Пр3,,
side.r4,Пр4,,
ability.IdleHide,Переховування,,
ability.FaceHug,Захват Голови,,
combat.objective.attack,Атака,,
combat.objective.raid,Напад,,
combat.objective.defend,Захист,,
combat.objectives,Накази,,
ability.Research,Дослідження,,
cond.CrawlerAttached,Прикріплений Краулер,,
cond.CrawlerInfected,Іншопланетні Паразити,,
wound.inflicted.time.ago,Завдано {0} тому,,{0} is time like 10m 
cond.Hypothermia,Гіпотермія,,
menu.ungrouped,Незгруповано,,
menu.ungrouped.desc,Різні незгруповані об'єкти,,
research.lifesupport.clonecat,Клонувати Кота,,
research.lifesupport.clonecrawler,Клонувати Краулера,,
research.lifesupport.clonedog,Клонувати Собаку,,
research.lifesupport.cloneegg,Клонувати Яйце,,
research.lifesupport.clonehuman,Клонувати Людину,,
cond.OnFire,У Вогні,,
research.production.spacesuitadvanced,Вдосконалений Скафандр,,
verb.dispose,Позбутися,,label on a button that orders disposing of an object or a being
market.trend.long.term.global,Глобальний Довгостроковий Тренд,,
market.trend.short.term.global,Глобальний Короткостроковий Тренд,,
market.trend.short.term,Короткостроковий Тренд,,
market.trend,Тренд,,
market.behavior.crash,Крах,,
market.behavior.rise,Підйом,,
market.behavior.fall,Спад,,
market.behavior.recession,Рецесія,,
market.behavior.surge,Сплеск,,
market.behavior.still,Спокій,,
market.group.trends,Кореляційні Групові Тренди,,
market.group.name.Alloy,Сплави,,
market.group.name.Animal,Тварини,,
market.group.name.Battery,Батареї,,
market.group.name.Being,Істоти,,
market.group.name.Building,Споруди,,
market.group.name.Clothing,Одяг,,
market.group.name.Dye,Барвники,,
market.group.name.Electricity,Електрика,,
market.group.name.Electronics,Електроніка,,
market.group.name.Food,Харчі,,
market.group.name.Human,Люди,,
market.group.name.Material,Матеріали,,
market.group.name.Mineral,Мінерали,,
market.group.name.Oil,Нафта,,
market.group.name.Ore,Руди,,
market.group.name.Organic,Органічне,,
market.group.name.Pet,Домашні Тварини,,
market.group.name.Predator,Хижаки,,
market.group.name.Radioactive,Радіоактивне,,
market.group.name.Robotics,Робототехніка,,
market.group.name.SpaceSuit,Скафандри,,
market.group.name.Terraforming,Тераформування,,
market.group.name.Upgrade,Апгрейди,,
market.group.name.Waste,Відходи,,
market.group.name.Water,Вода,,
market.group.name.Weapon,Зброя,,
market.group.name.Worker,Працівники,,
research.economy.marketprediction,Прогнозування Фондового Ринку,,
research.economy.marketprediction.desc,Інформація про тенденції та перебіг подій на ринках.,,
noun.body.parts,Частини Тіла,,plural of body part / organ
space.object.name.SpaceStation,Станція {0},,{0} will be replaced with some name
space.object.SpaceStation,Космічна Станція,,
space.object.info.SpaceStation,"Це космічний корабель, який зазвичай перебуває більш-менш на постійному місці, такий собі усамітнений форпост. Космічні Станції можна знайти у будь-якому куточку всесвіту. Хто і з яких причин віддає перевагу перебуванню не на планеті під сонцем, а у металевій посудині посеред космосу - питання окреме, але часто на Космічних Станціях можна знайти торговців самим різним товаром.",,
slog.trade,Торгівля: {0},,{0} will be merchant details
merchant.inv.refresh.time,Оновлення асортименту за {0},,{0} is time range like 4 days 12 hours
market.group.name.BlackMarket,Чорний Ринок,,
market.group.name.BodyPart,"Частини Тіла, Органи та Модулі",,
market.group.name.Energy,Енергія,,
market.group.name.Equipment,Обладнання,,
market.group.name.Flora,Флора,,
obj.materials.siliconwafer,Кремнієва Пластина,,
obj.materials.siliconwafer.desc,"Тонка напівпровідникова пластина, що використовується у виробництві інтегральних мікросхем.",,
sort.group,За Групою,,
obj.materials.stemcells,Стовбурові Клітини,,
obj.materials.stemcells.desc,"Первинні клітини, що можуть у подальшому змінюватися в інші типи клітин. Використовуються у медицині та у генній інженерії.",2026-07-17,
owned.count,Кількість на борту,,Will be used in conjuction with a number of owned items in UI
market.group.name.Entertainment,Розваги,,
market.group.name.Software,Програмне Забезпечення,,
noun.attack.methods,Способи Атаки,,Plural of Attack Method
attack.method.Bump,Поштовх,,
attack.method.Jab,Удар,,
attack.method.Punch,Стусан,,
attack.method.Cut,Поріз,,
attack.method.Scratch,Дряпання,,
attack.method.Bite,Укус,,
attack.method.ButtStrike,Удар Зброєю,,
attack.method.Shoot,Постріл,,
combat.goal.follow.leader,Роби Як Командир,,
combat.goal.attack.cpu,Атакувати Корабельний Комп'ютер,,
combat.goal.find.cover,До Укриття,,
combat.goal.find.best.pos,До Позиції,,
combat.goal.hold.pos,Тримати Позиції,,
verb.searching.for,Шукає - {0},,{0} is the name of the object
noun.table,Стіл,,
noun.surgery,Хірургія,,
verb.going.to,Прямує до - {0},,{0} is some noun like Surgery
noun.combat.armies,Армії,,plural of army
combat.unit,Комбатант,,a technical term for a soldier
noun.combat.objective,Ціль,,as in combat mission
colony.tasks,Завдання Колонії,,
noun.time,Час,,
objects.furniture.weaponslocker,Шафа для Зброї,,
objects.furniture.weaponslocker.desc,"Міцна надійна шафа, призначена для зберігання зброї та вибухівки.",,
water.type,Вода,,"For refillable devices that use water (planters, showers)"
obj.materials.goldwire,Золотий Дріт,,
obj.materials.goldingot,Золотий Зливок,,
obj.materials.platinumingot,Платиновий Зливок,,
obj.materials.silveringot,Срібний Зливок,,
obj.materials.gold,Золото,,
obj.materials.platinum,Платина,,
obj.materials.silver,Срібло,,
obj.materials.goldwire.desc,Золоті дроти та контакти широко застосовуються у виробництві вдосконаленої електроніки.,,
obj.materials.goldingot.desc,Зливок чистого золота.,,
obj.materials.platinumingot.desc,Зливок чистої платини.,,
obj.materials.silveringot.desc,Зливок чистого срібла.,,
obj.materials.gold.desc,"Яскравий, щільний, пластичний, м'який метал переважно жовтого кольору.",,
obj.materials.platinum.desc,"Щільний, пластичний, м'який метал сріблясто-білого кольору. Дуже цінний.",,
obj.materials.silver.desc,"Блискучій, м'який метал білого кольору.",,
obj.materials.microchip2,Поліпшений мікрочип,,
obj.materials.microchip3,Вдосконалений мікрочип,,
obj.materials.microchip2.desc,Поліпшений варіант базового мікрочипа.,,
obj.materials.microchip3.desc,Найдосконаліший варіант Базового мікрочипа. Використовується у виробництві найбільш високотехнологічного обладнання та пристроїв. ,,
research.production.metalpurification,Підвищення Чистоти Металів,,
obj.materials.ice,Лід,,
obj.materials.ice.desc,Вода у твердому агрегатному стані.,,
currency.mine.mem.tip,Наявний Об'єм Пам'яті-RAM: {0}. Необхідно Пам'яті-RAM для кожного ГП: {1}. Наявна Кількість ГП: {2},,
copy.config.oxygen.pump,Генератор Кисню,,
situation.TimesOnFire,Кількість Пожеж,,
modifier.StoryPace,Темп Ігрових Подій,2026-07-01,
modifier.StoryPace.desc,Як часто траплятимуться події під час гри.,,
food.nutrition.amt,Кількість Порції Їжі,,
food.nutrition.amt.tip,Звичайна нормальна порція для людини приблизно 100 одиниць.,,
cond.Starvation,Голодування,,
stat.StomachCapacity,Ємність Шлунка,,
stat.IntestinesCapacity,Ємність Кишечника,,
cond.Depression,Депресія,,
situation.NumCombats,Кількість Бойових Зіткнень,,
situation.OngoingBuildTasks,Поточні Завдання із Монтажу,,
attack.method.BodySlam,Кидок,,
attack.method.Stab,Укол,,
beings.pig01,Свиня,,
beings.pig01.desc,Звичайна свійська свиня.,,
bodypart.Arm.LegFrontPig,Нога Свині (Передня),,
bodypart.Body.BodyPig,Тулуб Свині,,
bodypart.Brain.BrainPig,Мозок Свині,,
bodypart.Ear.EarPig,Вухо Свині,,
bodypart.Eye.EyePig,Око Свині,,
bodypart.Foot.TrotterRearPig,Копито Свині (Заднє),,
bodypart.Hand.TrotterFrontPig,Копито Свині (Переднє),,
bodypart.Head.HeadPig,Голова Свині,,
bodypart.Hip.HipPig,Стегно Свині,,
bodypart.Jaw.JawPig,Щелепа Свині,,
bodypart.Leg.LegRearPig,Нога Свині (Задня),,
bodypart.Shoulder.ShoulderPig,Плече Свині,,
bodypart.Tail.TailPig,Хвіст Свині,,
role.FarmAnimal,Тварина з Ферми,,
bodypart.Arm.LegFrontPig.desc,Органічна свиняча нога.,,
bodypart.Body.BodyPig.desc,Органічний свинячий тулуб.,,
bodypart.Brain.BrainPig.desc,Органічний свинячий мозок.,,
bodypart.Ear.EarPig.desc,Органічне свиняче вухо.,,
bodypart.Eye.EyePig.desc,Органічне свиняче око.,,
bodypart.Foot.TrotterRearPig.desc,Органічне свиняче копито.,,
bodypart.Hand.TrotterFrontPig.desc,Органічне свиняче копито.,,
bodypart.Head.HeadPig.desc,Органічна свиняча голова.,,
bodypart.Hip.HipPig.desc,Органічне свиняче стегно.,,
bodypart.Jaw.JawPig.desc,Органічна свиняча щелепа.,,
bodypart.Leg.LegRearPig.desc,Органічна свиняча нога.,,
bodypart.Shoulder.ShoulderPig.desc,Органічне свиняче плече.,,
bodypart.Tail.TailPig.desc,Органічний свинячий хвіст.,,
copy.config.shower,Душ,,
research.lifesupport.clonepig,Клонування Свиней,,
objects.cosmetics.rubberduck,Гумове Каченя,,
objects.cosmetics.rubberduck.desc,Здоровезна гумова надувна фігура у вигляді каченяти.,,
objects.cosmetics.sculpturerocketwood,Дерев'яна Скульптура Ракети,,
objects.cosmetics.sculpturerocketwood.desc,"Скульптура із дерева, що відображає космічну ракету періоду Ранньої Космічної Ери.",,
objects.devices.karaokemachine,Караоке-Машина,,
objects.devices.karaokemachine.desc,Дехто обожнює його - і тому багато хто не менш щиро його ненавидить.,2026-07-15,
species.Pig,Свиня,,
verb.admiring,Захоплюється,,Used when someone is looking at something interesting or pretty
act.admiring.object,Захоплення - {0},,{0} will be replaced by an object or being name. present tense
act.admired.object,Захоплення - {0},,{0} will be replaced by an object or being name. past tense
verb.admiring.view,Подобається оточення,,
verb.admired.view,Сподобалося оточення,,
verb.butcher,Вбити,,for killing a being for meat
saw.dead.body,Вид мертвої істоти,,negative mood effect name for seeing a dead body
trait.psychopath,Психопатія,,
trait.psychopath.about,"Патологічним тип поведінки. Наприклад, психопати захоплюються видовищем мертвих істот.",,
role.Doctor,"Медицина, Лікування",,
market.group.name.RareUpgrade,Рідкісний Апгрейд,,
trait.paranoid,Параноя,,
trait.paranoid.about,"Особи із параноїдальним мисленням завжди очікують на переслідування чи атаку у свій бік у будь-якій формі, і навіть у доволі мирному оточенні схильні до пошуку та застосування різновидів укриття та захисту - бо впевнені у його доцільності, або навіть у необхідності.",,
stat.Light,Освітлення,,will show a percentage of how well lit is the environment
env.wel.lit,Достатня кількість Освітлення,,
env.too.dark,Недостатня кількість Освітлення,,
tut.basic.controls.step.overlay.light,"Наявність Освітлення на ділянці є необхідним для більшості біологічних істот - воно дозволяє добре бачити своє оточення, а до того сприяє збереженню Притомності.",,
modifier.NoResearchTiers,Відключити Рівні Досліджень,,
modifier.NoResearchTiers.desc,Якщо увімкнено - накладені Рівнями Досліджень обмеження у Дереві Досліджень будуть зняті.,,
objects.devices.suicidebooth,Кабіна Виходу,,
objects.devices.suicidebooth.desc,"Можливо це остання (у всіх сенсах цього слова) споруда на борту, якої потребуватиме будь-який Колоніст. Скористатися сервісом коштуватиме 25 старкредів. Що ж, спробуємо оптимістичний погляд на ситуацію - 25 старкредів це хоч і невелике, але поповнення до бюджету Колонії, а Колоніст звільняється від низки проблем.",,
act.use.suicide.booth,Користується Кабіною Виходу,,
suicide.booth.warn,Використано Кабіну Виходу - {0},,
ability.RideBot,Їздити верхи на Боті,,
ability.Work,Праця,,
overlay.tip.Health,Здоров'я,,
cond.Hyperthermia,Гіпертермія,,
ability.Chew,Жування,,
adj.stuck,Заблоковано,,Warning label when someone gets stuck
evt.cleaning.incident,Інцидент при Чищенні,,
evt.cleaning.incident.desc,Під час Чищення <b>{1}</b> стався інцидент за участі <b>{0}</b>,,0 is name of the worker 1 is name of the device (usually Toilet)
obj.equipment.weapons.handgun01,Пістолет,,
research.security.firearms,Вогнепальна Зброя,,
obj.equipment.weapons.handgun01.desc,"Проста, але досить ефективна зброя для ураження на на середній дистанції.",,
obj.equipment.weapons.knife01,Ніж,,
research.security.weaponsbasic,Базова Зброя,,
obj.equipment.weapons.knife01.desc,Універсальний ніж для виживання. Має надійний міцний клинок та ергономічне руків'я.,,
objects.devices.icemaker,Льодогенератор,,
objects.devices.icemaker.desc,Пристрій для виробництва льоду із води.,,
verb.freeze,Заморозити,,for making ice
noun.input,Вхідне,,generic label for a button that selects some object to be used as input
noun.output,Вихідне,,generic label for a button that selects some object to be used as output
noun.progress,Прогрес,,for progress bars in ui
mind.transfer,Перенос Свідомості,,for a button that allows to copy a mind from one brain to another
state.loaded,Завантажено,,a label in UI to show that an object is loaded into the device
state.waiting,Очікування,,a label for an object that is waiting for processing or delivery
noun.slots,Слоти,,A slot is a space for some object or being
btn.join.our.community,Долучайтеся до спільноти,,
btn.join.discord,Приєднуйтесь до нас у Discord,,
warn.input.will.be.destroyed,Увага! Всі вхідні об'єкти будуть знищені.,,
objects.devices.replicator,Реплікатор,,
objects.devices.replicator.desc,Пристрій для переносу свідомості між біологічним мозком та ядром роботів.,,
noun.mental.breakdown,Психічний Зрив,,
adjective.new,Оновлено,,"For marking something as new. Could be a device, task, etc."
adjective.boosted,Посилено,,A label saying that some value or stat is temporarily increased
high.precision.ai,Високоточний ШІ,,
high.precision.ai.tip,"Якщо цей режим увімкнено, ШІ витрачатиме додаткові ресурси для більш досконалого аналізу під час призначення завдань Працівникам, що, у свою чергу, дозволить уникнути призначення непридатних для виконання завдань певним істотам. Вимкнення цього режиму може поліпшити продуктивність у разі наявності великої кількості Працівників. ",,
focus.camera.on.events,Переміщати фокус на важливі події,,
storing.allowed,Дозволено Зберігати,,label that shows that hauling to storage is allowed for an object
storing.forbidden,Заборонено Зберігати,,label that shows that hauling to storage is forbidden for an object
verb.allow,Дозволити,,for allowing some action
verb.forbid,Заборонити,,for forbidding some action
noun.quality,Якість,,
ability.AnimalEat,Харчування,,synonym for eat in context of an animal eating on its own
research.relocation.advanced,Вдосконалене Перенесення,,
research.relocation.advanced.desc,"Надає можливість виконувати переміщення складних пристроїв, таких як <b>Корабельний Компьютер</b> або <b>Стазис-Масив</b>.",,
research.required,Необхідні дослідження: {0},,shown in a tooltip when something is not allowed because it requires unlocking some research first. {0} is the research name.
noun.beverage,Напій,,a drink like coffee or tea
verb.drink,Пити,,
combat.reaction,Реакція На Бойовий Стан,,
verb.ignore,Ігнорувати,,
verb.fight,Битися,,
verb.flee,Втекти,,
noun.free.will,Вільний Вибір,,
objects.devices.mechuary,Морг Мех,,
objects.devices.morgue,Морг Біо,,
objects.devices.mechuary.desc,Тут зберігаються невикористані або пошкоджені механичні істоти.,,
objects.devices.morgue.desc,Тут зберігаються мертві тіла біологічних істот.,,
noun.being.storage,Сховище Істот,,
verb.store.being,Перемістити до Сховища,,
verb.send.to,Перемістити до {0},,"{0} is device name. it creates an order to send a being into a device. device types could be Morgue, Mechuary, Stasis Array, etc."
full.details,Детально,,
noun.faction,Фракція,,
breakdown.cleaning.spree,Психічний Зрив: Нестримне Шалене Чищення,,
breakdown.cleaning.spree.desc,"{0} більше несила терпіти весь цей бруд, тож починає несамовито відчищати підлогу",,
object.in.storage,У Сховищі,,a label for something like a weapon in a weapons locker or a human in a morgue
sleep.disturbed.by.noise,Сон перервано через шум,,
mood.effect.happy.to.be.alive,Радіє життю,,
pref.auto.pause.danger,Авто-Пауза у разі небезпеки,,
select.all,Відмітити Всіх,,for selecting a group of beings or objects of same type
item.state.equipped,Задіяно,,
noun.owner,Власник,,owner of an object or an item
order.go.to,Відправитися до,,
verb.deselect,Відмінити,,for unselecting selected beings or objects
object.selected,Відмічено: {0},,{0} could be either count or a name of item or being
verb.reassign,Перепризначити,,For assigning a task to a different worker
adj.busy,Зайнятий,,When worker is busy doing something else
cannot.interrupt,Неможливо перервати,,When worker is doing a non-interruptable task and we try to interrupt it
group.other,Інше,,Label for a group of objects or beings that don't fit any specific group
adj.controllable,Можливо Керувати,,label for list of beings the player can control
adj.not.controllable,Неможливо Керувати,,label for list of beings the player cannot control
body.state.unhealthy,Ушкоджено,,for body that could have missing or destroyed body parts. will show crutch icon next to this status
no.direct.control.short,Неможливо Керувати,,A short label for action that cannot be performed due to the worker being uncontrollable by the player
modifier.CustomNames,Ососбливі Імена,,
modifier.CustomNames.desc,Сюди можна додати імена друзів чи будь-кого - і зустріти персонажів із цими самими іменами у грі.,,
modifier.CustomNames.tip,"Вкажіть тут особливі імена, одне ім'я у одному рядку",,
twitch.error.previous.test.running,"Попереднє тестове підключення все ще активне. Будь ласка, трохи зачекайте перед тим як спробувати ще раз.",,
twitch.error.could.not.connect,"Не вдалося підключитися до чату Twitch через веб-сокет. Це може бути наслідком некоректного налаштування параметрів мережі у ОС, або фаєрвола.",,
menu.settings.twitch,Інтеграція із Twitch,,IMPORTANT! Never translate word Twitch - it is a video streaming service name (https://twitch.tv)
twitch.active,Включити інтеграцію із Twitch,,
twitch.bot.name,Назва Бота у Twitch,,
twitch.bot.name.missing,"Відсутня назва бота у Twitch. Якщо ви не створювали окремі облікові дані для користувача-бота, це поле має містити назву вашого власного облікового запису.",,
twitch.bot.name.placeholder,Назва вашого бота,,
twitch.bot.oauth,OAuth для бота у Twitch,,
twitch.bot.oauth.generate,Відкрити Генератор,,
twitch.bot.oauth.generate.message,Натисніть {0} щоб відкрити {1} у своєму браузері.,,{0} is button label {1} is url
twitch.bot.oauth.generate.title,Створити Токен OAuth для Бота,,
twitch.bot.oauth.missing,Відсутній токен OAuth для бота. Завітайте до {0} щоб створити токен OAuth для свого бота.,,
twitch.channel,Назва Каналу у Twitch,,
twitch.same.as.channel,Така сама як назва Каналу,,
twitch.channel.name.missing,"Відсутня назва каналу у Twitch. Це значення, скоріше за все, має бути таким самим як і назва вашого облікового запису у Twitch.",,
twitch.channel.placeholder,Назва вашого каналa,,
twitch.error,Помилка Twitch,,Don't translate word Twitch
twitch.integration.disabled,Взаємодія із Twitch наразі неактивна. Для того щоб її включити - поставте відмітку у чекбоксі {0}.,,{0} will be the label of the checkbox
twitch.settings,Налаштування Twitch,,Don't translate word Twitch
twitch.settings.invalid,Некоректні Налаштування Twitch,,
twitch.test.message.sent,Тестове повідомлення до вашого каналу. Якщо ви не побачили його - можливо щось некоректно сконфігуровано.,,
twitch.active.toggle.tip,"Якщо цю опцію відключено - інтеграція із Twitch буде повністю неактивною, при цьому налаштування всіх інших опцій у цьому меню не матимуть ніякого впливу або значення.",,
twitch.channel.name.tip,Зазвичай ця назва співпадає із назвою облікового запису у Twitch.,,
twitch.bot.name.tip,"Назва бота може бути такою самою як і назва вашого облікового запису у Twitch, проте наполегливо рекомендується таки зробити окремий обліковий запис для бота - це допоможе уникнути різноманітних проблем, або особливостей, із реалізацією безпекових засобів.",,
twitch.oauth.gen.tip,"Відкриється веб-сторінка, де можна буде зробити токен OAuth для вашого бота. Після успішного завершення можна буде вставити текст токена у цю форму.",,
twitch.test.cfg.tip,Бот відправить тестове повідомлення до вашого каналу.,,
twitch.delete.data,Видалити Дані Глядача,,
twitch.delete.data.warn,Виконання цієї операції призведе до видалення даних для {0} глядачів у {1} іграх. Ви впевнені?,,{0} and {1} are numbers (counts)
overlay.tip.Twitch,Інтеграція із Twitch активна.,,
major.update.old.branch,"Stardeus успішно оновлено до <b>{0}</b>. Будь ласка зауважте, що сейви від попередніх версій можуть виявитися несумісними із актуальною версією гри. Якщо так і сталося, і ви хотіли б продовжити грати у збережену гру попередньої версії - спробуйте, будь ласка, переключитися до гілки <b>{1}</b> у Тестуванні Steam:<br><br> 1. ПКМ на <b>Stardeus</b> у Бібліотеці Steam<br> 2. Опція <b>Властивості</b><br> 3. Опція <b>Тестування</b><br> 4. Оберіть варіант <b>{1}</b><br>",2026-06-12,
adj.forced,Примусово,,Label for forcefully assigned tasks
adj.temporary,Тимчасово,,Example use - label for a sofa as a sleeping place
hold.modifiers.bulk.change,Утримуйте {0} щоб встановити кількість у більшому масштабі,,"{0} will be replaced with something like Ctrl, Shift, Alt"
another.task.in.progress,Вже виконується інше завдання: {0},,{0} is order description
verb.euthanize,Виконати Евтаназію,,
being.group.worker,Роботи,,Short name for top right group rectangle widget. Keep it under 9 characters or less or it will wrap and look ugly
being.group.colonist,Люди,,Short name for top right group rectangle widget. Keep it under 9 characters or less or it will wrap and look ugly
being.group.animal,Тварини,,Short name for top right group rectangle widget. Keep it under 9 characters or less or it will wrap and look ugly
being.group.enemy,Вороги,,Short name for top right group rectangle widget. Keep it under 9 characters or less or it will wrap and look ugly
being.group.other,Інше,,Short name for top right group rectangle widget. Keep it under 9 characters or less or it will wrap and look ugly
combat.ended,Бойові дії завершено,,
connector.ship.cpu.tip,Спершу до конектора слід підключити {0}!,,{0} will be replaced with translation of Ship Computer
unidentified.object.appeared,На борту з'явився неідентифікований об'єкт,,
cond.CrawlerInfected.desc,"Організм цієї істоти є хазяїном для інопланетних паразитів, що перебувають у Шлунку та Кишечнику. Позбутися паразитів і пов'язаних із ними проблем та загроз можна видаливши або замінивши ці органи.",,
act.panic.desc,{0} панікує!,,{0} is the name of being
tut.basic.controls.step.overlay.jobmatrix,"У оверлеї Типи Завдань відображено у вигляді таблиці (або матриці) співвідношення Працівників, Колоністів, Тварин із завданнями різних типів та відповідними навичками. Також тут можна дозволити чи заборонити конкретній істоті виконувати завдання певного типу.",,
input.OpenJobs,Хоткей: Відкрити Типи Завдань,,
provides.abilities,Забезпечує Можливості,,
adds.needs,Створює Потреби,,
provides.stats,Забезпечує Показники,,
modifies.stats,Змінює Показники,,
path.optimize.teleporters,Оптимізація Пошуку Шляху із Телепортами,,
path.optimize.teleporters.tip,"<b>Алгоритм Пошуку Шляху суттєво ускладнюється, та буде виконуватися повільніше, якщо у ньому задіяно Телепорти.</b> Якщо такий оптимізований варіант Пошуку Шляху призводить до нестачі продуктивності у грі - спробуйте відключити цю опцію.",,
obj.materials.pumpkin,Гарбуз,,
obj.meals.pumpkinsoup,Гарбузовий Суп,,
research.habitation.halloweendecorations,Прикраси до Геловіну,,
obj.plants.pumpkin,Гарбуз,,
objects.cosmetics.pumpkinhead01,Ліхтар Джека,,
obj.meals.pumpkinsoup.desc,"Густа, тепла суміш із гарбуза, спецій та бульйона.",,
objects.cosmetics.pumpkinhead01.desc,"Ліхтар, віроблений із цілого гарбуза, із вирізами у формі очей і рота.",,
obj.plants.pumpkin.desc,Рослина із повзучим стеблом і великими помаранчевими плодами.,,
obj.materials.pumpkin.desc,"Великий, округлий, помаранчевий фрукт (або ягода), із плотною міцною шкіркою та їстівним м'якушем.",,
objects.cosmetics.skull01,Декоративний Череп,,
objects.cosmetics.skull01.desc,"Реалістична копія людського черепа, що може використовуватися для надання оточенню моторошності.",,
objects.cosmetics.ghoststatue,Статуя Привида,,
objects.cosmetics.ghoststatue.desc,Моторошна статуя у вигляді привида.,,
objects.cosmetics.coffin01,Декоративна Труна,,
objects.cosmetics.coffin01.desc,"Декоративна труна, що використовується лише у дизайні інтер'єру для надання певної атмосферності.",,
uncomfortable.sleep,Некомфортний Сон,,
objects.cosmetics.tombstone01,Надгробок,,
objects.cosmetics.tombstone01.desc,Декоративний надгробок.,,
randomize.starting.sector,Випадковий Початок Гри,,label for button that select a random starting sector in the starmap
randomize.starting.sector.tip,Початковий сектор буде обрано випадково,,
space.object.Sector,Сектор,,
space.object.Region,Регіон,,
noun.map.view,Рівень Мапи,,label for buttons that can switch the map view mode
noun.hyperjump,Гіперстрибок,,label for hyperjump details
exit.hyperspace,Покинути Гіперпростір,,
noun.hyperspace,Гіперпростір,,
enter.hyperspace,Увійти до Гіперпростору,,
verb.hyperjump,Гіперстрибок,,action verb on a button that executes a hyperjump
unable.to.hyperjump,Гіперстрибок Неможливий,,
hyperjump.tip.expedition,Слід завершити всі активні <b>Експедиції</b>,,
hyperjump.tip.copter,Слід зачекати на завершення всіх місій за участю <b>Коптерів</b>,,
noun.custom.location,Певна Локація,,
noun.current.destination,Поточне Призначення,,
enter.region,Увійти до Регіону,,
enter.sector,Увійти до Сектору,,
obj.materials.phasium,Фейзій,,
obj.materials.phasium.desc,"Рідкісна кристалічна речовина, що має деякі властивості металів і випромінює пульсуюче пурпурове світіння. Вступає у взаємодію із енергією Етеру.",,
market.group.name.Hyperfuel,Гіперпаливо,,
obj.materials.fusioncell,Фьюжн-Блок,,
obj.materials.fusioncell.desc,"Компактний блок живлення, у якому фізичні властивості Фейзія використовуються для отримання енергії, що необхідна для виконання Гіперстрибків",,
noun.hyperdrive,Гіперпривод,,
hyperspace.missing.engine,Гіперпросторовий двигун відсутній.,,
hyperspace.not.charged,Гіперпросторовий двигун не заряджено.,,
noun.hyperjump.charge,Заряд Гіперприводу,,Label for hyperdrive engine readiness percentage
hyperjumps.available,Кількість Гіперстрибків,,Label for the number of available hyperjumps
quest.step.use.hyperjump.relay,Скористатися Гіпер-Комутатором,,
quest.step.use.hyperjump.relay.tip,"Клікніть <b>{0}</b> на Зоряній Мапі, після чого оберіть <b>{1}</b>.",,{0} is Hyperjump Relay name {1} is the menu option name you have to select to use it
space.object.HyperjumpRelay,Гіпер-Комутатор,,
space.object.info.HyperjumpRelay,"Розташована у відкритому космосі масивна структура, що є потужним джерелом енергетичного поля, за допомогою якого будь-які космічні кораблі, навіть із непридатними для подорожей у Гіперпросторі двигунами, зможуть виконати Довгий Гіперстрибок.",,
,,,
quest.ProvideRepairStation,Облаштувати Ремонтну Станцію,,
quest.ProvideRepairStation.desc,Пошкоджені Працівники можуть бути відремонтовані у <b>Ремонтній Станції</b>. Було б дуже добре облаштувати одну таку споруду.,,
quest.StartAnExpedition,Розпочати Експедицію,,
quest.StartAnExpedition.desc,Поблизу знаходяться поклади руди. Скористайтеся <b>Шатлом</b> щоб відправити <b>Експедицію</b>.,,
quest.PerformHyperjump,Виконати Гіперстрибок,,
quest.PerformHyperjump.desc,Не варто навіки залишатися у цьому Секторі. Виконайте Короткий <b>Гіперстрибок</b> щоб детальніше дослідити інші Сектори у цьому Регіоні космосу.,,
quest.PerformHyperjump.fusiondrive.tip,"Для виконання <b>Гіперстрибка</b> необхідно мати на борту функціонуючий <b>Фьюжн-двигун</b>, завантажений <b>Фьюжн-Блоками</b> у якості пального.",,
quest.TradeWithSpaceStation,Торгувати із Космічною Станцією,,
quest.TradeWithSpaceStation.desc,Торгівля - це важливий засіб для отримання необхідних ресурсів. Знайдіть одну з <b>Космічних Станцій</b> та спробуйте щось купити або продати.,,
quest.VisitAnotherRegion,Відвідати Інший Регіон Космосу,,
quest.VisitAnotherRegion.desc,Цей день настав - починаємо досліджувати навколішний простір! Знайдіть <b>Гіпер-Комутатор</b> та виконайте <b>Довгий Гіперстрибок</b>.,,
quest.step.execute.trade.tip,"Відкрйте <b>Зоряну Мапу</b>, потім клікніть на <b>Космічній Станції</b>, оберіть у її ІК пункт <b>Торгувати</b>, та спробуйте купити, продати, або обміняти деякі товари.",,
obj.materials.aerolith,Аероліт,,
obj.materials.terranite,Терраніт,,
obj.materials.edenium,Едемій,,
obj.materials.hydronium,Гідроній,,
obj.materials.aerolith.desc,"Рідкісний мінерал, що є каталізатором у хімічних реакціях газів, за допомогою яких створюється придатна для дихання людей атмосфера.",,
obj.materials.terranite.desc,"Рідкісна кристалічна речовина, візуально схожа на прозорий бурштин. Здатна змінювати структуру твердої поверхні навколо себе, використовуючи свої геофізичні властивості.",,
obj.materials.edenium.desc,"Рідкісна кристалічна речовина, що є джерелом поживних речовин та мінералів для різноманітних рослин. Надзвичайно прискорює розвиток та ріст рослин при додаванні у почву.",,
obj.materials.hydronium.desc,"Рідкісний мінерал, що є каталізатором у хімічних реакціях із утворенням води. Значно сприяє утворенню води із певних газів у атмосфері.",,
scenario.NoRobots,Без Роботів,,
scenario.NoRobots.tooltip,"Спробуйте впоратися із Кораблем, якщо команда складатиметься виключно із людей. Це достатньо складний варіант гри, рекомендовано для ігроків із певним досвідом.",,
objects.devices.storage,Складський Модуль ({0}),2024-09-18,
space.effect.star,Увага: Наближення до Зірки,,
space.effect.star.desc,"Корабель наближається до <b>Зірки</b>. Завдяки величезній кількості випромінювання від неї, виробництво електрики Сонячними Панелями збільшується на <b>{0}</b>, а також Корабель потроху накопичуватиме тепло (~<b>{1}</b> на годину).",,{0} is percentage; {1} is degrees celsius or farenheit
obj.plants.artilleryfungus,Вибухові Гриби,,
obj.plants.artilleryfungus.desc,"Живий організм царства гриби. Процес розмноження нагадує вибух, під час якого навкруги розкидаються спори разом із липкою речовиною, вкриваючи будь-яку поверхню поблизу.",2026-07-17,
space.effect.alien.lifeform,Увага: Виявлено Форму Життя,,
space.effect.alien.lifeform.desc,Сенсорами виявлено присутність чужорідних живих організмів у цьому секторі. Слід бути обережним.,,
,,,
research.economy.onlineshop,Онлайн-Магазин,,
online.shop.unlocked,"Технологія <b>{0}</b> наразі доступна для використання. Тепер можна просто замовити необхідні товари онлайн, і їх буде доставлено безпосередньо на борт Корабля! Але комфорт має свою ціну - і ця ціна буде преміальною.",,{0} is Online Shop
adj.available,Доступне,,
create.shop.order,Створити Замовлення,,
capsule.delivery,Доставка у Вантажній Капсулі,,
capsule.delivery.tip,Замовлені товари доставить на борт <b>{0}</b>.,,{0} is Storage Capsule translation
exit.hyperspace.first,Ця дія недоступна під час виконання Гіперстрибків. Спочатку слід завершити перебування у Гіперпросторі.,,
shop.orders.pending.delivery,Доставку Незавершено,,
shop.orders.delivered,Доставки Виконані,,plural
shop.orders.delivery.failed,Доставка Невдала ,,
shop.order.wrong.location.tip,"Корабель покинув локацію, що призначено місцем доставки. Слід повернутися до початкової локації - в іншому разі доставка завершиться невдачею!",,
shop.order.wrong.location,Некоректна локація!,,
shop.order.delivered,Доставку Виконано ,,singular
shop.order.lost,Доставку Втрачено,,
shop.order.estimated.delivery,Доставка очікується за : {0},,{0} is time
noun.price,Ціна,,
difficult.start.region.warning,"Увага! Обраний Регіон вважається складним, тож доступ до деяких необхідних на початковому етапі ресурсів може виявитися ускладненим. Будь ласка підтвердіть своє рішення розпочати гру саме тут.",,
quest.ProvideEntertainment,Влаштувати Розваги,,
quest.ProvideEntertainment.desc,Для підтримки свого психічного здоров'я колоністам потрібно якось відволікатися від щоденної побутової та робочої реальності. Буде гарною ідеєю влаштувати деякі споруди та пристрої для цього. ,,
story.wreck_empty_ship.intro.6,"Для гірничовидобувних експедицій можна скористатися цим <b>Шатлом</b>. Успішні експедиції дозволять налагодити виробничі ланцюжки, добувати та переробляти сировину у матеріали, що необхідні для розбудови Корабля.",2024-10-04,
noun.multiple.items,{0} предметів,,{0} will be a number above 1
craft.order.new,Нове Замовлення,,label for a button that creates a new order for a device to produce something
craft.order.settings,Параметри Замовлення,,label for crafting order settings
explosion.at,Вибух у {0},,{0} is position coordinate
space.object.info.Asteroid,"Астероїд без будь-яких ознак життя, що повільно дрейфує космічним простором.",,
quest.available,Доступний Квест,,
quest.click.to.accept,Клікніть щоб прийняти цей квест.,,
noun.strength,Міцність,,
available.quests,Доступні Квести,,
research.required.generic,Цей функціонал стане доступним після виконання Дослідження <b>{0}</b>,,{0} is research node name. for example Stock Market
cryostability.unstable.warning,"Наразі Стазис-Масив перебуває у небезпечному та нестабільному стані, і, як наслідок, колоністи будуть прокидатися від Кріо-Сну із тяжкими фізичними та психічними ушкодженнями. <b>Слід підключити Стазис-Масив до електричного живлення якнайшвидше.</b>",,
quest.MakeStasisAreaSurvivable,Зробити Оточення Стазис-Масиву Придатним для Життя,,
quest.MakeStasisAreaSurvivable.desc,"Колоністи, що прокидаються від Кріо-Сну, потребують придатного для людського організма середовища - із певною температурою та наявністю певної кількості кисню для дихання. Необхідно забезпечити опалення та насичення киснем повітря на ділянці, де розташовано Стазис-Масив.",,
quest.step.heat.area,Підняти температуру на ділянці із {0},,{0} is device name
quest.step.heat.area.tip,"Перегляньте інформацію у Оверлеї Температура, щоб спланувати роботи із обігріву на ділянці поблизу {0}. Якщо необхідно - слід змонтувати більше Обігрівачів. Цей квест вважатиметься успішно виконанним після того як температура на ділянці сягне {1}.",,{0} is device name {1} is temperature value
quest.step.oxygenate.area,Збільшити кількість кисню на ділянці із {0},,{0} is device name
quest.step.oxygenate.area.tip,"Перегляньте інформацію у Оверлеї Кисень, щоб спланувати роботи із підвищення рівня кисня у повітрі на ділянці поблизу {0}. Якщо необхідно - слід змонтувати більше Генераторів Кисня. Цей квест вважатиметься успішно виконанним після того як рівень кисня на ділянці сягне {1}.",,{0} is device name {1} is oxygen value
quest.step.dispose.corpses,Позбутися Заражених Тіл,2024-12-12,
quest.step.dispose.corpses.tip,"Знайдіть на борту мертві тіла із станом <b>{0}</b>, потім оберіть опцію <b>{1}</b> у їхньому ІК щоб створити завдання із позбавлення від них.<br><br>Найшвидший спосіб знайти тіла мертвих істот - скористатися віджетом істот у верхній правій частині екрана. Цей квест вважатиметься виконаним після того як на борту не лишиться мертвих інфікованих тіл.",2024-12-12,{0} will be Alien Parasites translation; {1} will be button name saying Dispose
quest.DisposeOfDeadBodies,Позбутися Заражених Тіл,2024-12-12,
quest.DisposeOfDeadBodies.desc,Деякі з мертвих тіл можуть бути заражені <b>Іншопланетними Паразитами</b>. Таких тіл необхідно позбуватися якнайшвидше. Перевірити чи не є мертва істота інфікованою можна у її ІК у секції <b>Особливі Стани</b>.,,
scan.hyperspace.warning,Сканування недоступне у Гіперпросторі.,,
space.object.info.Region,Група суміжних Секторів.,,
space.object.AsteroidZone,Поле Астероїдів,,
space.object.info.AsteroidZone,"Область космічного простору із дрейфуючими невеликими небесними тілами, де можуть міститися корисні копалини або інші ресурси.",,
space.object.info.Sector,Недосліджений сектор космосу,,
quest.BuildRadar,Змонтувати Радар,,
quest.BuildRadar.desc,"<b>Радар</b> сканує суміжні сектори космічного простору, і може бути налаштований на пошук ресурсів певного типу. Варто мати на борту такий пристрій.",,
space.object.info.SpaceEvent,У цьому секторі може міститися щось цікаве та варте уваги. Спробуйте відвідати та відшукати це.,,
objects.devices.tradeportal,Торговельний Портал,,
objects.devices.tradeportal.desc,"Пристрій, що переміщує у просторі матеріальні об'єкти. Розроблений для використання у торговельних операціях між кораблями та космічними станціями.",,
trade.portal.not.available,Торговельний Портал недоступний,,
trade.portal.required,Для торгівлі необхідний Торговельний Портал,,
no.trade.portal,Відсутній Торговельний Портал,,
trade.portal.ready,Торговельний Портал готовий,,
space.object.TradeZone,Торговельна Зона,,
space.object.info.TradeZone,"Група Космічних Станцій, де переважно займаються торговельними операціями.",,
noun.hyperjump.short,Короткий Гіперстрибок,,
noun.hyperjump.long,Довгий Гіперстрибок,,
goal.EnsureShipCPUVentilation.desc,"<b>Корабельний Компьютер</b> виробляє багато тепла. Можна спробувати або замінити декілька суцільних елементів Підлоги на <b>Раму</b>, які конструктивно містять отвори, що виконуватимуть вентиляцію, або змонтувати додаткові <b>Радіатори</b>.",2024-10-16,
quest.EstablishProduction,Налаштувати Виробництво,,
quest.EstablishProduction.desc,"Раніше чи пізніше, але наявні на борту матеріали закінчаться - тож необхідно налаштувати ланцюжки їхнього виробництва.",,
quest.EstablishSmelting,Налаштувати Виплавку,,
quest.EstablishSmelting.desc,"Руда металів, що видобувається в експедиціях, має бути переплавлена у металеві злитки або пластини. Спробуємо налаштувати цей процес.",,
placement.tip.ports,Робоче місце та порти завантаження-розвантаження мають бути доступними безперешкодно.,,
goal.GetMoreResource.desc,"На борту вичерпуються запаси матеріалу <b>{0}</b>. Перегляньте <b>Кодекс</b> щоб визначити які інгредієнти та інфраструктура необхідні для його виробництва, та виробляйте більше цього матеріалу. Деякі матеріали можна отримати під час гірничовидобувних експедицій, або придбати у <b>Онлайн-Магазині</b> або на <b>Космічних Станціях</b>.",2024-10-17,
click.to.enlarge,Клікніть щоб збільшити,,
evt.cooking.incident,Кулінарна Халепа,,
evt.cooking.incident.desc,У {0} щось пішло не так під час приготування {1} у {2}.,,{0} is being name; {1} is meal name; {2} is cooking station 
fight.ongoing,Бійка!,,
fight.lost,програно бійку против {0},,{0} is the opponent name
fight.between,{0} розпочато бійку із {1},,{0} and {1} are names
fight.with,Бійка із {0},,{0} is the opponent name
evt.device.malfunction,Несправність пристрою: {0},,{0} is the device name
evt.device.malfunction.desc,{0} - несправність критичного рівня. Апгрейд запобіжника міг би зменшити ступінь тяжкості побічних наслідків аварії.,,{0} is the device name
evt.blown.fuse,{0} - пошкоджено запобіжник,,
evt.blown.fuse.desc,Завдяки встановленому запобіжнику вдалося уникнути значного пошкодження пристрою. Замініть запобіжник якщо буде можливість.,,
obj.upgrades.fuseupgrade,Запобіжник,,
obj.upgrades.fuseupgrade.desc,"Одноразовий пристрій захисту, призначений для запобігання шкідливим побічним ефектам у разі виникнення аварійних ситуацій із пристроєм.",,
blown.fuse,Пошкоджений Запобіжник,,
verb.hacked,Хакнуто,,
evt.hacked,{0} під кібератакою!,,{0} will be a robot or device name
cond.Hacked.desc,"Відбувається сеанс несанкціонованого втручання у роботу програмного забезпечення цієї механічної істоти. Після завершення кіберінциденту така істота може поводитись непередбачувано, і навіть вороже.",,
cond.Hacked,Відбувається Кібератака,,as in 'hacking in progress' or 'currently being hacked'
noun.cause,Причина,,as in 'cause of death'
disease.immunity,Імунітет до {0},,{0} is the disease name
alien.bacteria.detected,Виявлено Чужорідну Бактерію,,
noun.developing.conditions,Динаміка Станів,,"Conditions that have not yet developed, but are in progress"
status.strong,Міцний,,Example: strong immunity
status.full,Повний,,Example: full immunity
status.permanent,Постійний,,Example: permanent immunity
status.innate,Вроджений,,Example: innate immunity
telescope.found.planet,"За допомогою Телескопа було виявлено потенційно придатну для життя людей планету у Регіоні {0}, Сектор {1}. Нам слід прокласти до неї курс за першої можливості.",2026-07-24,
must.open.first,Спочатку необхідно відкрити,,For requiring to open a storage capsule before performing another action
cond.Preoccupied,Зайнятий,,
cond.Preoccupied.desc,"Ця істота наразі виконує певне важливе завдання, і деякий час буде ігнорувати інші накази.",,
space.object.Space,Космічна Порожнеча,,
region.no.hyperjump.relay,"У цьому Регіоні відсутній <b>{0}</b>. Щоб потрапити до цього Регіону необхідно мати на борту двигуни, придатні виконанати Довгий Гіперстрибок (<b>{1}</b>).",,
space.object.info.Space,Цей Сектор виглядає порожнім.,,
stat.ImmunityGainRate,Темп Посилення Імунітету,,
stat.ImmunityLossRate,Темп Послаблення Імунітету,,
enter.hyperspace.first,Спочатку необхідно увійти до Гіперпростору!,,warning for trying to move in hyperspace while not in it
hyperdrive.not.running,Гіперпривод неактивний.,,
hyperdrives.running,Гіперпривод у активному стані,,label next to number of hyperdrives that are currently running (working)
hyperdrives.charge.hyperspace.tip,Гіперпривод можна заряджати лише за межами Гіперпростору.,,
hyperdrives.not.running.tip,"Після входу до Гіперпростору щонайменше один Гіперпривод має перебувати у активному стан, щоб Корабель мав можливість виконати Гіперстрибок.",,
region.name,Регіон {0},,{0} is some name
sector.name,Сектор {0},,{0} is some name
sleep.deprivation,Депривація сну,,
developing.condition,Динаміка {0} ({1}),,"{0} is the condition name, {1} is percentage. example: Developing depression (23%)"
cond.Depression.desc,Депресія розвивається у разі тривалого незадоволення потреби у Розвагах. Щоб запобігти цьому змонтуйте розважальні пристрої та додайте декоративні предмети до інтер'єру.,,
effect.magnetic.storm,Магнітна Буря,,
effect.magnetic.storm.desc,"У цьому Секторі постійно відбувається Магнітна Буря. У роботі деяких електричних пристроїв можуть періодично виникати відхилення від норми, або навіть сбої.",,
ev.magnetic.storm.desc,"Наразі відбувається Магнітна Буря. У роботі деяких електричних пристроїв можуть періодично виникати відхилення від норми, або навіть сбої.",,
effect.dust.storm.desc,У цьому Секторі постійно відбувається Пилова Буря. Генерація електрики Сонячними Панелями зменшиться.,,
obj.materials.fusioncellheavy,Потужний Фьюжн-Блок,,
obj.materials.fusioncellheavy.desc,"Варіант Фьюжн-Блока із збільшеною потужністю, використовується як паливо у двигунах при здійсненні Довгих Гіперстрибків.",,
preparing.for.hyperjump,Підготовка до Гіперстрибка,,
entered.hyperspace,Вхід до Гіперпростору,,
left.hyperspace,Вихід із Гіперпростору,,as in exited hyperspace
enter.hyperspace.failed,Неможливо Увійти до Гіперпростору,,
tut.spacetravel.name,Космічні Подорожі,,
tut.spacetravel.step1.title,Типи Двигунів,,
tut.spacetravel.step1_1,"Для здійснення космічного польоту на борту має бути повнофункціональна {0}, і різні типи Двигунів, відповідно до бажаного варіанту польоту.",2026-07-03,{0} is Bridge Controls
tut.spacetravel.step1_2,{0} здатні переміщати Корабель у межах Сектора.,2026-07-03,{0} is Thrusters
tut.spacetravel.step1_3,"За допомогою {0} можна увійти до Гіперпростору, та здійснити Короткий Гіперстрибок до сусіднього Сектора. У якості пального  використовуються {1}.",2026-07-03,{0} is Fusion Drive. {1} is Fusion Cell
tut.spacetravel.step1_4,"{0} здатні виконати Довгий Гіперстрибок до інших Регіонів. Без {0} переміщатися до інших регіонів допоможе лише {1}. Майте на увазі, що не у кожному регіоні присутній Гіпер-Комутатор. Регіони із відсутнім Комутатором на мапі відображаються поєднаними із іншими регіонами <b>пунктирною лінією</b>.",2026-07-03,{0} is FTL Drive. {1} is Hyperjump Relay
tut.spacetravel.step4_5,{0} не зможуть виробляти електрику під час перебування Корабля у Гіперпросторі. Переконайтеся у наявності на борту достатньої кількості Реакторів або заряджених Батарей - для забезпечення достатньої потужності для систем Корабля протягом всього часу перебування у Гіперпросторі.,2026-07-03,{0} is Solar Panels
tut.spacetravel.step5.title,Переміщення у Гіперпросторі,,
tut.spacetravel.step6.title,Довгий Гіперстрибок,,
tut.spacetravel.step6_6,{0} дозволить виконати лише один Довгий Гіперстрибок до суміжного Регіона.,2026-07-03,{0} is Hyperjump Relay
obj.upgrades.speedupgrade.desc,Оптимізує і пришвидшує виконання операцій на сумісних пристроях.,2026-07-17,
,,,
obj.upgrades.energyefficiencyupgrade.desc,Оптимізує і зменшує споживання електрики сумісними пристроями.,2026-07-17,
research.security.turretsheavy,Важкі Турелі,,
objects.devices.miniturret,Міні Турель,,
objects.devices.miniturret.desc,"Мала автоматична турель - озброєння оборонного типу, розташовується на борту Корабля.",,
tut.bodyparts.step1.title,"Частини Тіла, Модулі та Органи",,
tut.bodyparts.step1_1,"Будь-які Механічні або Біологічні <b>Істоти</b> складаються із <b>Частин Тіла</b>, <b>Модулів та Органів</b>. Наявність у певної Істоти тих чи інших складових визначає її <b>Можливості</b> та <b>Потреби</b>, а також може призводити до змін деяких <b>Показників</b>.",,
tut.bodyparts.step1_5,"У механічної істоти найбільш важливим модулем є <b>Ядро</b>, яке містить індивідуальні властивості, навички, спогади, досвід, та звички. Якщо цей модуль виявиться <b>Невідновно</b> пошкодженим - така істота вважатиметься {0} <b>Мертвою</b>.<br><br>У біологічних істот аналогічним органом є <b>Мозок</b>.",,"{0} is replaced with skull icon, doesn't affect translation"
tut.bodyparts.step2.title,Поранення і Рани,,
,,,
tut.bodyparts.step3_1,"Якщо обрати якусь істоту, у її ІК можна побачити всі існуючі або прогресуючі <b>Стани</b>, включно із <b>Ранами</b> від ушкоджень. Ця інформація може, наприклад, допомогти встановити <b>причину смерті</b> істоти.",,
tut.bodyparts.step3_2,"Деякі стани, такі як  <b>Депресія</b>, діють на психічний стан здоров'я, в той час як інші, такі як <b>Гіпоксія</b>, можуть призводити до фізичної шкоди і {0} <b>Смерті</b>.",,
tut.bodyparts.step3_3,"Більшість ненормальних Станів завдячують своїй появі певним <b>першопричинам</b>. Усунення таких негативних причин може, із часом, допомогти <b>відновити</b> нормальний стан організму.<br><br>Наприклад: <b>Депресія</b> розвивається якщо рівень показника <b>Радість</b> тримається низьким протягом певного часу. Організувавши інфраструктуру <b>Розваг</b> на борту - можна збільшити показники <b>Радості</b>, і поступово зменшити показники <b>Депресії</b>.",,
tut.bodyparts.step4_1,"Для біологічних істот деякі рани можуть виявитися <b>Летальними</b>. Проте якщо <b>Мозок</b> лишається неушкодженим, його можна <b>перемістити</b> до іншого організма.",,
tut.bodyparts.step4_2,"Завдяки сучасним технологіям, мозок можна переносити між істотами що відносяться до <b>різних видів</b>. Наприклад, трансплантація мозку <b>Кота</b> до тіла <b>Людини</b> у результаті створить істоту, яка ззовні виглядатиме як людина - але матиме свідомість кота, ідентифікуватиме себе як кіт, і поводитиметься як кіт.",,
tut.bodyparts.step4_3,"Хоча наразі немає можливості трасплантувати <b>Мозок</b> напряму до механічної істоти, і також немає можливості замінити <b>Мозок</b> біологічної істоти на <b>Ядро</b> механічної істоти - існує можливість виконати процедуру <b>Переносу Свідомості</b> із використанням пристрою <b>Реплікатор</b>.",,
tut.bodyparts.step4_4,"Використання вцілілого <b>Ядра</b> переможеної <b>ворожої</b> механічної істоти фактично призведе до <b>воскресіння</b> ворога, але за допомогою <b>Реплікатора</b> можна <b>перезаписати</b> <b>свідомість</b> ворожої істоти, наприклад, використавши <b>Мозок</b> одного з <b>дружніх</b> колоністів.<br><br>Це чудовий варіант - ви одночасно збільшуєте кількість своїх механічних істот, і надаєте друге життя своїм полеглим біологічним колоністам.",,
tut.bodyparts.step5.title,Операції із Частинами Тіла,,
tut.bodyparts.step5_3,Перед тим як задіяти <b>Реплікаторі</b> необхідно попередньо видалити із тіл <b>Ядро</b> та <b>Мозок</b>.,,
tut.bodyparts.step5_6,Для видалення <b>Ядра</b> скористайтеся цим <b>Складальним Хабом</b>.,,
objects.devices.memorymodulemini.desc,"Модуль Пам'яті-RAM, об'єм {0} Ексабайт. Такий тип пам'яті необхідний для успішного виконання різних завдань, наприклад для майнінгу криптовалюти.",2024-11-19,
combat.goal.attack.turret,Атакувати Турель,,
combat.objective.survive,Вижити,,
noun.leader,Лідер,,
noun.follower,Послідовник,,
noun.squad.role,Роль у Загоні,,
tut.combat.title,Тактика у Бою,,
tut.combat.desc,Під час цього навчального етапу буде надано інформацію про те як <b>захищати свій корабель</b> від <b>Рейдерів</b> або інших <b>Ворожих Створінь</b>.,,
tut.combat.step1.title,Засоби Безпеки,,
tut.combat.step1_1,"Використання доступних <b>засобів безпеки</b> - це перший, і один із найважливіших, етапів для <b>здобуття перемоги</b> у будь-якій битві.",,
tut.combat.step1_1_2,Наявність доступних та функціонуючих <b>Ремонтних Станцій</b> є абсолютно необхідною для <b>ремонтування</b> ваших <b>пошкоджених механічних істот</b>.,,
tut.combat.step1_2,"<b>Двері та Шлюзи</b> можна <b>Примусово зачиняти</b> для перешкоджання доступу. Якщо дослідити технологію <b>Система Контролю Доступу для Дверей та Шлюзів</b> та впровадити відповідні налаштування на борту, то навіть без <b>Примусового зачинення</b> двері та шлюзи можуть стати ефективною перешкодою для проникнення <b>ворогів</b>.<br><br>Налаштувати <b>Систему Контролю Доступу</b>  можна у тому числі і таким чином, щоб <b>відмовляти у доступу</b> для певних категорій <b>дружніх істот</b>.",,
tut.combat.step1_2_2,"<b>Доки Роботів</b> можуть бути призначені для певних <b>механічних істот</b>. Призначені механічні істоти перебуватимуть саме у своїх Доках під час <b>простою</b> та <b>заряджатимуть</b> батареї, якщо не матимуть завдань для виконання .<br><br>Розміщення <b>Доків Роботів</b> у <b>стратегічно важливих локаціях</b> може суттєво зменшити час реакції у випадках <b>нападу рейдерів</b>.",,
tut.combat.step1_3,"Увімкнення <b>Тривожної Сирени</b> спонукатиме <b>біологічних істот</b> переміщатися до відносно безпечного приміщення. Таку сирену може бути застосовано як у <b>автоматичному</b>, так і у <b>ручному</b> режимах.<br><br>Увімкнений тривожний сигнал є доволі неприємною подією для колоністів, тож не забувайте <b>вимикати</b> його після того як на борту знову стане <b>безпечно</b>.",,
tut.combat.step1_4,Спробуйте стратегічно розташувати <b>Міні-Турелі</b> - щоб <b>важливі локації</b> та <b>точки входу до них</b> було прикрито вогнем про всяк випадок.<br><br>Такі турелі навмисно спроєктовано не надто потужною зброєю - щоби не наносити значних ушкоджень <b>корпусу корабля</b> - проте вони лишаються ефективним фактором захисту.,,
tut.combat.step1_5,"<b>Рідинні Гармати</b> технічно можна споряджати <b>рідиною</b> будь-якого типу. Якщо це <b>Вода</b> - такий заряд не лише наноситиме <b>легкі ушкодження</b> <b>ворожім істотам</b>, але також може добре <b>гасити відкрите полум'я</b>.<br><br>Якщо ж спорядити їх <b>Бензином</b> або <b>Нафтою</b> - така <b>Рідинна Гармата</b> вистрілюватиме <b>запальні снаряди</b>, що <b>підпалюватимуть ворогів</b> при влучанні. До речі, буде гарною ідеєю використовувати їх у такій конфігурації ззовні приміщень, на ділянках без <b>Кисню</b> у атмосфері.",,
tut.combat.step1_6,"Елемент <b>Підлоги із Пасткою</b> наноситиме кінетичне проникаюче ушкодження <b>ворожим істотам, що переміщуються по підлозі</b>, як тількі така істота опиниться на відповідному елементі підлоги.",,
tut.combat.step1_7,"У нормальній ситуації <b>Вент.Отвір у Підлозі</b> відчиняється для зменшення кількості надмірного тепла на ділянці. Але якщо <b>ворог, що переміщається по підлозі</b> буде знаходитися прямо на такому елементі підлоги в момент відчинення Отвору, то ворожу істоту буде <b>викинуто у космос</b>, разом із теплом і фрагментом атмосфери.",,
tut.combat.step1_9,"Це <b>ЕМ Захват Ціль</b>. Оптимальним розташуванням для цього пристрою буде <b>зовнішня</b> ділянка, подалі від <b>житлових приміщень</b>.",,
tut.combat.step2.title,Реакції На Бойовий Стан,,
tut.combat.step2_1,"Для кожної <b>дружньої істоти</b> можна встановити наступні <b>Реакції На Бойовий стан</b>:<br> - <b>Вільний Вибір</b>: Істота діятиме у <b>власних інтересах</b>, основуючись на <b>ситуації</b>.<br> - <b>Битися</b>: Істота активно <b>шукатиме</b> ворогів і <b>вступатиме у бій</b> із ними.<br> - <b>Втекти</b>: Істота намагатиметься <b>втекти</b> від ворожих істот.<br> - <b>Ігнорувати</b>: Істота не відволікатиметься від повсякденних <b>робочих завдань</b> та персональних <b>потреб</b>, ігноруючи присутність ворожих істот - допоки не буде ними <b>атакована чи спровокована</b>, або не отримає <b>Прямий Наказ</b>.",,
tut.combat.step4.title,Керування Групою Істот,,
traded.item.too.hot,Ви нещодавно вже купували такий товар; вашу ціну закупки буде збільшено.,,
traded.item.too.cold,Ви нещодавно вже продавали такий товар; вашу ціну продажу буде зменшено.,,
codex.m.basebuilding.teleporters1,Пристрій {0} може бути використаний як односпрямований портал до іншого пристрою Телепорт.,,{0} is Teleporter
codex.m.basebuilding.teleporters2,Спрямуйте два різних Телепорта один до одного - і таким чином отримайте двоспрямований портал. Декілька Телепортів можуть бути спрямовані до одного й того самого.,,
codex.m.basebuilding.teleporters3,"Відповідно до кількості активних зв'язків Телепорта збільшується і кількість споживаної ним електрики, у експоненціальній залежності.",,
codex.m.basebuilding.teleporters4,"За допомогою інструменту {0} можна як встановлювати, так і розривати зв'язок між телепортами.",,{0} is Connect
codex.m.bigquestions.gameover.desc,Знищення останнього <b>Корабельного Комп'ютера</b> означатиме що гру завершено.,2024-11-22,Last change removed everything after the first sentence.
codex.m.environment.fire.desc,"Якщо у приміщенні складається комбінація із <b>високого рівня Тепла</b> разом із достатньою <b>насиченістю Киснем</b> - деякі об'єкти можуть загорітися.<br><br>Для автоматичного пожежогасіння непогано підходять <b>Рідинні Гармати</b>, споряджені <b>Водою</b>.<br><br>А також для приборкання пожежі буде корисним тимчасово вимкнути <b>Генератори Кисню</b>, що розташовані поруч (включно із тим, що вбудований до Стазис-Масиву); замкнути <b>вентиляційні отвори</b> у стінах; та швиденько демонтувати кілька елементів підлоги на ділянці із пожежею.<br><br>Варто зазначити, що деякі пожежі можуть бути зумовлені <b>Хімічними</b> реакціями між певними речовинами - і це робить пожежі такого типу набагато складнішими та небезпечнішими - адже для підтримки горіння вони не потребують наявності <b>Кисню</b> у повітрі.<br><br>Слідкуйте за інформацією у оверлеї <b>{0}</b> та намагайтесь уникати створення сприятливих умов для пожежі.",2024-11-22,
codex.m.environment.islands.desc,"<b>Секцією</b> вважається повністю відокремлена від Корабля сукупність структурних елементів (або фрагмент). Лише той Корабель, що складається із єдиного фрагмента, буде <b>Придатним Для Польоту</b>.<br><br>З'єднати відокремлені фрагменти можна, наприклад, за допомогою монтажу елементів <b>підлоги</b> або рам, що поєднають відокремлені фрагменти між собою.<br><br>Можна використати <b>Крюк Лебідки</b> та <b>Якір Лебідки</b>, або <b>Маневровий Контролер</b> для того щоб пересувати фрагменти у просторі.<br><br>А також фрагменти можна <b>Демонтувати</b> (буде витрачено деякий час на демонтаж - але буде отримано певні ресурси та матеріали), або <b>Покинути</b>, чи <b>Продати</b> у якомусь <b>Космопорті</b>.<br><br>Щоб отримати більше інформації про кількість секцій - зверніться до оверлею <b>{0}</b>.",2024-11-22,Last change removed statement that small sections are ignored
goal.ConnectStasis,Підключити Стазис-Масив,,
goal.ConnectStasis.desc,"Щонайменше один <b>Стазис-Масив наразі знеструмлено</b>. Варто підтримувати <b>Стазис-Масиви</b> постійно підключеними до Мережі заради збереження <b>Стабільності</b>. Низький рівень <b>Стабільності</b> призводитиме до проявів шкідливого впливу різних факторів на колоністів, що перебувають у Кріо-Масиві.",,
tut.basic.controls.1.title,Базове Керування,,
tut.basic.controls.1.desc,Під час цього навчального етапу буде надано інформацію про базові концепції ІК у Stardeus.,,
tut.basic.controls.2.title,Використання Інструментів,,
tut.basic.controls.2.desc,Під час цього навчального етапу буде надано інформацію про використання найнеобхідніших інструментів.,,
tut.basic.controls.3.title,Оверлеї ІК,,
tut.basic.controls.3.desc,Під час цього навчального етапу буде надано базову інформацію про застосування Оверлеїв ІК. Оскількі кожен Оверлей відображає підказку при наведенні на нього курсора - цей навчальний етап не є обов'язковим.,,
compatible.body.sizes,Сумісні за розміром тіла,,
body.size.Small,Малий,,
body.size.Medium,Середній,,
body.size.Large,Великий,,
noun.body.size,Розмір,,
body.part.species.compatibility,Сумісні види істот,,
species.type.biological,Біологічне,,
species.type.robotic,Механічне,,
noun.mind,Свідомість,,
objects.devices.nanobothive,Вулик Наноботів,,
objects.devices.nanobothive.desc,"Пристрій, у якому міститься зграя наноботів, що здатні виконувати прості завдання у межах своєї робочої області.",,
obj.materials.nanobots,Наноботи,,
obj.materials.nanobots.desc,"Мікроскопічні роботи, розроблені для виконання завдань із високоточних операцій на клітинному, або навіть молекулярному рівнях.",,
nanobot.compatible,Підходить для Наноботів,,for labeling tasks that can be performed by nanobots
nanobot.reachable,Доступно для Наноботів,,for labeling tasks that are close enough to a nanobot hive
nanobot.unreachable,Недоступно для Наноботів,,
cant.heal,Невиліковне,,for labeling wounds that cannot heal
gameplay.short.stat,"Реальні Час та Дата: {0}<br>Тривалість цієї сесії у Реальному Часі: {1}<br>Тривалість всієї гри у Реальному часі: {2}<br>Тривалість всієї гри у Ігровому часі: {3}<br><br>""Пам'ятайте про реальний світ та робіть перерву!""",2024-11-30,last change removed color tags
tut.production.last.msg,Ви можете завершити монтаж Реактора після завершення навчального етапу.,,
hyperjump.cancelled,Гіперстрибок Скасовано,,
story.wreck_empty_ship.intro.9,"Наразі нашими <b>пріоритетами</b> є відновлення <b>здатності Корабля до польоту</b> та <b>забезпечення ресурсної бази</b> для виробництва. І гарна новина в тому, що для можливості переміщатися у космосі Корабель не має бути повністю розбудований та досконалий - достатньо буде просто того факта, що він складається із єдиного сегмента. І на початку гри намагайтеся <b>утриматися від збільшення розміру Корабля</b> наскільки це буде можливо - задля зменшення витрат матеріалів на будівництво, та запобігання їхньої потенційної нестачі.",,
goal.dispose.of.objs,Позбутися {0},,
goal.dispose.of.objs.desc,"На борту виявлено присутність <b>{0}</b>. Позбудьтеся цих об'єктів, призначивши відповідне завдання <b>{1}</b>.",,{0} object name. {1} action name. Example: I detected Artillery Fungus. Use Dispose action to get rid of these objects.
research.robotics.autorepair,Авто-Ремонт,,
research.robotics.autorepair.desc,"Завдання із Ремонту для пристроїв та структурних елементів будуть створюватися автоматично, за фактом отримання пошкодження.",,
uncap.animation.fps,FPS для Анімації Необмежено,,
uncap.animation.fps.tip,Анімація рухомих об'єктів виглядатиме більш плавною на дисплеях із підтримкою режимів роботи із кадровою частотою більшою за 100 FPS.,,
affects.performance,Впливає на Продуктивність,,
adj.infected,Інфіковано,,"adjective, as in with disease or virus"
no.direct.route,Відсутній прямий маршрут,,error when clicking on a location that has no path to it
noun.landing.zone,Посадкова Зона,,
amount.recommended.minimum,Рекомендований Мінімум,,
amount.current,Поточна Кількість,,
quest.step.move.in.hyperspace,Переміщення у Гіперпросторі,,
quest.step.move.in.hyperspace.desc,"Відкрийте <b>Зоряну Мапу</b>, оберіть масштаб {0}, після чого вкажіть суміжний {1} як пункт призначення.",,{0} is Universe or Region; {1} is Region or Sector
quest.step.enter.hyperspace.desc,Увійдіть до <b>Гіперпростору</b> щоб підготуватися до виконання Гіперстрибка.,,
warning.incompatible.start.region,Обраний Регіон не може бути вказано як стартову локацію.,,
derelict.abandon.warning,Покинутий Корабель буде залишено у космосі та втрачено.,,
storygen.chaos,Хаотично,,
research.production.remotemining,Дистанційне Гірництво,,
objects.devices.beamdrill,Променевий Бур,,
objects.devices.beamdrill.desc,"Використовується для гірництва на об'єктах що розташовані поруч, із доставкою видобутої сировини прямо на борт.",2026-07-15,
space.object.DarkPortal,Темний Портал,,
space.object.info.DarkPortal,"Загадковий темний портал. Цікаво, куди він може вести?",,
recenter.ship,Відцентрувати Корабель,,
recenter.ship.tip,Миттеве переміщення Корабля на позицію у центрі локальної мапи.,,
adj.explored,Досліджено,,adjective - label for explored objects
adj.unexplored,Недосліджено,,adjective - label for unexplored objects
quest.UseDarkPortal,Легенда про Темний Портал,,
quest.UseDarkPortal.desc,"У одній легенді розповідається про Темний Портал, що відкриває шлях до іншого всесвіту, або виміру. Немає більш-менш надійної інформації стосовно його розташування, але згадується що він схований у найбільш нестабільному та небезпечному регіоні космосу.",,
quest.step.use.dark.portal,Увійти до Темного Порталу,,
modifier.ResearchCost,Витрати на Дослідження,,
modifier.ResearchCost.desc,Модифікація витрат у Датоїдах на розблокування вузлів у Дереві Досліджень.,,
scan.target.deep,Детальне Сканування,,
scan.target.deep.desc,"Процедура детального сканування поточного Сектора. У результаті можна виявити додаткові локації із покладами ресурсів, які могло бути не виявлено при скануванні цього Сектора із дальній відстані.",,
noun.list,Перелік,,
system.scan.extended,Розширене Сканування,,
system.scan.extended.desc,Дозволяє сканувати космічний простір для виявлення рідкісних ресурсів.,,
share.ship,Опублікувати Цей Космічний Корабель,,for sharing the ship in steam workshop
noun.ship,Корабель,,as in space ship (but has to be short)
noun.ships,Кораблі,,plural of ship
game.template.mode,"Цей сейв завантажено у режимі <b>Шаблон</b>. Можна продовжити грати у режимі без збереження змін, або розпочати нову гру із використанням саме цього космічного корабля.",,
game.template.new,Розпочати нову гру із використанням цього космічного корабля.,,
more.actions,Інші Дії,,
download.ships,Завантажити Кораблі,,
mod.unsubscribe,Відписатися,,
verb.keep,Залишити,,
verb.regenerate,Регенерувати,,
situation.SectorDifficulty,Складність Сектора,,
modifier.MiningOutput,Видобуток у Гірництві,,
modifier.MiningOutput.desc,Налаштування видобутку у покладах ресурсів.,,
eject.from.storage.first,Спершу слід вилучити зі сховища тіло істоти.,,Shown when player tries to replace a body part on a being that is in storage (in morgue or mechuary).
modifier.BasicTech,Базова Техніка,,
modifier.BasicTech.desc,"Техніка та технології базового рівня - як-от туалети, душові кабіни, міні-обігрівачі та генератори кисню - будуть доступні із самого початку гри. Однак для певного ускладнення (і збільшення цікавості водночас) ігрового процесу, ви можете заблокувати ці базові технології, або заблокувати випадковим чином лише деякі з них.",,
goal.AcceptQuest,Прийняти Квест,,
goal.AcceptQuest.desc,"Ви ще не прийняли та не виконали жодного квеста - а між тим наразі є декілька доступних. Ознайомитися із переліком наявних квестів можна переглянувши Список Подій, або у оверлеї Квести.",,
hold.to.lock.tooltip,Натисніть та утримуйте {0} щоб зафіксувати цю підказку.,,{0} is a shortcut key name. Locking the tooltip will keep it frozen in place so that you can click links inside the tooltip
noun.weapon.power,Вогнева Міць,,Version 0.13 translations start here
noun.shields,Щити,,
noun.weapons,Зброя,,
noun.weapon.power.short,Міць,,As in Strength of Weapon Power
noun.flux,Флакс,,A sci-fi term. can be accumulated during ship combat and has to be vented. 
noun.flux.desc,"Флаксом називають накопичення теплової енергії під час бойового зіткнення. Кількість Флакса зростає під час пострілів зброї, або коли Щити блокують об'єкти, що намагаються атакувати Корабель. Якщо на борту накопичується забагато Флакса - це може негативно вплинути на працездатність ключових систем Корабля.",,
noun.evade,Ухил,,"Label next to ship evasion percentage. Evasion determines how likely the ship will dodge incoming attacks. Must be short, hence Evade and not Evasion"
noun.evade.desc,"Значення цього параметру визначає вірогідність того, що Корабель зможе ухилитися від атакуючих об'єктів. Зазвичай меншим за розміром суднам властиве більше значення цього параметру, ніж великогабаритним суднам.",,
ship.does.not.meet.requirements,Корабель не відповідає вимогам регламенту.,,Displayed as a warning tooltip near options where ship class or tag cannot bet switched into due to not fulfilled requirements
flux.capacity,Ємність Флакса,,
flux.capacity.short,Ємн,,should be no more than 3-4 letters. short for capacity.
flux.overload.desc,Забагато Флакса! Увімкнено примусовий викид.,,
flux.soft,М'який Флакс,,
flux.soft.short,М'як,,no more than 3-4 letters
flux.hard,Жорсткий Флакс,,
flux.hard.short,Жорс,,no more than 3-4 letters
flux.accumulated,Накопичений Флакс,,
vent.rate,Темп Викиду,,
flux.overload,Переповнення Флакса,,defines a state when a device is overloaded
verb.vent.flux,Викинути Флакс,,For toggling venting of the ship heat (flux)
flux.venting,Викидання Флакса,,
noun.hull.points,Очки Корпусу,,"like Hit Points (HP) but for ships, so Hull Points"
noun.hull.points.short,ОК,,
our.ship,Наш Корабель,,label above ship combat UI controls for our ship
ship.configuration,Конфігурація Корабля,,
noun.engines,Двигуни,,plural of Engine. for space ship engines.
space.object.Ship,Космічний Корабель,,
noun.ship.class,Клас Судна,,"as in ship class in navy (fighter, cruser, battleship)"
ship.class.spacestation,Космічна Станція,,special ship class for space stations
ship.class.unclassified,Некласифіковано,,for space ships that don't fit any class requirements
ship.class.corvette,Корвет,,second smallest ship class
ship.class.fighter,Винищувач,,smallest ship class in game
ship.class.cruiser,Крейсер,,
ship.class.battlecruiser,Лінійний Крейсер,,
ship.class.destroyer,Есмінець,,
ship.class.dreadnought,Дредноут,,second biggest ship class
ship.class.titan,Титан,,biggest ship class in game
ship.class.carrier,Носій,,
ship.class.frigate,Фрегат,,
ship.class.battleship,Лінійний Корабель,,
noun.ship.tag,Позначка Судна,,"a 2-3 letter tag before the ship name (like USS, HMS, etc)"
ship.tag.nss,ВКК,,acronym is always constructed from the description: Navy Star Ship -> NSS
ship.tag.nss.desc,Військовий Космічний Корабель,,standard military vessels
ship.tag.bcv,ВККУ,,
ship.tag.bcv.desc,Військовий Космічний Корабель Управління,,capital warships
ship.tag.ars,ВККА,,
ship.tag.ars.desc,Автоматизований Військовий Космічний Корабель,,AI controlled defense ships
ship.tag.css,ККС,,
ship.tag.css.desc,Корпоративне Космічне Судно,,capitalist ships
ship.tag.tcv,КВКС,,
ship.tag.tcv.desc,Комерційне Вантажне Космічне Судно,,"merchants, transport"
ship.tag.lcv,ЛККС,,
ship.tag.lcv.desc,Люксове Корпоративне Космічне Судно,,high-end capitalist ships
ship.tag.esv,НДКС,,
ship.tag.esv.desc,Науково-Дослідницьке Космічне Судно,,deep space research
ship.tag.fsv,ПЗПКС,,
ship.tag.fsv.desc,Приватне Космічне Судно Приграничної Зони,,independent adventurers
ship.tag.imv,ПВКС,,
ship.tag.imv.desc,Промислове Видобувне Космічне Судно,,resource extraction ships
ship.tag.inf,ІКО,,
ship.tag.inf.desc,Інфікований Космічний Об'єкт,,virus-corrupted ships
ship.tag.ltv,ЛТКС,,
ship.tag.ltv.desc,Логістичне Транспортне Космічне Судно,,cargo haulters and carriers
ship.tag.tav,ВККШ,,
ship.tag.tav.desc,Штурмовий Військовий Космічний Корабель,,big offensive ships
ship.tag.scs,НКC,,
ship.tag.scs.desc,Надважке Космічне Судно,,titan class ships
ship.tag.lfs,ВККЛВ,,
ship.tag.lfs.desc,Військовий Космічний Корабель Легкий Винищувач,,small fighters
ship.tag.srs,ВККУР,,
ship.tag.srs.desc,Військовий Космічний Корабель Ударно-Розвідувальний,,hit and run tactical ships
ship.tag.msv,БКС,,
ship.tag.msv.desc,Багатоцільове Космічне Судно,,verstaile small crafts
ship.tag.usv,БМКС,,
ship.tag.usv.desc,Космічне Судно Без Маркування,,
ship.tag.fss,ПЗКСт,,
ship.tag.fss.desc,Космічна Станція Приграничної Зони,,
ship.tag.iss,НКСт,,
ship.tag.iss.desc,Незалежна Космічна Станція,,
ship.tag.uss,СКСт,,
ship.tag.uss.desc,Космічна Станція у складі Союзу,,
ship.tag.rss,ПКСт,,
ship.tag.rss.desc,Космічна Станція Порушників,,
codex.ship.classes,Класи Космічних Суден та Кораблів,,header for list of ship classes
codex.ship.tags,Позначки Космічних Суден та Кораблів,,header for list of ship tags
in.hyperspace,У Гіперпросторі,,label for ships that are currently in hyperspace
verb.hail,Викликати,,initiate communications with another space ship
verb.insult,Образити,,As in say something bad to insult a person
verb.trading.with,Торгівля із {0},,{0} will be traders name
verb.approaching,Наближення до {0},,{0} will be object name
verb.end.call,Завершити Сеанс,,for ending telecommunications between ships
incoming.transmission,Вхідний Виклик,,when other ships hail your ship
ship.hailing.you,Викликає {0},,{0} will be the ship name
verb.offer.gift,Запропонувати Дарунок,,action button label for offering a gift to another spaceship
verb.surrender,Капітулювати,,for surrendering during combat
verb.ask.fuel,Попросити про Паливо,,action button label for asking another space ship to give you fuel
verb.extort,Вимагати,,label for asking other ship for money or items by threatening them
noun.gift.package,Контейнер із Подарунком,,"when we get a gift, we have to chose from a few packages, this is a button label. it will have #1, #2 in the end of it"
noun.fuel.package,Контейнер із Паливом,,"when we aks for fuel, we have a choice from several fuel packages. this label will have #1, #2, etc in the end "
noun.ransom,Викуп,,extortion ransom label
noun.combat,Бій,,mostly used for ship to ship combat
noun.end.of.combat,Завершення Бойових Дій,,"as in 'if you surrender, the consequence will be: End of combat'"
relationship.with,Відношення із {0},,{0} is a name
chance.accept,Шанс Прийняття Дарунка,,"when you want to give a gift to someone, this will show up like 'Accept Chance: 10%'. This is the chance of the receiver to accept a gift"
noun.value,Цінність,,monetary value of something
consequence.accept,Якщо Прийняти,,a label for consequence of accepting a gift
consequence.reject,Якщо Відмовити,,a label for consequence of rejecting a gift
consequence.take,Якщо Отримати,,a label for consequence of taking a package
offer.this.package,Запропонувати Цей Контейнер,,label on a button that offers this gift package. the recipient may not agree to take it.
take.this.package,Отримати Цей Контейнер,,label on a button that selects a gift package player wants to take (one from a list)
,,,
ship.chat.trade_req.neutral.casual.01,Вітаю. Бажаєте вигідно поторгувати?,,
ship.chat.trade_req.neutral.casual.02,"Нам потрібні деякі товари, хочете поторгувати?",,
ship.chat.trade_req.neutral.casual.03,"Бажаєте файну комерцію? Ми готові запропонувати - саме для вас, і тільки сьогодні - наші особливі ціни!",,
ship.chat.trade_req.neutral.polite.01,"Наше судно має бажання торгувати із вашим, якщо ваша ласка.",,
ship.chat.trade_req.neutral.polite.02,Ми хотіли би розпочати торгівлю із вами.,,
ship.chat.trade_req.neutral.polite.03,Капітан пропонує вашому судну торгівлю. Будь ласка надайте відповідь.,,
ship.chat.trade_req.neutral.rude.01,"Ходять чутки про файний крам у вас на борту. Покажіть-но, що там у вас.",,
ship.chat.trade_req.neutral.rude.02,Показуйте що маєте.,,
ship.chat.trade_req.neutral.rude.03,"І ліпше буде одразу запропонувати нам гарні ціни, погань.",,
ship.chat.trade_res.positive.casual.01,Ми завжди раді торгувати із вами!,,
ship.chat.trade_res.positive.casual.02,"Так, звичайно, лише один момент.",,
ship.chat.trade_res.positive.casual.03,Лише погляньте на наші товари. А ми сьогодні запропонуємо саме вам наші особливі ціни!,,
ship.chat.trade_res.positive.polite.01,"Будь ласка зачекайте трохи, ми підготуємо наші товари для вас.",,
ship.chat.trade_res.positive.polite.02,"Схвалено, розпочинаємо торгівлю.",,
ship.chat.trade_res.positive.polite.03,Запит на торгівлю погоджено. Будь ласка зачекайте.,,
ship.chat.trade_res.positive.rude.01,Краще би вам мати при собі достатньо Старкредів.,,
ship.chat.trade_res.positive.rude.02,"Сподіваємось у вас знайдеться кілька нирок на продаж, кек.",,
ship.chat.trade_res.positive.rude.03,А якщо після цього ви ще нічого й не купите - що ж... замало вам не здаватиметься.,,
,,,
ship.chat.gift_req.neutral.casual.01,"Ахой, на судні! В нас тут дечого забагато. А вам це може стане у пригоді.",,
ship.chat.gift_req.neutral.casual.02,"Хм, ваш корабель виглядає пошарпаним. Важкі часи, так? Ось, тримайте.",,
ship.chat.gift_req.neutral.casual.03,Скромний подаруночек від нашого судна вашому. Не поспішайте витрачати все одразу!,,
ship.chat.gift_req.neutral.polite.01,Ми б хотіли надіслати вам маленький символ вдячності.,,
ship.chat.gift_req.neutral.polite.02,Відправляємо вам презент від імені нашої фракції.,,
ship.chat.gift_req.neutral.polite.03,Капітан особисто підготував цей контейнер із подарунками для вашого судна.,,
ship.chat.gift_req.neutral.rude.01,"А ось і наш особливий даруночок, саме для вас - всілякі залишки та брухт. Ловіть!",,
ship.chat.gift_req.neutral.rude.02,Вважайте це благодійною допомогою. Схоже ви потребуєте цього.,,
ship.chat.gift_req.neutral.rude.03,Візьміть це та спробуйте більше так не ганьбитися.,,
ship.chat.gift_res.positive.casual.01,"Дякуємо, ви найкращі!",,
ship.chat.gift_res.positive.casual.02,Я високо ціную це!,,
ship.chat.gift_res.positive.casual.03,Ми вам надзвичайно вдячні!,,
ship.chat.gift_res.positive.polite.01,"Ми вдячні, і високо цінуємо ваші дарунки.",,
ship.chat.gift_res.positive.polite.02,Ми хотіли б виразити вдячність від імені нашої фракції.,,
ship.chat.gift_res.positive.polite.03,"Капітан шанує ваше ставлення, і приймає ваш дарунок із задоволенням.",,
ship.chat.gift_res.positive.rude.01,"І ось це - найкраще, що ви змогли зібрати?",,
ship.chat.gift_res.positive.rude.02,Ммм... не так файно як ми сподівалися - але нехай вже.,,
ship.chat.gift_res.positive.rude.03,Оу... Оце воно і є? Що ж... дякую. Мабуть.,,
,,,
ship.chat.extort_res.positive.casual.01,"Шо? А згодом, я таки схиляюсь до думки погодитися.",,
ship.chat.extort_res.positive.casual.02,Я не чекав такого від вас. Але мені здається що варіантів у мене немає.,,
ship.chat.extort_res.positive.casual.03,Згода. Але я запам'ятаю це...,,
ship.chat.extort_res.positive.polite.01,"Ми засуджуємо такі дії, але цього разу маємо підкоритися вимогам.",,
ship.chat.extort_res.positive.polite.02,Ваші дії призведуть до погіршення відносин між нашими фракціями.,,
ship.chat.extort_res.positive.polite.03,"Капітану не сподобалася ваша вимога, але він погодився на неї. ",,
ship.chat.extort_res.positive.rude.01,"Ви взагалі ким себе вважаєте!? І мабуть не в курсі хто я такий? Грець із ним - наразі я маю важливіші справи, і поступлюся вам. Але можете вважати себе небіжчиками!",,
ship.chat.extort_res.positive.rude.02,"Ну гаразд. Але не дуже сподівайтесь на гарний для себе фінал - у мене є друзі, і пізніше ми з вами ще зустрінемось.",,
ship.chat.extort_res.positive.rude.03,"Та як ви насмілились! Невдовзі ви пошкодуєте про свої дії, мерзота.",,
,,,
ship.chat.extort_res.negative.casual.01,"Лол, чуваче. Я бачив більш загрозливі астероїди, аніж твоє корито.",,
ship.chat.extort_res.negative.casual.02,"Ви напевно ще зовсім зелені у цій справі. Спробуйте свої погрози на комусь іншому, хто дійсно перейматиметься таким. ",,
ship.chat.extort_res.negative.casual.03,"Викуп, серйозно? Ай красунчики. Ну, розповісте мені потім якщо це із кимось спрацює.",,
ship.chat.extort_res.negative.casual.04,"Це такий жарт, напевно? Йой, це чарівно.",,
ship.chat.extort_res.negative.casual.05,А ви впевнені що обрали потрібну професію? Спробуйте себе у жанрі комедії.,,
ship.chat.extort_res.negative.casual.06,"Так, ми збиралися заплатити. Але потім ми ще подумали... і знаєте що? НІТ.",,
ship.chat.extort_res.negative.polite.01,"Ваш запит взято до уваги та занотовано, і, відповідно, буде проігноровано.",,
ship.chat.extort_res.negative.polite.02,"Із жалем маємо повідомити вас, що ми не ведемо перемовин в умовах тиску.",,
ship.chat.extort_res.negative.polite.03,Вашу пропозицію було розглянуто і визнано неприйнятною.,,
ship.chat.extort_res.negative.rude.01,"Я б не патякав так зухвало, перебуваючи у зоні ураження ракетами.",,
ship.chat.extort_res.negative.rude.02,Ви там мабуть таки добряче приклалися довбешкою до дверей шлюза?,,
ship.chat.extort_res.negative.rude.03,"Хахх... Дідько, а ви вмієте насмішити. І я би із задоволенням ще посміявся - але не хочу витрачати на це свій кисень.",,
ship.chat.extort_res.negative.rude.04,"Кхем... Вам явно не вистачає десь двох-трьох гармат, максимум п'яти - щоб ця вистава виглядала насправді переконливо.",,
ship.chat.extort_res.negative.rude.05,"Слухай, шпана дрібна - знайдіть собі іншу ціль для тренування!",,
ship.chat.extort_res.negative.rude.06,"Як трохи підрихтуєш свій ну дуууже грізний корабель, щоб принаймні ззовні не було помітно що все тримається на скотчі та дротиках - спробуй ще раз.",,
,,,
ship.chat.fuel_req.neutral.casual.01,"Агов, не могли б ви підкинути трохи палива?",,
ship.chat.fuel_req.neutral.casual.02,"Ми майже повністю використали паливо, ви не будете проти надати нам трохи?",,
ship.chat.fuel_req.neutral.casual.03,"Може маєте паливо, яким не проти поділитися?",,
ship.chat.fuel_req.neutral.polite.01,Ми покірно просимо передати нам трохи палива.,,
ship.chat.fuel_req.neutral.polite.02,Чи не могли б ви надати нам трохи палива?,,
ship.chat.fuel_req.neutral.polite.03,Капітан просить вас про допомогу - поділитися із нами своїм паливом.,,
ship.chat.fuel_req.neutral.rude.01,"Ви ж стопудово маєте певну кількість палива для нас, еге ж?",,
ship.chat.fuel_req.neutral.rude.02,"Я б ніколи не просив, але я не маю вибору. Дайте мені трохи палива!",,
ship.chat.fuel_req.neutral.rude.03,"У вас напевно більше палива ніж вам потрібно, дайте мені трохи!",,
,,,
ship.chat.extort_req.neutral.casual.01,"Віддайте мені те що я хочу, або ця пригода закінчиться для вас насправді погано.",,
ship.chat.extort_req.neutral.casual.02,"Я більше не бачу сенсу поводитися чемно. Тож, без реверансів - віддайте мені мою частину, а в іншому разі готуйтеся до вельми неприємних наслідків.",,
ship.chat.extort_req.neutral.casual.03,"Маєте лічені секунди на роздуми - віддайте мені те що я хочу, або я заберу все.",,
ship.chat.extort_req.neutral.polite.01,"На нашу думку ви цінуєте свою свободу, тож зможете заплатити за неї. Не гаятимемо часу.",,
ship.chat.extort_req.neutral.polite.02,За ваше безпечне повернення ми хочемо отримати невеликий викуп. Навіщо ускладнювати своє становище - всі будуть у виграші якщо ви сплатите цю скромну суму.,,
ship.chat.extort_req.neutral.polite.03,"Давайте подивимось на це так - ви втрачаєте дещицю певного ресурсу, але натомість отримуєте мир. Тож, чи не ліпше буде трохи віддати - чим готуватися до значно гіршого, і не надто прогнозованого, варіанту розвитку подій?",,
ship.chat.extort_req.neutral.rude.01,"У вас залишається цілий і неушкоджений корабель, а я отримаю трохи вашого вантажу. Файна і чесна угода - чи не так?",,
ship.chat.extort_req.neutral.rude.02,"Скромна... ммм... пожертва до нашого фонду - і ви знову вільні, як нейтрино у космічній безодні.",,
ship.chat.extort_req.neutral.rude.03,Гроші на бочку - або я роздеру ваше бісове корито на шмаття!,,
ship.chat.extort_req.neutral.rude.04,"Що ж тепер буде? Все просто - заплатіть мені, або ваші рештки будуть вічно подорожувати космічною порожнечею.",,
ship.chat.extort_req.neutral.rude.05,"Можете зберегти свій корабель - якщо, звісно, це вам по кишені.",,
ship.chat.extort_req.neutral.rude.06,"А ось це вам не потрібно, чи не так? Давайте-но сюди!",,
,,,
ship.chat.combat_engage.neutral.casual.01,Сподіваюсь що ви готові до бою!,,
ship.chat.combat_engage.neutral.casual.02,"Трясця, тааак! Нарешті я спробую у реальному бою своє нове озброєння - щойно змонтував!",,
ship.chat.combat_engage.neutral.casual.03,Ви готові до бою?,,
ship.chat.combat_engage.neutral.polite.01,Повідомляємо шановне панство про те що ми розпочинаємо із вами бій.,,
ship.chat.combat_engage.neutral.polite.02,Будьте люб'язні підготувати своє озброєння та захисні системи до бою.,,
ship.chat.combat_engage.neutral.polite.03,"Увага, говорить капітан. Маю офіційне повідомлення - вас атаковано.",,
ship.chat.combat_engage.neutral.rude.01,Віддайте свій вантаж - або віддасте свої нікчемні життя!,,
ship.chat.combat_engage.neutral.rude.02,"Не пощастило, приятелю. Сьогодні ви заплатите мені сповна.",,
ship.chat.combat_engage.neutral.rude.03,"Це вже стає нудним. Ну, дякую що завітали!",,
ship.chat.combat_engage.neutral.rude.04,Відчуваю гарну здобич... і ще страх. Насправді - переважно страх.,,
ship.chat.combat_engage.neutral.rude.05,"Щож, сподіваюсь ви не занадто прив'язані до своєї шкаралупи!",,
ship.chat.combat_engage.neutral.rude.06,Ніяких сигналів про лихо. Ніяких свідків. Ніякого милосердя.,,
,,,
ship.chat.hail_req.neutral.casual.01,Як я можу бути вам корисний?,,
ship.chat.hail_req.neutral.casual.02,Чую вас добре і без перешкод!,,
ship.chat.hail_req.neutral.casual.03,Говорить капітан. Раді вас чути!,,
ship.chat.hail_req.neutral.polite.01,Повідомлення отримано. Будь ласка надайте більше інформації про стан справ.,,
ship.chat.hail_req.neutral.polite.02,Капітан на зв'язку. Опишіть своє становище.,,
ship.chat.hail_req.neutral.polite.03,З'єднання встановлено. Cлухаємо вас.,,
ship.chat.hail_req.neutral.rude.01,Що вам потрібно?,,
ship.chat.hail_req.neutral.rude.02,"Доповідайте про свої справи, або забирайтесь під три чорти.",,
ship.chat.hail_req.neutral.rude.03,Хто ви в біса такі?,,
,,,
ship.chat.surrender_req.neutral.casual.01,Ми здаємося! Задоволені? Тепер ми вільні?,,
ship.chat.surrender_req.neutral.casual.02,"Оу, так-так! А... чи не могли б ми просто винести цю ситуацію на перемовини?",,
ship.chat.surrender_req.neutral.casual.03,"Таак, гаразд, тікі спокійно! Ви крутіші та потужніші - нема питань. Просто не руйнуйте остаточно наш корабель, добре?",,
ship.chat.surrender_req.neutral.polite.01,"Ми готові повністю підкоритися вам. Будь ласка, залишайтеся цивілізованими істотами.",,
ship.chat.surrender_req.neutral.polite.02,Це наше формальне прохання про мирне вирішення ситуації.,,
ship.chat.surrender_req.neutral.polite.03,Ми хочемо лише уникнути продовження конфлікту. Просимо лише милосердя.,,
ship.chat.surrender_req.neutral.rude.01,"Все-все, ви перемогли! Чи не могли б ми зберегти свої життя, та, можливо, деяку частину нашої гідності?",,
ship.chat.surrender_req.neutral.rude.02,"Шановні, дивіться - ми здаємося! Крім того, наша мета все одно жахлива.",,
ship.chat.surrender_req.neutral.rude.03,"Якщо ви нас залишите у живих - ми обіцяємо надалі грабувати будь-кого іншого, тількі не вас!",,
,,,
ship.chat.busy.casual.01,"Я приношу свої вибачення, але наразі я дещо зайнятий.",,
ship.chat.busy.casual.02,Я зараз трохи зайнятий.,,
ship.chat.busy.casual.03,"Вибачайте, але у мене забагато своїх справ.",,
ship.chat.busy.polite.01,"Просимо нас вибачити, на жаль наразі не маємо можливості відповісти.",,
ship.chat.busy.polite.02,Наразі капітан зайнятий. Будь ласка спробуйте звернутися пізніше.,,
ship.chat.busy.polite.03,"Повідомлення отримано, проте наразі ми не можемо відповісти.",,
ship.chat.busy.rude.01,"Гей, не бачите що я зайнятий?",,
ship.chat.busy.rude.02,Відваліть. Я зайнятий.,,
ship.chat.busy.rude.03,Будете діставати мене коли я зайнятий - відправлю Капсулу Зломщиків.,,
,,,
ship.chat.negative.casual.01,"Вибачаюсь, але я змушений відмовити.",,
ship.chat.negative.casual.02,"Я не маю такої можливості, приношу свої вибачення.",,
ship.chat.negative.casual.03,"Я змушений сказати ""ні"" цього разу.",,
ship.chat.negative.polite.01,Відповідь негативна.,,
ship.chat.negative.polite.02,Капітан не схвалив запит.,,
ship.chat.negative.polite.03,Ми не можемо це зробити.,,
ship.chat.negative.rude.01,"Дідько, ніт! Забирайтеся з моїх очей!",,
ship.chat.negative.rude.02,Ви мене розігруєте? Звісно ні!,,
ship.chat.negative.rude.03,Я ніколи на таке не погоджуся!,,
,,,
ship.chat.positive.casual.01,"Так, звісно - зробимо це!",,
ship.chat.positive.casual.02,"Так, будь-коли!",,
ship.chat.positive.casual.03,Звичайно!,,
ship.chat.positive.polite.01,Ваш запит схвалено.,,
ship.chat.positive.polite.02,Капітан дав згоду.,,
ship.chat.positive.polite.03,Відповідь позитивна.,,
ship.chat.positive.rude.01,"Гаразд, цього разу я згоден.",,
ship.chat.positive.rude.02,"Ясна річ - але не баріться там, поки я не змінив своєї думки.",,
ship.chat.positive.rude.03,"Хай буде, чому б і ні.",,
,,,
ship.chat.outlaw.casual.01,"Ви ж в курсі що існують такі собі обмеження та регламенти щодо встановленого спорядження на борту, вірно?",,
ship.chat.outlaw.casual.02,Ви взагалі правила хоч переглянули перед тим як оце все хазяйство встановлювати на судно?,,
ship.chat.outlaw.casual.03,"Не хочу бурчати та псувати всім настрій - але, на мою скромну думку, таке судно порушує низку правил.",,
ship.chat.outlaw.polite.01,"Будь ласка зауважте, що стан вашого судна порушує класові обмеження.",,
ship.chat.outlaw.polite.02,"Вибачаюся, але нам здається що спорядження вашого судна не відповідає вимогам певних регламентів.",,
ship.chat.outlaw.polite.03,Конфігурація вашого судна не відповідає стандартним настановам.,,
ship.chat.outlaw.rude.01,"Якого... Ваше спорядження... Ви жартуєте, мабуть?! Бо це - безсумнівно - є незаконним.",,
ship.chat.outlaw.rude.02,"Хмм, я бачив багато сумнівних суден. Контрабандисти, всіляки мутні типи. Будь-яке з них виглядало менш підозрілим чим оце ваше.",,
ship.chat.outlaw.rude.03,Це судно ви збирали десь по шахрайських розборках? Скажу прямо - воно не відповідає ніяким регламентам.,,
,,,
ship.chat.too.far.negative.casual.01,Емм. Невеличка халепа - прямо зараз наше судно не має можливості рухатися. Чи не могли б ви самі прилетіти до нас?,,
ship.chat.too.far.negative.casual.02,"Наше судно наразі у дрейфі, тож якщо у вас не має засобів для буксировки - вам буде необхідно підлетіти сюди.",,
ship.chat.too.far.negative.casual.03,"Вам таки буде необхідно самим прилетіти до нас - хіба що ви насправді очікуєте що ми будемо використовувати вітрила, або весла.",,
ship.chat.too.far.negative.polite.01,"Капітан зауважив що наразі навігація нашого судна неможлива. Будь ласка наблизьтеся до нашої локації, якщо у вас буде така можливість.",,
ship.chat.too.far.negative.polite.02,"Ми приносимо свої вибачення за можливі незручності, але ми наразі не маємо можливості керувати переміщенням свого судна. Будь ласка скорегуйте курс свого судна так, щоб ви змогли нас зустріти.",,
ship.chat.too.far.negative.polite.03,Наразі наше судно не має функціонуючих двигунів. Тож ми будемо дуже вдячні якщо ваше судно зможе підлетіти ближче до нашого.,,
ship.chat.too.far.negative.rude.01,"Наші бісові двигуни на відпочинку. Ви ж зробите нам ласку, і посунете свою посудину ближче, чи не так?",,
ship.chat.too.far.negative.rude.02,"А, ще одне. Наші двигуни схоже здохли. Якщо хочете бути пограбованими сьогодні - вам доведеться підлтіти поближче до нас.",,
ship.chat.too.far.negative.rude.03,"У нас не працюють двигуни, тож якщо ви самі не посунетесь до нас - ми оба лише втрачаємо свій час.",,
,,,
space.object.ShipHyperTrail,Слід Гіперстрибка,,
space.object.info.ShipHyperTrail,"Коли судно переміщується до Гіперпростору - у звичайному просторі залишається деякий феномен, який називають слідом. Такий слід поступово зникає із плином часу, і може вказати на напрямок переміщення судна.",,
ship.hypertrail.hot,"Судно перебуває у гіперпросторі, і ще не покинуло межі сектора.",,
objects.devices.shieldemitter,Еміттер Щита,,
objects.devices.shieldemitter.desc,"Створює енергетичне поле, що працює як бар'єр. Таке поле здатне поглинати або відхиляти снаряди як енергетичної, так і балістичної зброї невеликого калібру.",,
,,,
overlay.tip.ShipCombat,Бій Між Кораблями,,
objects.devices.shreddercannon,Гармата Шреддера,,
objects.devices.shreddercannon.desc,"Балістична зброя, що характеризується високою швидкострільністю та вистрілює снаряди із великою початковою швидкістю.",,
objects.devices.heavylaser,Важкий Лазер,,
objects.devices.heavylaser.desc,"Енергетична зброя високої потужності, що вистрілює когерентним електромагнітним променем.",,
research.shipcombat.pointdefense,Озброєння Точкового Захисту,,
research.shipcombat.weaponsballistic,Балістична Зброя,,
research.shipcombat.weaponslaser,Лазерна Зброя,,
research.shipcombat.weaponsmissile,Ракетна Зброя,,
objects.devices.rocketpod,Ракетна Установка,,
objects.devices.rocketpod.desc,"Пускова установка, що вистрілює ракети із бронебійними снарядами, призначеними для прицільного ураження броньованих цілей противника.",,
obj.materials.rocket,Ракета,,
obj.materials.rocket.desc,"Літальний апарат із реактивним двигуном, що містить потужну вибухівку та має бронебійні властивості.",,
objects.devices.interceptorturret,Протиракетна Турель,,
objects.devices.interceptorturret.desc,"Озброєння оборонного Точкового типу - перехоплює та знищує ракети, що наближаються до місця розташування турелі.",,
not.available.during.ship.combat,Недоступно впродовж бою між кораблями.,,
state.disabled,Відключено,,
state.windup,Завершення,,
state.no.ammo,Немає Зарядів,,
noun.weapon.type,Тип Зброї,,
weapon.type.balistic,Балістична,,
weapon.type.missile,Ракетна,,
weapon.type.laser,Лазерна,,
weapon.type.pointdefense,Точковий Захист,,
weapon.type.plasma,Плазменна,,
noun.hyperdrives,Гіперприводи,,plural of Hyperdrive
noun.ship.hull,Корпус Корабля,,
noun.weapon.settings,Налаштування Зброї,,
adj.default,Стандарт,,
adj.custom,Особливе,,
open.default.settings,Відкрити Стандартні Налаштування,,
weapon.mode.target,Наведення,,"how weapon selects a target (auto, manual, etc)"
weapon.mode.fire,Режим Вогню,,"how weapon shots (auto, manual, etc)"
autofire.flux.threshold,Поріг Флакса для Авто,,
autofire.flux.threshold.desc,Після кожного пострілу генерується певна кількість Флакса. Якщо загальна кількість Флакса сягне порогового значення - озброєння у режимі Авто припинить ведення вогню.,,
auto.target.priorities,Пріоритет Цілей для Авто,,
research.shipcombat.weaponsplasma,Плазменна Зброя,,
objects.devices.gaussstriker,Гармата Гаусса,,
objects.devices.gaussstriker.desc,"Енергетична плазменна зброя. Випромінює плазменні постріли, що рухаються дуже швидко, а при влучанні в ціль вивільняють багато енергії - тому здатні нанести значні ушкодження практично будь-якій цілі, або навіть повністю знищити її.",,
paste.config,Вставити Конфігурацію,,
noun.stats,Стани,,
stat.charge.time,Час Заряджання,,
stat.charge.time.weapons.desc,"Кількість часу, що витрачає зброя на перезарядку перед наступним пострілом.",,
stat.charge.time.desc,"Кількість часу, що витрачає пристрій на перезарядку перед наступним використанням.",,
stat.windup.time,Час Підготовки,,
stat.windup.time.desc,"Кількість часу, що витрачає пристрій на підготовку до використання після періоду неактивності.",,
ammo.capacity,Кількість Пострілів,,
stat.accuracy,Влучність,,
stat.shield.penetrate.chance,Шанс Пробити Щити,,
stat.shield.penetrate.chance.desc,Шанс пробити {0} при пострілі.,,{0} is Shields
stat.flux.per.shot.hard,Жорсткий Флакс За Один Постріл,,
stat.flux.per.shot.soft,М'який Флакс За Один Постріл,,
stat.flux.per.shot.desc,"Кількість показника {0}, що додається при пострілі цієї зброї.",,{0} is Hard Flux or Soft Flux
stat.flux.per.hit.hard,Жорсткий Флакс При Влучанні У Щити,,
stat.flux.per.hit.soft,М'який Флакс При Влучанні У Щити,,
stat.flux.per.hit.desc,"Кількість показника {0}, що додається при влучанні у {1}.",,"{0} is Hard Flux or Soft Flux, {1} is Shields"
targeted.by,Націлено,,
target.with.all.weapons,Націлити Всю Зброю,,
target.with.weapon,Націлити Зброю,,
current.target,Поточна Ціль,,
not.targeted,Не Націлено,,
noun.ship.weapon,Корабельна Зброя,,
noun.ship.weapons,Корабельна Зброя,,Plural of Ship Weapon
noun.combat.mode,Бойовий Режим,,
too.much.flux,Забагато Флакса,,
noun.thrusters,Маневрові Двигуни,,plural of Thruster - a small engine
noun.flux.vent.settings,Налаштування Скидання Флакса,,
auto.vent.flux,Авто Скид Флакса,,label for setting: automatically vent flux
tolerated.flux.hard,Верхній Поріг Жорсткого Флакса,,
tolerated.flux.hard.desc,"Розпочнеться процедура Скиду Флакса, якщо показник Жорсткого Флакса перевищить цю позначку.",,
tolerated.flux,Верхній Поріг Флакса,,
tolerated.flux.desc,"Розпочнеться процедура Скиду Флакса, якщо показник Флакса перевищить цю позначку.",,
auto.vent.flux.stop.hard,Нижній Поріг Жорстокого Флакса,,
auto.vent.flux.stop.hard.desc,"Процедура Скиду Флакса завершиться, якщо показник Жорсткого Флакса стане нижчим за цю позначку.",,
auto.vent.flux.stop.total,Нижній Поріг Флакса,,
auto.vent.flux.stop.total.desc,"Процедура Скиду Флакса завершиться, якщо показник Флакса стане нижчим за цю позначку.",,
value.too.low,Занизьке,,warning label when a numeric value is too low
toggle.compact.ui,Змінити Вигляд ІК,,
noun.class.points,Очки Класу,,device points for ship class
class.points.desc,"Для кожного класу суден на законодавчому рівні регламентовано максимально допустиму кількість Очок Класу. За кожен екземпляр встановлених на борту судна пристроів військового або подвійного призначення (зброї, щитів, маневрових двигунів тощо) нараховується певна кількість Очок. Перевищення максимально допустимої кількості Очок Класу буде класифіковано як порушення регламенту, і потягне за собою негативні наслідки.",,
class.points.exceeded.player,Перевищено максимально допустиму кількість Очок Класу для нашого Корабля! Таке порушення призведе до негативних наслідків.,,
class.points.exceeded.npc,Конфігурація корабля перевищує регламентовану кількість Очок Класу.,,
class.points.exceeded.info,Макс. допустима кількість для {0}: {1}. Поточна кількість: {2}.,,"{0} is ship class name, {1} and {2} are numbers"
ship.class.base.evade,Базове Ухилення,,
ship.evade.thruster.bonus,Бонус Маневрового Двигуна,,
ship.violates.class.limit,Корабель порушує регламент Класового Обмеження,,
noun.ship.class.limit,Класове Обмеження Корабля,,
ship.class.limit.future.violation.tip,Монтаж цього пристрою призведе до перевищення регламентованої кількості Очок Класу!,,
trade.refused,Відмова у Торгівлі,,when player wants to trade but the trader doesn't like the player
noun.law.enforcement,Правоохоронні Органи,,
noun.law.enforcement.officer,Офіцер Правоохоронних Органів,,
noun.outlaw,Порушник,,as in someone who is hunted by the police
state.in.combat,У Бою,,
ev.pirate.attack.title,Наближається Піратське Судно,,
ev.pirate.attack.desc,Увага! До нашого Корабля наближається піратське судно.,,
ev.police.raid.title,Рейд Правоохоронних Органів,,
ev.police.raid.desc,Увага! До нашого Корабля наближається судно із Офіцером Правоохоронних Органів.,,
choose.ship.class,Оберіть Сумісний Клас Судна,,
incompatible.ship.class.tip,"Теперешній клас нашого Корабля - {0}, проте наразі наша конфігурація виходить за межі регламенту для цього класу. Необхідно обрати інший Клас Судна.",,
select.this.ship.class,Обрати Цей Клас Судна,,
adj.incompatible,Несумісне,,for example when ship class is incompatible with your ship configuration. adjective. button label so should be short.
noun.derelict,Покинуте,,
quest.MakeShipCombatReady,Підготувати Корабель До Бою,,
quest.MakeShipCombatReady.desc,"Хочете жити спокійно - готуйтесь до можливого бойового зіткнення із ворожими кораблями. Наявність на борту озброєння та щитів, їхня готовність до застосування - нададуть нам певний шанс успішно здолати вірогідний напад.",,
quest.MakeShipCombatReady.shredder.cannon.tip,"Декілька Гармат Шреддера забезпечать достатню вогневу міць для впевненого бойового протистояння із невеликими кораблями, або випадковими метеороїдами.",,
quest.MakeShipCombatReady.shield.emitter.tip,Для повнофункціонального використання щитів необхідно змонтувати принаймні один Емітер Щита. Не варто сподіватися на успіх у бою без використання щитів - навіть легкоозброєний супротивник здатен нанести достатньо тяжкі ушкодження.,,
noun.ship.combat,Бій Між Кораблями,,
noun.minimum,Мінімум,,
pronoun.any,Будь-Який,,Example: Ship size: Any
noun.base.capacity,Базова Кількість,,base flux capacity
noun.class.bonus,Бонус Класу,,ship class bonus
noun.size.bonus,Бонус Розміру,,ship size bonus
noun.capacitor.bonus,Бонус Ємкості,,bonus from flux capacitors
noun.flux.bonus,Бонус Флакса,,
noun.flux.capacitor,Накопичувач Флакса,,a device that increases flux capacity
noun.flux.capacitor.desc,Збільшує максимально допустиму кількість Флакса на борту.,,
noun.flux.capacitors,Накопичувачі Флакса,,plural of flux capacitor
research.spacetravel.warpdrive,Ворп-Двигун,,
research.spacetravel.warpdrivealien,Інопланетний Ворп-Двигун,,
objects.devices.warpdrive,Ворп-Двигун Обрій,,
objects.devices.warpdrive.desc,"Дозволяє виконувати Довгі Гіперстрибки до будь-якого регіону, незважаючи на відстань.",2026-07-15,
objects.devices.warpdrivemini,Ворп-Двигун Коник,,
objects.devices.warpdrivemini.desc,Дозволяє виконувати Короткі Гіперстрибки у межах поточного регіону.,2026-07-15,
ship.combat.ongoing,Відбувається Бій Між Кораблями,,
ship.combat.ended,Бій Між Кораблями Завершено,,
warps.available,Доступна Технологія Ворп,,warp is like a hyperjump but between distant places in space
tut.ship.combat.desc,Під час цього навчального етапу буде надано інформацію про механіку корабельних боїв.,,"This tutorial uses a codex linking system, that's why lots of terms are set as variables, the game replaces them with links to codex"
tut.ship.combat.intro,"Під час цього навчального етапу ви навчитесь застосовувати системи захисту та озброєння на борту свого Корабля як для успішного вдібиття атаки ворожого судна, так і для нанесення ушкоджень іншому судну.",,
tut.ship.combat.step.class.1,"Для кожного космічного судна встановлено певний {0}, який визначає дозволену конфігурацію встановлених на борту систем захисту та озброєння.",,"{0} will be ""Ship Class"" with link to codex"
tut.ship.combat.step.class.2,Якщо ваш корабель більше не відповідає вимогам регламенту для свого Класу - вам належить обрати для нього новий {0}.,,"{0} will be ""Ship Class"" with link to codex"
tut.ship.combat.step.class.points.1,"Для обчислення ліміту кількості захисного та бойового обладнання на борту використовуються {0}. Зазвичай {0} розподіляються пропорційно до розміру судна - більші за розміром судна відносять до старших Класів, і можуть використовувати більшу кількість Очок.",,"{0} will be ""Class Points"" with link to codex"
tut.ship.combat.step.class.points.2,"За кожний <b>пристрій на борту</b>, що може бути застосовано як захист або зброю під час бойового зіткнення, нараховуються {0}.",,"{0} will be ""Class Points"""
tut.ship.combat.step.class.points.3,"Після обліку всіх захисних та збройних пристроїв на борту, нараховані {0} підсумовуються. Сума перевіряється на відповідність регламенту - кожен {1} має максимально допустиму кількість Очок Класу, перебільшення вважатиметься порушенням, і, як наслідок, таке судно отримає статус {2}.",,"{0} will be ""Class Points"", {1} will be ""Ship Class"", {2} is ""Outlaw"""
tut.ship.combat.step.class.points.5,При порушенні обмеження на {0} буде відображено відповідне повідомлення.,,"{0} is ""Class Points"""
tut.ship.combat.step.class.points.6,"Якщо судно перебуває у статусі {0} - це матиме певні неприємні наслідки. Більшість комерсантів будуть ухилятися від торгівлі с таким судном, а {1} намагатимуться всіляко перешкоджати пересуванню та будь-який інший активності.",,"{0} is ""Outlaw"", {1} is ""Law Enforcement"""
tut.ship.combat.step.devices.title,Пристрої Озброєння та Захисту.,,
tut.ship.combat.step.devices.1,"Розглянемо деякі пристрої, що можуть бути задіяні у бою.",,
tut.ship.combat.step.devices.shield.1,{0} є найбільш важливим захисним інструментом у вашому розпорядженні. Для повноцінного функціонування Щитів необхідно змонтувати принаймні один екземпляр пристрою {1}.,,"{0} will be Shields, {1} is Shield Emitter"
tut.ship.combat.step.devices.shield.2,"{0} здатні уберегти певну область простору від контакту із рухомими об'єктами. {0} поглинають кінетичний урон при контакті, генеруючи {1} у певній кількості.",,"{0} will be Shields, {1} is Hard Flux"
tut.ship.combat.step.devices.capacitor.1,{0} надають можливість збільшити кількість накопиченого Флакса - відповідно {1} можуть поглинати більше атак. {2} та його механіки будуть пояснені більш детально пізніше.,,"{0} is Flux Capacitors, {1} is shields, {2} is Flux"
tut.ship.combat.step.devices.engines.1,"Кожен функціонуючий  {0} на борту збільшує параметр {1} - і ваш Корабель стає більш складною ціллю. Взагалі, {1} залежить від декількох факторів - таких як {2} та його розмір - і обмежений значенням {3}.",,"{0} is Thruster, {1} is Evade, {2} is Ship Class, {3} is percentage like 50%"
tut.ship.combat.step.devices.engines.2,"{0} мають накопичити додатковий заряд для виконання Гіперстрибка, якщо Корабель перебуває у бою.",,{0} is Hyperdrives
tut.ship.combat.step.devices.weapons.1,"{0} буває різних видів, і для кожного виду зброї властиві сильні та слабки сторони.",,{0} is Ship Weapon
tut.ship.combat.step.devices.weapons.ballistic.1,"{0} - збройні системи невеликого калібру, зазвичай {1} успішно блокують снаряди такої зброї. Під час блокування снарядів {1} генерують {2}. Але якщо на борту атакованого судна немає функціонуючих Щитів - така зброя здатна нанести значні ушкодження.",,"{0} is Ballistic Weapons, {1} is Shields, {2} is Hard Flux"
tut.ship.combat.step.devices.weapons.ballistic.2,"{0} є ефективним засобом проти повільних рухомих об'єктів, таких як {1}.",,"{0} is Ballistic Weapons, {1} is Meteoroid"
tut.ship.combat.step.devices.weapons.laser.1,"{0} більш потужна ніж {1} - проте її швидкострільність менша, бо цей тип зброї потребує додаткового часу на перезаряджання.",,"{0} is Laser Weapons, {1} is Ballistic Weapons"
tut.ship.combat.step.devices.weapons.missile.1,"{0} надзвичайно небезпечна - бо {1} нездатні блокувати ракетні боєприпаси, і самі по собі ракети здатні нанести значні ушкодження. Головна вада такої зброї - необхідність виробляти, або закуповувати коштовні боєприпаси.",,"{0} is Missile Weapons, {1} is Shields."
tut.ship.combat.step.devices.weapons.point.defense.1,"Система {0} не призначена для атаки інших суден, її розроблено для перехоплення та знищення боєприпасів типу {1}. Крім того вона ефективно застосовується проти інших рухомих об'єктів, таких як {2}.",,"{0} is Point Defense, {1} is Missile Weapons, {2} is Breach Capsule"
tut.ship.combat.step.devices.weapons.plasma.1,"{0} - найпотужніше озброєння, влучання пострілу якого може перевантажити захисні системи типу {1}, та нанести дуже тяжкі ушкодження.",,"{0} is Plasma Weapons, {1} is Shields"
tut.ship.combat.step.flux.types.1,{0} буває двох типів:,,{0} is Flux
tut.ship.combat.step.flux.types.2,"{0} - утворюється системами озброєння при кожному пострілі. Такий різновид Флакса автоматично, без нашого втручання, потроху викидається, і через деякий час повністю зникає.",,{0} is Soft Flux
tut.ship.combat.step.flux.types.3,"{0} - утворюється захисними системами типу {1} при при кожному успішному блокуванні ворожого снаряду. Такий різновид Флакса не викидається сам по собі, натомість постійно накопичується на борту.",,{0} is Hard Flux. {1} is Shields
tut.ship.combat.step.flux.types.4,{0} також утворюється від пострілів збройних систем певних типів. Знайти більше деталей можна переглянувши статистичну інформацію збройних систем.,,{0} - Hard Flux
tut.ship.combat.step.flux.capacity.1,"{0}  - це сумарна кількість обох видів Флакса, {1} + {2}. А максимально допустима кількість Флакса на борту Корабля визначається параметром {3}.",,"{0} - Accumulated Flux, {1} - Hard Flux, {2} - Soft Flux. {3} - Flux Capacity"
tut.ship.combat.step.flux.capacity.2,Отримати детальну інформацію про складові розрахунку {1} можна якщо навести курсор на елемент ІК {0}.,,"{0} - Flux, {1} - Flux Capacity"
tut.ship.combat.step.flux.capacity.3,"Збільшити {2} можна двома способами -  або змінити {0}, або змонтувати додаткові пристрої {1}.",,"{0} - Ship Class. {1} - Flux Capacitors, {2} - Flux Capacity"
tut.ship.combat.step.flux.overload.1,Ситуація коли {0} перевищує кількість {1} для судна називається {2}.,,"{0} - Accumulated Flux, {1} - Flux Capacity, {2} - Flux Overload."
tut.ship.combat.step.flux.overload.2,"Настання {0} автоматично та невідворотно активує екстрену процедуру викиду - захисні системи типу {1} відключаються, тому не зможуть перешкоджати ворожим снарядам; а також буде розпочато процедуру примусового викиду {2}а - до повного звільнення від всього об'єму, що накопичився на борту.",,"{0} - Flux Overload, {1} - Shields, {2} - Flux"
tut.ship.combat.step.config.2,"Це параметри <b>Конфігурації Корабля</b>. Тут можна змінити {0}, налаштувати параметри {1}а, та змінити параметри автоматичного призначення цілей для збройних систем.",,"{0} - ship class, {1} - Flux"
law.enforcement.desc,"Більшість фракцій має певні структури влади, для силової підтримки якої призначаються <b>Офіцери Правоохоронних Органів</b>, яким надаються ті чи інші повноваження та засоби, достатні для впровадження та захисту законності та порядку. Якщо корабель перебуває у статусі {0} - такі Офіцери зазвичай намагатимуться його відстежити та блокувати. А якщо ви не {0} - тобто не намагаєтесь обійти закон та граєте за правилами - зазвичай не варто напружуватися та перейматися.",,{0} is Outlaw
noun.weapon.class.points,Очки Класу Зброї,,
noun.offensiveness,Загрозливість,,
noun.offensiveness.allowed,Дозволена Загрозливість,,
noun.offensiveness.current,Актуальна Загрозливість,,
compatible.ship.classes,Сумісні Класи Судна,,
compatible.factions,Сумісні Фракції,,
obj.ammo.interceptordart,Ракети-Перехоплювачі,,"Plural, because it's a stack of several darts"
obj.ammo.interceptordart.desc,"Ракетна оборонна зброя. Компактна ракета із самонаведенням на ціль, призначена для використання на малих дистанціях, здатна перехопити та вразити рухому ціль із високою точністю.",,
obj.ammo.missile,Ракета,,
obj.ammo.missile.desc,"Ракетна наступальна зброя. Здатна легко проникати крізь Щити, бойова частина оснащена потужним вибуховим зарядом. При успішному влучанні у ціль наносить дуже тяжкі ушкодження.",,
find.resource,Знайти {0},,"{0} is resource name, like ""Dark Matter"""
unlock.scanning.tip,У нас нестача матеріалу {0}. Спробуйте розблокувати технологію {1} - це надасть можливість сканувати космічні об'єкти у пошуках конкретного матеріалу. Після цього у ІК {3} скористайтеся функцією {2} щоб визначити місцезнаходження покладів необхідного матеріалу. ,,"{0} is resource name, like ""Dark Matter"", {1} is research technology name, {2} is Scanning, {3} is Starmap"
warped.to.location,Ворп до {0},,"{0} is location name. Warped to as in ""teleported to"" in space"
scan.strength.limit.tip,"Ефективність {0} наразі становить {1}, але максимум обмежено значенням у {2}. Додаткові пристрої для сканування не поліпшать ефективності.",,"{0} is Scan Strength, {1} and {2} is a number"
noun.scan.strength,Ефективність Сканування,,
ship.entered.sector,Судно увійшло до цього Сектора,,Notification about another ship hyperjumping into player's location
ship.left.sector,Судно покинуло цей Сектор,,Notification about another ship hyperjumping away from player's location
ship.destroyed,Судно знищено,,
obj.upgrades.winchrangeupgrade,Апгрейд Дистанції Лебідки,,
obj.upgrades.winchrangeupgrade.desc,"Значно збільшує робочу дистанцію між Гаком та Лебідкою, дозволяючи виконувати стягування сегментів на величезних відстанях.",,
waiting.for.operator,Очікує Оператора,,waiting for someone to operate the device
no.worker.capable,Відсутні придатні до виконання цього завдання Працівники або Колоністи.,,
noun.operator.bonus,Бонус Оператора,,"when someone is communicating with another ship, operator with good social skills can give bonus in negotiation outcomes. This will be displayed as: Operator Bonus: +15%"
noun.risk,Ризик,,Will display something like Risk: 20%
deep.scan.not.found,На цій локації неможливо знайти додаткові поклади ресурсів.,,
adj.done,Виконано,,"as in ""the job is done"""
auto.rebuild.priority,Пріоритет Авто Відновлення,,
auto.rebuild.priority.tip,"Якщо ця технологія досліджена та розблокована, при знищенні певного об'єкта чи пристрою буде автоматично створено завдання по його повторному монтажу. Цей параметр встановлює пріоритет для таких автоматично створюваних завдань.",,
auto.repair.priority,Пріоритет Авто Ремонту,,
auto.repair.priority.tip,"Якщо технологія {0} досліджена та розблокована, при пошкодженні певного об'єкта чи пристрою буде автоматично створено завдання по його ремонту. Цей параметр встановлює пріоритет для таких автоматично створюваних завдань.",,{0} is Auto Repair
body.part.procedure.priority,Пріоритет Процедур із Частинами Тіла,,
body.part.procedure.priority.tip,Змінює усталений пріоритет для завдань із вилучення та встановлення частин тіла.,,
upgrade.available,Доступний Апгрейд,,
ship.class.upgrade.available.desc,"Конфігурацію Корабля змінено, і щоб запобігти порушенню регламенту варто підвищити {0}. Змінити {0} можна у оверлеї {1} > {2}.",,"{0} is Ship Class, {1} is Ship Config. {2} is Upgrade Ship Class"
noun.return.beacon,Маркерний Буй,,
noun.return.beacon.desc,"Автономний пристрій, що використовується як мітка у космічному просторі. За допомогою таких міток можна, наприклад, створити маршрути для переміщень у космосі.",,
object.deployed,{0} встановлено,,{0} is object name
object.already.exists,{0} вже встановлено,,{0} is object name (like Return Beacon)
noun.return.beacons,Маркерні Буї,,plural of Return Beacon
overlay.tip.Notes,Нотатки,,
tut.basic.controls.step.overlay.notes,"У цьому нотатнику можна зберігати різні записи, інформацію тощо.",,
structure.floors.floorwood01,Дерев'яна Підлога,,
structure.floors.floorwood01.desc,"Це стандартний елемент підлоги, декорований дерев'яними панелями.",,
bodypart.Implant.FirewallChip,Мікрочип Фаєрвол,,
bodypart.Implant.FirewallChip.desc,"Мікрочип із додатковим функціоналом, здатний перешкоджати несанкціонованому втручанню в роботу інформаційної системи. А також поліпшує опірність до енергетичних атак.",,
crawler.combat.alert,Попередження про Атаку Краулерів,,
crawler.combat.alert.desc,"Якщо цю опцію вимкнено - бойові дії проти Краулерів проходитимуть без додаткових повідомлень, або зміни музикального супроводу.",,
universe.seed,Початкові Дані Всесвіту,,"Seed is a random number used as a starting point to generate something, in this case a universe"
skip.colonist.choice,Пропускати Вибір Колоніста,,
skip.colonist.choice.desc,"Вибір колоніста під час наступного пробудження від кріо-сну відбудеться випадковим чином, і не потребуватиме вашої безпосередньої участі.",,
drag.to.resize,Перетягніть щоб змінити розмір,,tooltip for the UI resize handle button
menu.lights,Світло,,label for build menu containing lights
menu.lights.desc,Джерела світла,,
situation.ShipSize,Розмір Корабля,,
situation.ShipClassPoints,Очки Класу Корабля,,
situation.CombatStrength,Бойова Міць,,
situation.NumShipCombats,Бойові Зіткнення між Кораблями,,
telemetry.tip,"Відповідно до нашого законного інтересу ми збираємо дані про ігровий процес, щоби покращити продуктивність гри та поліпшити ваші враження.",,
telemetry,Телеметрія,,noun
share.telemetry,Дозволити ігрову телеметрію,,label for a checkbox that enables telemetry sharing
direct.control.combat.tip,"За допомогою {0} можна призначити певних істот для участі у бойовому зіткненні, і водночас повністю виключити для них можливість приймати та виконувати завдання інших типів.",,{0} is the button name (either Direct Control or Control)
ev.photon.storm,Фотонний Шторм,,
ev.photon.storm.desc,"Нешкідливе природне явище, одним із наслідків якого є збільшення ефективності генерації електрики Сонячними Панелями.",,
event.ended,Завершено: {0},,"{0} will be event name, for example Ended: Photon Storm"
event.ongoing,Відбувається: {0},,"{0} will be event name, for example Ongoing: Photon Storm"
noun.employee.otm,Працівник Місяця,,Awared to the hardest worker every month
noun.license.fee,Ліцензійна Плата,,label for price of buying some license
noun.requirement,Вимога,,"usage example: ""Requirement: <some condition>"""
noun.requirements,Вимоги,,plural of requirement
must.own,Необхідно Володіти,,a label for requirement to own something
verb.copy,Копіювати,,
verb.paste,Вставити,,
adj.identical,Ідентичне,,when two items are identical
opinion.good,Добрий,,as in opinion about someone: good (START OF v0.14 translations)
opinion.bad,Поганий,,as in opinion about someone: bad
verb.hates,Ненависть,,toward another person
noun.attraction,Привабливість,,sexual attraction
noun.friend,Друг,,
noun.lover,Коханець,,
noun.friendship,Дружність,,as in friendship level (will be expressed as percentage)
noun.party,Гулянка,,as in birthday party
noun.party.custom,Гулянка із приводу {0}!,,"{0} will be something like Birthday or Wedding, or even Birthday / Wedding"
party.desc,{0} влаштовують гульбан!,,{0} will be replaced by a comma separated list of names
party.custom.desc,{0} влаштовують гулянку із приводу {1}!,,"{0} will be replaced by a comma separated list of names, {1} will be Birthday or Wedding or Birthday / Wedding"
noun.birthday,День Народження,,
noun.wedding,Весілля,,
list.and,{0} та {1},,"Used for listing names. {0} will be list of comma separated names, {1} will be the last name. Example: ""Jack, Jill and James"". Will be combined with translation above to make something like ""Jack, Jill and James are throwing a party"""
flag.Biological,Біологічне,,
flag.Humanoid,Гуманоїд,,
flag.Robotic,Механічне,,
flag.Wild,Дике,,
flag.Pet,Домашнє,,
flag.Animal,Тварина,,
ability.DumbLabor,Некваліфікована Праця,,
ability.SkilledLabor,Кваліфікована Праця,,
ability.Intelligence,Інтелектуальна Праця,,
bodypart.Core.DumbCore,Некваліфіковане Ядро,,
bodypart.Core.LiteCore,Базове Ядро,,
bodypart.Core.DumbCore.desc,"Чіп-носій, що містить спеціальну інформацію Механічної Істоти. Інформація забезпечить виконання лише найпростіших, некваліфікованих завдань.",,
bodypart.Core.LiteCore.desc,"Чіп-носій, що містить спеціальну інформацію Механічної Істоти. Інформація забезпечить виконання простих завдань.",,
modifier.NoDrama,Відключено Драматизм,,
modifier.NoDrama.desc,"Якщо увімкнено - будуть відсутні як більшість соціальної взаємодії між членами команди, так і драматичні події на борту. ",,
adj.positive,Позитивне,,"Adjective, as in ""positive opinion"""
adj.negative,Негативне,,"Adjective, as in ""negative opinion"""
noun.good.karma,Файна Карма,,
noun.bad.karma,Погана Карма,,
opinion.about,Відношення до {0},,{0} will be person's name
noun.social.affinity,Соціальна Спорідненість,,described in noun.social.affinity.desc (translation below)
noun.social.affinity.desc,Однобічне почуття симпатії або прив'язаності до іншої персони,,
developing.love,Все більше закохується,,"as in ""Jack is developing love toward Jane"""
developing.friendship,Все більше здружується,,"as in ""Jack is developing friendship toward Jane"""
developing.hate,Все більше ненавидить,,"as in ""Jack is developing hate toward Jane"""
strength.love,Показник любові,,
strength.friendship,Показник дружби,,
strength.hate,Показник ненависті,,
status.friends,Друзі,,"as in ""Jack and Jane are friends"""
status.nemesis,Ворогом,,"as in ""Jack considers Jane a nemesis"" (arch-enemy)"
status.crush,Закоханий,,"as in ""Jack has a crush for Jane"""
status.lovers,Коханці,,"as in ""Jack and Jane are lovers"""
status.spouse,Подружжя,,"as in ""Jack is Jane's spouse"" (married)"
status.master,Власник,,Master of a pet or slave
interactions.with,Взаємодія із {0},,{0} will be person's name
status.unfamiliar,Незнайомий,,"as in ""Jack is unfamiliar with Jane"""
status.acquaintance,Знайомим,,"as in ""Jack considers Jane an acquaintance"""
relationship.strength.0,Найслабкіші,,
relationship.strength.1,Слабкі,,
relationship.strength.2,Посередні,,
relationship.strength.3,Міцні,,
relationship.strength.4,Грунтовні,,
time.spent.together,Проведено часу разом,,label for time counter for two beings spending time together
noun.social.interactions,Соціальна Взаємодія,,label for a list of social interactions that happened between people
interaction.danced.with,{0} та {1} танцювали разом,,{0} and {1} will be names of people who danced together at a jukebox
status.lovers.announce,{0} та {1} стали коханцями!,,{0} and {1} are names
status.friends.announce,{0} та {1} стали друзями!,,
status.pet.announce,{0} став улюбленцем {1}!,,
status.nemesis.announce,{0} оголошено {1} про помсту!,,
status.spouse.announce,{0} та {1} побралися!,,
date.with,Зустрічається із {0},,{0} is other being name. date as in romantic meeting.
verb.dating,Зустрічатися,,"as in ""going out on a date"""
noun.date,Побачення,,romantic date between two people (or pets)
date.desc,{0} та {1} призначили побачення!,,{0} and {1} are names
date.cut.short,{0} перервав побачення,,{0} is name. this is used when someone leaves their date in the middle of dating
noun.libido,Лібідо,,Libido refers to an individual's sex drive or sexual desire
date.outcome.good,Успішне побачення із {0},,{0} is name. date - romantic date.
date.outcome.bad,Невдале побачення із {0},,{0} is name. date - romantic date.
date.good.desc,{0} та {1} сходили на побачення і чудово провели час,,{0} and {1} are names
date.bad.desc,{0} та {1} сходили на побачення і це була катастрофа,,{0} and {1} are names
date.good.title,Файне побачення,,
date.bad.title,Жахливе побачення,,
chatting.with,Розмовляє із {0},,{0} is a name
bodypart.Implant.ConversationModule,Розмовний Модуль,,
bodypart.Implant.ConversationModule.desc,Цей модуль надає можливість синтезу мовлення та сприйняття мовлення на слух. Пристрій не буде корисним якщо розум істоти нездатний до використання слів та мовлення.,,
ability.Vocalize,Видавання Звуків,,ability to speak or emit sounds (for animals)
ability.Hear,Сприйняття Звуків,,ability to hear sounds
social.chat.good,Приємне спілкування,,
social.chat.bad,Суперечка,,
social.chat.good.desc,{0} та {1} приємно поспілкувалися,,{0} and {1} are names
social.chat.bad.desc,між {0} та {1} сталася суперечка,,{0} and {1} are names
social.chat.meal.good,Чудово пообідали,,
social.chat.meal.bad,Суперечка за обідом,,
social.chat.meal.good.desc,{0} та {1} разом сходили поїсти та приємно провели час,,{0} and {1} are names
social.chat.meal.bad.desc,{0} та {1} посварилися через їжу,,{0} and {1} are names
social.chat.drink.good,Сходили разом випити ,,
social.chat.drink.bad,Суперечка через напій,,
social.chat.drink.good.desc,{0} та {1} прекрасно провели час із гарними напоями,,{0} and {1} are names
social.chat.drink.bad.desc,{0} та {1} дещо погризлися через напої,,{0} and {1} are names
something.happened.with.name,із {0},,"{0} is name. example use: ""Had an argument (with John)"""
social.chat.workout.good,Сходили разом на тренажери,,
social.chat.workout.bad,Суперечка на тренажерах,,
social.chat.workout.good.desc,{0} та {1} прекрасно провели час разом на тренажерах,,{0} and {1} are names
social.chat.workout.bad.desc,у {0} та {1} виникла суперечка під час роботи на тренажерах,,{0} and {1} are names
social.chat.gaming.good,Файно пограли,,
social.chat.gaming.bad,Суперечка під час гри,,
social.chat.gaming.good.desc,{0} та {1} весело провели час разом за іграми,,{0} and {1} are names
social.chat.gaming.bad.desc,у {0} та {1} виникла суперечка під час гри,,{0} and {1} are names
social.chat.dance.good,Весело потанцювали,,
social.chat.dance.bad,Незграбно потанцювали,,
social.chat.dance.good.desc,{0} та {1} чудово та весело потанцювали,,{0} and {1} are names
social.chat.dance.bad.desc,"{0} та {1} потанцювали, але не надто приємно",,{0} and {1} are names
social.exp.saved.falling.title,Порятунок від небезпеки,,
social.exp.saved.falling.desc,Під час експедиції {0} вдалося врятувати {1} від падіння у глибоку шахту.,,{0} and {1} are names
social.exp.fist.fight.title,Бійка на борту Шатла,,
social.exp.fist.fight.desc,Під час експедиції сталася бійка між {0} та {1}.,,{0} and {1} are names
social.exp.mining.bond.title,Зміцнення зв'язку,,
social.exp.mining.bond.desc,"Перебуваючи разом у експедиції, та працючи пліч-о-пліч, {0} та {1} зміцнили свої дружні відносини.",,{0} and {1} are names
social.exp.mining.loot.title,Знайшли цінну здобич,,
social.exp.mining.loot.desc,Під час перебування у експедиції {0} та {1} знайшли дещо цінне.,,{0} and {1} are names
pranking.someone,Розіграли {0},,{0} is the name of the prank target
prank.desc,{0} влаштував розіграш із {1},,{0} and {1} are names
prank.outcome.good,"Хоч {1} і опинився жертвою розіграшу, влаштованого {0} - сам повеселився не менше за всіх.",,{0} and {1} are names
prank.outcome.bad,{0} влаштував розіграш із {1} - і це було сприйнято жертвою розіграшу доволі негативно,,{0} and {1} are names
verb.pranking,Розігрує,,
got.pranked.by,Став жертвою розіграшу з боку {0},,{0} is name
pranked.someone,Влаштував розіграш із {0},,{0} is name
made.love.with,Кохався із {0},,{0} is name
make.love.good.desc,"{0} та {1} займалися коханням, і це їх ще більше зблизило",,{0} and {1} are names
make.love.bad.desc,"{0} та {1} займалися коханням, але щось пішло не так, і це вплинуло негативно на їхні відносини",,{0} and {1} are names
make.love.title,Близкість між закоханими,,
make.love.desc,Спалах пристрасті між {0} та {1}!,,{0} and {1} are names
make.love.with,Кохається із {0},,{0} is name
verb.making.love,Кохається ,,
act.stabbed.kitchen.knife,{0} вдарив {1} кухонним ножем,,{0} and {1} are names
act.stabbed.fork,{0} вколов виделкою {1} ,,{0} and {1} are names
act.stabbed.pencil,{0} штрикнув {1} олівцем,,{0} and {1} are names
act.stabbed.scissors,{0} штрикнув {1} ножицями,,{0} and {1} are names
noun.stabbing,Колота рана,,
stabbed.someone,{0} поранено гострим предметом,,{0} is name
stabbed.by.someone,{0} нанес поранення гострим предметом,,{0} is name
act.stalking.someone,Переслідування {0},,{0} is name
stalking.title,{0} переслідував {1},,{0} and {1} are names
stalking.outcome.caught.liked,"{0} було викрито під час переслідування {1}, проте {1} не переймався ",,{0} and {1} are names
stalking.outcome.caught.hated,"{0} було викрито під час переслідування {1}, і {1} це не сподобалося",,{0} and {1} are names
stalking.outcome.not.caught,{0} переслідував {1} і залишився непоміченим,,{0} and {1} are names
noun.stalking,Переслідування,,a fact of stalking happening (noun)
verb.stalking,Переслідувати,,a verb
stalked.someone,Переслідує {0},,{0} is name
stalking.got.caught,Викрито під час переслідування,,
stalking.caught.stalker,Викрито як переслідувача,,
trait.stalker,Переслідувач,,
ashes.of,Прах {0},,"{0} is name, ashes as in ashes after cremating a dead person"
obj.materials.ashes,Прах,,
obj.materials.ashes.desc,"Легкий пилоподібний сірий порох, що залишається після кремації органіки.",,
objects.furniture.urn,Урна,,
objects.furniture.urn.desc,Контейнер для зберігання праху після кремації тіла.,,
act.mourning.someone,Жалоба за {0},,{0} is name of a dead being (human or pet).
verb.mourning,Жалоба,,mourning a dead being
mourned.someone,Жалоба за {0},,{0} is name
ev.mourned.title,{0} у жалобі за {1},,{0} and {1} are names
ev.mourned.fail.desc,{0} не вдалося відвідати церемонію прощання із {1},,{0} and {1} are names
ev.mourned.ok.desc,{0} взято участь у церемонії прощання із {1},,{0} and {1} are names
objects.devices.arcadecabinet,Аркадний ігровий автомат,,
objects.devices.arcadecabinet.desc,"Обладнання для запуску ігор, що містить екран та засоби керування діями ігрового персонажа. Потребує внесення певної суми для початку гри.",,
act.gaming,Відеоігри,,
played.video.game,Грав у відеоігри,,
act.having.fun,Розважається,,
played.video.game.with,{0} та {1} пограли у відеоігри,,{0} and {1} are names
evt.organ.failure.title,Відмова органа,,
evt.organ.failure.desc,{0} перебуває у стані відмови {1},,"{0} is name, {1} is organ name. ex: John suffered a heart failure"
evt.component.failure.title,Відмова компонента,,
evt.component.failure.desc,{0} перебуває у стані відмови {1},,"{0} is name, {1} is component name. ex: Robot sustained a battery component failure"
menu.entertainment,Розваги,,"noun, must be short"
menu.entertainment.desc,Пристрої для розваг та відпочинку,,
verb.forget,Забути,,"as in ""forget this ever happened"" or ""forget john"""
no.burial.ceremony,Без поховальної церемонії,,
no.burial.ceremony.tip,Останки {0} залишились без уваги та належної пошани,,{0} is name
forget.ashes.tip,Залишені без уваги та відповідних поховальних церемоній останки померлої істоти будуть використані як будь-яка інша органічна сировина.,,
colonist.upset.warning,Це може засмутити колоністів,,
death.euthanized.by,Евтаназія за допомогою {0},,{0} is name
death.blood.loss,Втрачено забагато крові,,
death.combat.raiders,Загибель у бою проти рейдерів із фракції {0},,{0} is name
time.of.death,Час смерті,,
death.crawlers.burst,"Загибель від {0} краулерів,які вирвалися із тіла",,"{0} is number, greater than 1"
verb.hacking,Хакінг,,
death.abandoned.in.space,Залишено на смерть у відкритому космосі,,
death.disposed.at,Утилізовано у пристрої {0} за участі {1},,"{0} is the device name, {1} is name of the person who disposed. Example: Disposed of at the Nutrient Extractor by John"
inflicted.by,Спричинено {0},,{0} is name. This is for labeling who inflicted a wound.
death.by.body.part.removal.bio,Орган вилучено за участі {0} (вилучено {1}),,"{0} is name, {1} is organ name (for humans)"
death.by.body.part.removal.robo,Компонент вилучено за участі {0} (вилучено {1}),,"{0} is name, {1} is part name (for robots)"
death.fatal.attack,{0} нанесено летальне ушкодження {1},,{0} is name {1} is body part / organ name
act.petted.pet,{0} попестив {1},,"{0} is name of a human, {1} is name of a pet"
cond.Inspired,Натхненний,,adjective
ev.inspired.desc,{0} перебуває у натхненному стані,,{0} is name
state.increasing,Збільшується,,
state.decreasing,Зменшується,,
ev.comet.shower,Метеорний Рій,,
ev.comet.shower.desc,На безпечній відстані від Корабля відбувається захопливе природне явище - рух потоку метеороїдів. Колоністи завжди полюбляють спостерігати за цим заворожуючим видовищем.,,
ev.wedding.title,Весілля!,,
married.someone,Одруження із {0},,{0} is the spouse name
obj.equipment.hats.jesterhat,Ковпак Блазня,,
obj.equipment.hats.jesterhat.desc,"Ідеально пасуватиме до образу блазня, клоуна, або просто як зухвалий елемент одягу.",,
ev.soft.surge.storm,Слабкий Потоковий Шторм,,
ev.soft.surge.storm.desc,"Природне явище, яке змінює фізичні властивості електричного струму та/або електропровідності матеріалів у певній області простору. Під час діі цього явища всі пристрої, що споживають електрику для своєї роботи будуть використовувати меншу її кількість.",,
ev.psychic.storm,Психічний Шторм,,
ev.psychic.storm.desc,"Природне явище, яке впливає на біоелектричні процеси у мозку біологічних істот, що призводить до певних змін у їхньому сприйнятті реальності та поведінці.",,
noun.pain.mild,Легкий біль,,
noun.pain.moderate,Середній біль,,
noun.pain.severe,Сильний біль,,
noun.pain.excruciating,Нестерпний біль,,
chance.scar,Шанс залишити шрам,,
scar.info,"{0} шрам, що залашився як наслідок {1} поранення, нанесеного {2}",,"{0} is severity level (severe, moderate, etc), {1} is damage type (sharp, piercing), {2} is name of attacker. Example:  A Severe scar from a Slashing wound Inflicted by John"
noun.scar,Шрам,,
noun.scars,Шрами,,
caused.by,Спричинено {0},,{0} is name of a person who caused something
verb.past.formed,Сформовано,,label for something that was formed some time ago
scar.short.info,{0} шрам від {1},,"{0} is severity level (severe, moderate, etc), {1} is name of attacker. Example: Severe scar from John"
scar.random.source.generic.1,давня битва,,
scar.random.source.generic.2,бійка у барі,,
scar.random.source.generic.3,тортури,,
scar.random.source.generic.4,бійка із піратами,,
scar.random.source.generic.5,самопошкодження,,
scar.random.source.generic.6,нещасний випадок,,
scar.random.source.generic.7,попередня робота,,
scar.random.source.generic.8,кіт,,
scar.random.source.generic.9,аварія шаттла,,
scar.random.source.human.1,друг,,
scar.random.source.human.2,найкращій друг,,
scar.random.source.human.3,колишнє кохання,,
scar.random.source.human.4,інцидент під час прибирання,,
scar.random.source.human.5,невдалий урок гри на гитарі,,
objects.cosmetics.chess.piece.desc,здоровезна шахова фігура,,
objects.cosmetics.chess.chesspawnw,Білий Пішак,,
objects.cosmetics.chess.chesspawnb,Чорний Пішак,,
objects.cosmetics.chess.chesskingw,Білий Король,,
objects.cosmetics.chess.chesskingb,Чорний Король,,
objects.cosmetics.chess.chessqueenw,Білий Ферзь,,
objects.cosmetics.chess.chessqueenb,Чорний Ферзь,,
objects.cosmetics.chess.chessrookw,Біла Тура,,
objects.cosmetics.chess.chessrookb,Чорна Тура,,
objects.cosmetics.chess.chessknightw,Білий Кінь,,
objects.cosmetics.chess.chessknightb,Чорний Кінь,,
objects.cosmetics.chess.chessbishopw,Білий Слон,,
objects.cosmetics.chess.chessbishopb,Чорний Слон,,
structure.floors.floormarble01,Мармурова Підлога,,
structure.floors.floormarble01.desc,"Красивий, відполірований елемент підлоги.",,
ev.raid.map.edge.title,Наближаються Рейдери!,,
ev.raid.map.edge.desc,До Корабля наближається команда рейдерів!,,
obj.containers.hullpiercer,Пробійна Капсула,,
obj.containers.hullpiercer.desc,"Космічний корабель із абордажною командою на борту. Рухається із великою швидкістю, і спроєктований для ефективного проникнення крізь корабельні корпуси для пришвидшення потрапляння бійців на борт цільового судна.",,
act.feeding.patient,Годує пацієнта,,
feed.patient,Годувати пацієнта,,
incoming.object,Наближення - {0} !,,"{0} can be a meteor, breach capsule, some other flying object targeting the ship"
persona.bio,"{0} {1}, {2}",,"{0} is species, {1} is sex {2} is age. Example: Human Female, 37y"
persona.bio.sexless,"{0}, {1}",,"{0} is species, {1} is age. Example: Robot, 37y"
sex.orientation.straight,Гетеросексуал,,
sex.orientation.gay,Гей,,
sex.orientation.lesbian,Лесбійка,,
sex.orientation.asexual,Асексуал,,
sex.orientation.bisexual,Бісексуал,,
flag.Flying,Летюче,,"adjective, as in ""a flying robot"""
modifier.NoQuestRewards,Відключено Винагороди за Квести,,
modifier.NoQuestRewards.desc,"Успішне виконання квестів у грі винагороджується наданням певних ресурсів. Якщо це здається недоречним полегшенням гри - тут це можна відключити, при цьому квести залишаться, але винагороди у вигляді ресурсів не буде. Тількі хардкор.",,
had.spacewalk,Виход у відкритий космос,,
trait.sociopath,Соціопатія,,
trait.sociopath.about,"Така істота позбавлена емпатії, незважає на потреби та права інших, та без сумнівів чи докорів сумління вдаватиметься до маніпулятивних прийомів.",,
trait.antisocial,Асоціальність,,
trait.antisocial.about,"Уникає соціальної взаємодії із іншими істотами, та взагалі надає перевагу самотності а не перебуванню у компанії.",,
trait.open_eyed_sleeper,Спить із Відкритими Очима,,
trait.open_eyed_sleeper.about,Ця істота під час сну не закриває очі.,,
trait.gigolo,Жиголо,,"a young man paid or financially supported by a woman, typically an older woman, to be her escort or lover."
trait.high.libido,Потужне Лібідо,,Libido refers to an individual's sex drive or sexual desire
trait.charismatic,Харизматичність,,for describing charismatic character (not external looks)
trait.beautiful,Красуня,,describes a good looking woman
trait.handsome,Красунчик,,describes a good looking man
trait.ugly,Неприваблива зовнішність,,
trait.optimist,Оптимізм,,
trait.pessimist,Песимізм,,
trait.fast,Моторність,,As in fast walker
trait.slow,Повільність,,As in slow walker
trait.lazy,Лінивість,,
trait.workaholic,Трудоголі,,
trait.astrophobe,Астрофобія,,
trait.astrophobe.about,Істота відчуває страх перед зірками та космічним простором.,,
trait.astrophile,Астрофілія,,
trait.astrophile.about,"Істота відчуває потяг до зірок, космосу, перебуванню у відкритому космосі.",,
trait.dog_person,Більше любить собак,,someone who likes dogs more than cats
trait.cat_person,Більше любить кішок,,someone who likes cats more than dogs
trait.shadow_dweller,Сутінковий Мешканець,,
trait.shadow_dweller.about,"Надає перевагу приглушеному світлу, або темряві.",,
trait.coffee_addict,Кофеїнова Залежність,,
role.Babysitter,Нянька,,
role.Delinquent,Правопорушник,,"(typically of a young person) tending to commit crime, particularly minor crime."
role.Gamer,Геймер,,
role.GraffitiArtist,Графітер,,
role.LittleShit,Гівно Мале,,a term some people call annoying kids
role.NeighborhoodMenace,Гроза Района,,
role.Otaku,Отаку,,(in Japan) a young person who is obsessed with computers or particular aspects of popular culture to the detriment of their social skills.
role.PaperBoy,Газетяр,,
role.SweatshopWorker,Працівник на Потогінному Виробництві,,
role.FighterPilot,Пілот Винищувача,,
role.FlatEarther,Пласкоземельник,,"a believer of the ""Flat Earth"" movement"
role.Mechanic,Механік,,
role.SpaceportValet,Паркувальник у Космопорті,,somone who drives spaceships into parking spots
role.Seaman,Моряк,,
role.ProjectManager,Менеджер Проєкту,,
role.DrillingEngineer,Інженер з Буріння,,
role.Roughneck,Бурильник,,"An oil rig job type. They assist the driller, carrying out the manual operation of the systems and equipment required for the specific process, which involves hard effort. While the drilling operations, a member of the teamwork is present in the shaker room, assisting the shakerman. Roughnecks are also in charge of cleaning, scraping and wirebrusing floor areas, chipping rust, painting and any other general maintenance tasks."
role.Storekeeper,Крамар,,
role.CivilEngineer,Інженер з Будівництва,,
role.CommsOperator,Оператор Комунікатора,,Comms short for Communications
role.Busboy,Помічник Офіціанта,,"a restaurant industry worker who clears tables, takes dirty dishes to the dishwasher, and assists waitstaff"
role.Busgirl,Помічниця Офіціанта,,like busboy but for females
role.Cook,Повар,,Restraurant staff
role.HeadChef,Шеф-Повар,,Restraurant staff
role.Waiter,Офіціант,,Restraurant staff
role.Waitress,Офіціантка,,Restraurant staff
role.Photographer,Фотограф,,
role.Handyman,Майстер на всі руки,,
role.CarCrashSurvivor,Вцілілий в Автокатастрофі,,
role.UnwantedChild,Небажана Дитина,,
role.BugCollector,Збирач Комах,,
role.TreeHouseOwner,Власник Дома на Дереві,,
role.Veterinarian,Ветеринар,,
role.Pilot,Пілот,,
role.Trapper,Мисливець,,
role.Hitman,Найманий Вбивця,,
role.BotWhiz,Робототехнік,,a child who likes tinkering with robots
role.GoKartRacer,Пілот Карта,,
role.TaxiDriver,Водій Таксі,,
role.Herbalist,Травник,,
role.Priest,Священник,,
role.Landlord,Власник Нерухомості,,
role.Beautician,Косметолог,,
role.MarineBiologist,Морський Біолог,,
role.FieldSurveyor,Геодезист,,
role.Alpinist,Альпініст,,
role.ArmsDealer,Торговець Зброєю,,
role.Survivalist,Виживальник,,
role.Astronomer,Астроном,,
role.Librarian,Бібліотекар,,
role.Farmer,Фермер,,
role.Chemist,Хімік,,
role.GuideDog,Собака-поводир,,
role.ServiceAnimal,Службова Тварина,,
role.PoliceOfficer,Офіцер Поліції,,
role.Maid,Покоївка,,
explosion.strength,Сила Вибуху,,how powerful the explosion would be if an object exploded
adj.ongoing,Поточне,,adjective
obj.equipment.hats.baseballcap01,Бейсболка,,
obj.equipment.hats.baseballcap01.desc,Проста зручна кепка-бейсболка,,
avoiding.someone,Уникає {0},,{0} is name
noun.chase,Гонитва,,noun
chasing.desc,{0} гнався за {1},,{0} and {1} are names
chase.outcome.good,"{1} намагався утікти від {0}, і це було весело",,{0} and {1} are names
chase.outcome.bad,"{1} намагався утікти від {0}, і це було неприємно",,{0} and {1} are names
verb.chasing,Женеться,,
got.chased.by,Намагався втікти від {0},,{0} is name
chased.someone,Наздоганяє {0},,{0} is name
verb.running.away,Тікає,,
device.lootable.only,"Цей об'єкт неможливо виготовити або змонтувати. Заволодіти ним можно іншим чином, наприклад знайшовши його на борту покинутого корабля.",,
feedback.cool_stuff,Дещо Цікаве,,
feedback.cool_stuff.tip,"Оберіть цю категорію, якщо бажаєте звернути увагу на те, що вас зацікавило - на винятковий дизайн корабля, або неочікувану подію, або скріншот що відображає дещо незвичайне.",,
ev.injured.raider.joined.colony,Поранений рейдер здався у полон,,
ev.injured.raider.joined.colony.desc,"Поранений бандюк {0} із фракції {1} просить помилувати його, каже що переосмислив свій життєвий шлях і хоче зав'язати із кримінальним минулим - натомість хоче стати сумлінним працівником-колоністом, і готовий присягнути на вірність, чи пройти будь-які перевірки або інші необхідні процедури.",,"{0} is name, {1} is faction name"
at.quality,із {0} якості,,"{0} is percentage. This is for stat modifier of an item at given item quality. Example: ""Damage at 98% quality: 55"""
immersive.icons,Атмосферність Іконок,,
immersive.icons.tip,"Якщо цю опцію увімкнено - на відображення іконок статуса пристроїв впливатимуть показники оточуючого освітлення. В інакшому разі такі іконки завжди відображатимуться яскраво, навіть у темному середовищі. Увімкнення цієї опції може зробити ігровий процес складнішим, проте більш занурюючим у атмосферу гри.",,
feedback.graphics,Графіка,,
feedback.graphics.tip,"Оберіть цю категорію для повідомлень про візуальні баги, глюки рендерінга, або системи часток, ІК, або будь-яких графічних елементів.",,
fog.of.war.warning,"Увага: опцію {0} увімкнено. Буде неможливо побачити що відбувається у частинах корабля, де відсутнє освітлення.",,"{0} is translated settings menu path, such as ""Settings > Video > Abient Light > Fog Of War"""
disable.device.animations,Вимкнути Анімацію Пристроїв,,
disable.device.animations.tip,"Вимкнення анімації роботи пристроїв може поліпшити продуктивність, якщо комп'ютер обладнано не надто потужним відеоадаптером і під час гри відчувається її нестача.",,
act.confessing.love,Освідчення у коханні до {0},,{0} is name
confessed.love.title,{0} освідчився у коханні до {1},,{0} and {1} are names
confess.love.outcome.accepted,"{0} освідчився у коханні до {1}, і почуття було взаємним",,{0} and {1} are names
confess.love.outcome.rejected,"{0} освідчився у коханні до {1}, і отримав відмову",,{0} and {1} are names
confess.love.outcome.ignored,"{0} освідчився у коханні до {1}, і не отримав відповіді",,{0} and {1} are names
verb.confessing.love,Освідчення у коханні,,a verb
confessed.love.to.someone,Освідчення у коханні до {0},,{0} is name
confessed.love.accepted,Освідчення у коханні прийнято,,
confessed.love.rejected,Освідчення у коханні відкинуто,,
confessed.love.ignored,Освідчення у коханні залишилося без відповіді,,
received.love.confession,Отримав освідчення у коханні,,
noun.love.confession,Освідчення у коханні,,
verb.receiving.love.confession,Отримав освідчення у коханні,,
scar.love.confession.rejection,"{0}, що відкинув освідчення у коханні",,"{0} is name. example use in scar description: ""A scar on the heart infliced by Charlie rejecting a love confession"""
adj.unreachable,Недосяжне,,
disable.all.particles,Вимкнути Всі Візуальні Ефекти,,
disable.all.particles.tip,"Будуть відключені всі візуальні ефекти за винятком критично важливих для ігрового процеса.
<br><br><b>УВАГА!</b> Багато чого перестане відображатися - наприклад постріли зі зброї.",,
cpu.bonus,Бонус ЦП,,"example use: ""CPU Bonus: 1Thz > +10% mining depth"""
memory.bonus,Бонус Пам'яті-RAM,,"example use: ""Memory Bonus: 1Eb > +10% mining depth"""
gpu.bonus,Бонус ГП,,"example use: ""GPU Bonus: 1Thz > +10% mining depth"""
disk.bonus,Бонус Пам'яті-Диск,,"example use: ""Disk Bonus: 1EB > +10% mining depth"""
codex.m.electricity.computerresourcesbonus,Бонус Обчислювальних Ресурсів,,
codex.m.electricity.computerresourcesbonus.desc,"Обчислювальні Ресурси Корабельного Компьютера, такі як <b>ЦП</b>, <b>Пам'ять-RAM</b>, <b>ГП</b>, та <b>Пам'ять-Диск</b> можуть збільшувати деякі показники пристроїв, що підключено до тієї самої Мережі що і Корабельний Компьютер. Більш детальну інформацію можна знайти у підказках.",,
noun.industrial.equipment,Промислове Обладнання,,"generic term for all devices that are meant for producing something, factory machines, etc"
adj.noisy,Шумно,,
sleep.eff.industrial.noisy,Сон у шумній промисловій зоні,,
sleep.eff.industrial,Сон у промисловій зоні,,
sleep.eff.dorm,Сон у зоні сукупного проживання,,
sleep.eff.own.room,Сон у персональному помешканні,,
sleep.eff.room.too.large,Надмірно великі приміщення для сну,,
sleep.eff.room.too.small,Тісні приміщення для сну,,
sleep.eff.cozy.room,Комфортні приміщення для сну,,
sleep.eff.outdoors,Сон у приміщенні що сполучається із відкритим космосом,,
hint.hyperspace_exit,"Переміщення у Гіперпросторі відбувається миттєво, але процедуру повернення до звичайного простору необхідно завжди виконувати вручну. Для цього у оверлеї {1} скористайтеся кнопкою {0}.",,"{0} is ""Exit Hyperspace"" button label, {1} is Starmap"
select.filtered,Позначити Відібране,,for selecting all elements in a list after filtering them
deselect.filtered,Зняти позначку із Відібраного,,
deselect.all,Зняти позначку із Усього,,
noun.toll,Збір,,a price of passing a checkpoint
verb.pay,Сплатити,,
noun.discount,Знижка,,
noun.region.discount,Регіональна Знижка,,
noun.faction.tax,Податок Фракції,,
noun.final.price,Остаточна Вартість,,
paid.toll,Сплачено Збір,,notification that player has just paid a toll
noun.tax,Податок,,
update.on.steam.workshop,Оновити у Steam Workshop,,
mat.amounts.may.vary,Кількість матеріалів може змінюватися,,
cant.assign,Неможливо,,must be as short as possible. A small label trying to assign a task that we cannot assign for some reason
worker.could.not.reach.the.device,Працівник не зміг добратися до пристрою,,
last.month,Минулий Місяць,,example use: Time worked (Last Month): 12h
this.month,Поточний Місяць,,example use: Time worked (This Month): 12h
being.risking.life.for.food,{0} ризикує власним життям у відкритому космосі задля порятунку {1} від голодної смерті,,"{0} is name, {1} is name of the meal"
noun.death.care,Ритуальні Послуги,,name of research that unlocks death care related tech
noun.medical.care,Медичні Послуги,,name of research that unlocks medical care devices
verb.warp,Ворп,,verb - to travel in space using the warp drive
exit.hyperspace.to.recharge,"Нам необхідно покинути гіперпростір щоб зарядити двигуни. Повернутися до гіперпростору автоматично, після завершення зарядки?",,
hyperdrives.exhausted,Гіперприводи Виснажені,,
hyperspace.warped.back,Система відмовобезпечності гіперприводу перемістила Корабель до його якірної локації,,
hyperjump.failed,Невдалий Гіперстрибок,,
hyperjump.completed,Гіперстрибок Завершено,,
next.stop,Наступний пункт,,"next destination in travel. example: ""Next stop: London"""
verb.stay,Стояти,,
verb.reenter,Знову Увійти,,
visit.waypoints,Відвідати Вузли Маршруту,,
visit.waypoints.tip,Під час гіперстрибків у кожному із Вузлів Маршруту автоматично покидати гіперпростір та очікувати на продовження подорожі вручну.,,
noun.queue,Черга,,
status.on.hold,Призупинено,,"when some operation is paused, waiting for player to resume it"
leaving.hyperspace,Покидаємо Гіперпростір,,
arrived.at,Прибуття до {0},,{0} is location name
noun.warp.target,Пункт Призначення Ворп,,target of warp drive hyperjump
part.quality.threshold,Поріг Якості Частин,,
part.quality.threshold.tip,Під час утилізації істот будуть збережені частини тіла із показником якості вищим за це значення.,,
codex.m.defenses.tractorbeam.desc_new,"ЕМ Захват - це комплекс пристроїв, що здатний впливати на траєкторію об'єктів, що переміщуються у просторі із невисокою швидкістю, зокрема Астероїдів, Метеороїдів, різного типу Капсул тощо. <br><br> Для використання ЕМ Захвату необхідно буде також змонтувати та підключити пристрій <b>Ціль</b> - розташування якого визначає кінцеву локацію, до якої буде скореговано траєкторію руху об'єкта.",,
codex.m.defenses.tractorbeam.desc2,"Можна задіяти декілька ЕМ Захватів для впливу на той самий Об'єкт, при цьому кожен із них може бути налаштований як на ту саму, так і на різні Цілі. Загальний вплив на траєкторію рухомого Об'єкта буде тим більшим, чим більшу кількість ЕМ Захватів буде задіяно одночасно.",,
tut.select.tile.being.warning,Якщо один об'єкт чи істота знаходиться поверх іншого - першим кліком буде обрано об'єкт чи істоту що знаходяться на верхньому рівні. Клікніть цю саму локацію ще раз щоб обрати об'єкт нижчого рівня.,,
electricity.manage.tutorial.warning,"Ви ще не завершили навчальний етап {0}, при цьому застосовуєте функцію {1}. Якщо ви добре обізнані із цим функціоналом - будь ласка просто ігноруйте це попередження. У іншому разі будь ласка ознайомтесь спочатку із навчальним етапом {0}, щоб переглянути основні положення!<br><br>Ви можете знайти навчальний матеріал {0} у {2}.",,"{0} is tutorial name (""Electricity""), {1} is ""Establish Temporary Connection"", {2} is ""Main Menu > Tutorials"". Note that {0} is repeated a few times on purpose."
surgical.pending.procedures,Незавершені Процедури,,label for list of surgical operations for humans or body part replacements for robots.
fog.of.war.desc,"Якщо увімкнено Туман Війни - взагалі не буде видно що відбувається у тих частинах Корабля, що не мають освітлення. Це додасть певної складності до ігрового процесу.",,
noun.extra.challenge,Додаткова Складність,,
noun.visuals,Візуальні Елементи,,
auto.expand.tips,Авто-Розмір Підказок,,
auto.expand.tips.desc,"Якщо цю опцію вимкнено - деякі підказки відображатимуться у скороченому вигляді, а для перегляду повного повідомлення треба буде натиснути {0}.",,
bodypart.Body.BodyMindjar,Нейробокс-контейнер,,
bodypart.Body.BodyMindjar.desc,"Механічний корпуса, що може вільно пересуватися і здатен містити у собі функціонуючий біологічний мозок.",,
species.Mindjar,Нейробокс,,
beings.mindjar01,Нейробокс,,
beings.mindjar01.desc,"Механічний корпус із спеціальним контейнером, у якому міститься повноцінно функціонуючий біологічний мозок, який має можливість керувати всіма механічними вузлами цього корпуса.",,
warning.too.close,Занадто близько,,"warning label. for example, when some object is too close to another object that requires minimum distance between them"
warning.too.far,Занадто далеко,,"warning label. for example, when some object is too far from the ship or another object"
warning.blocked.by,Заблоковано - {0},,{0} name of the object that blocks something (like construction of another object)
noun.work.spot,Робоче Місце,,
noun.io.port,Порт В/В,,"I/O is Input / Output. Usually it's a tech term that either has a specific idiom in your language, or just leave it as I/O, people will understand"
warning.invalid.location,Некоректна Локація,,
warning.replacement.not.allowed,Заміну не дозволено,,
hint.dark.matter.acquisition,Сканувати поклади {0} можна буде після розблокування технології {1},,{0} is Dark Matter {1} is Extended Scanning
trait.hooker,Ескортниця,,"A female version of ""Gigolo"" trait"
noun.quest,Квест,,v0.15 translations start here
you.received.item,Отримано {0},,for receiving quest rewards. {0} is item name
you.lost.item,Втрачено {0},,when you lose an item (penalty for failing a quest). {0} is item name
quest.end.completed,Квест виконано,,shown right after quest gets completed
quest.end.failed,Квест провалено,,shown right after quest fails
noun.penalties,Штрафні санкції,,label for list of penalties for failing a quest
obj.containers.questpackage,Сейф,,
obj.containers.questpackage.desc,"Міцний, герметичний контейнер, розроблений для надійного зберігання об'єктів всередині при транспортуванні. Зазвичай вміст сейфа має високий шанс бути доставленим цілим та неушкоженим.",,
quest.TraceSignal,Відстежити Сигнал,,
quest.TraceSignal.desc,Слідуйте за обривковими сеансами зв'язку щоб знайти джерело загадкового сигнала.,,
quest.MineResource,Розробити родовище копалин,,
quest.MineResource2,Видобути високоякісний ресурс ,,
quest.MineResource3,Отримати руду високої якості,,
quest.MineResource.desc,"Наше гірничне обладнання наразі не працює через планове технічне обслуговування. Чи не могли б ви розробити для нас поклади корисних копалин у нещодавно знайденому родовищі? Нам потрібна сировина саме звідти, ретельно і вручну видобута, преміальної якості - ми не зацікавлені у чомусь іншому, що зберігалося на невідомих складах та невідомо у яких умовах. Ми розуміємо що це специфічне завдання, тому компенсація за його виконання буде гарною - значно більше ніж можна отримати на ринку!",,
quest.MineResource2.desc,"Тут поруч знаходиться родовище виключно чистої сировини. Оскільки ваше гірничне обладнання значно ефективніше та набагато ліпше нашого - чи не погодитесь ви видобути деяку кількість сировини для нас? Звісно, ми добре заплатимо за таку роботу!",,
quest.MineResource3.desc,"Один наш замовник хоче отримати руду саме із цього сектора - потрібна саме свіжовидобута сировина, преміального гатунку. На превеликий жаль наш Променевий Бур вийшов з ладу і потребує ремонту - тож не могли б ви допомогти нам видобути деяку кількість цієї руди?",,
quest.ShipRaceRecoverPOILoot,Віднайти загублений пакунок,,
quest.ShipRaceRecoverPOILoot2,Забрати вкрадений предмет,,
quest.ShipRaceRecoverPOILoot3,Пропала посилка,,
quest.ShipRaceRecoverPOILoot4,Схованка Контрабандиста,,
quest.ShipRaceRecoverPOILoot5,Отримати Закладку,,
quest.ShipRaceRecoverPOILoot.desc,"Ми загубили певний пакунок. Чи не могли б ви віднайти та забрати його для нас? Будьте обережні - про цей пакунок відомо ще декому, і вони намагатимуться отримати його першими.",,
quest.ShipRaceRecoverPOILoot2.desc,"Пірати вкрали в нас дуже цінний предмет. Але ми заздалегідь встановили в ньому прихований трекер - тож маємо точні коордінати локації, де він перебуває. Чи не могли б ви викрасти його для нас?",,
quest.ShipRaceRecoverPOILoot3.desc,"Для нас було відправленно посилку, але контакт із кур'єрским бортом втрачено деякий час тому. Проте посилка містить трекер, і ми маємо точну інформацію про місце його перебування. Чи не могли б ви забрати цю посилку для нас?",,
quest.ShipRaceRecoverPOILoot4.desc,Слідчими органами місцевої влади встановлено розташування однієї із схованок певного контрабандиста. Отримайте вміст схованки - і спробуйте випередити інших мисливців за  скарбами.,,
quest.ShipRaceRecoverPOILoot5.desc,Дещо пішло не за планом під час.... ммм... скажімо так - приватного обміну певними речами. Довелося полишити Контейнер у відкритому космосі і без нагляду. Необхідно отримати його до того як це зроблять... ммм... конкуруючі сторони.,,
quest.step.respond.to.signal.title,Відповісти на {0} у локації {1},,{0} is translation for Signal with a link to starmap; {1} is location like 'Some Region > Other Sector'
quest.step.respond.to.signal.unknown,Відповісти на сигнал,,
quest.step.respond.to.signal.desc,Вирушити до {0} щоб відповісти на {1} і слідувати йому.,,{0} is location like 'Some Region > Other Sector'; {1} is translation for Signal with a link to starmap
quest.step.investigate.signal.title,Розслідувати {0} у локації {1},,{0} is translation for Signal with a link to starmap; {1} is location like 'Some Region > Other Sector'
quest.step.investigate.signal.unknown,Розслідування походження Сигнала,,
quest.step.investigate.signal.desc,Вирушити до {0} щоб відповісти на {1} і слідувати йому.,,{0} is location like 'Some Region > Other Sector'; {1} is translation for Signal with a link to starmap
quest.step.explore.poi.title,Дослідити {0} у локації {1},,{0} is translation for Anomaly with a link to starmap; {1} is location like 'Some Region > Other Sector'
quest.step.explore.poi.desc,Вирушити до {0} щоб відправити експедицію до {1}.,,{0} is location like 'Some Region > Other Sector'; {1} is translation for Anomaly with a link to starmap
quest.step.mine.deposit.title,"Використовуючи {3}, видобути {0} одиниць {1} у локації {2}",,"{0} is number, {1} is resource type name, {2} is deposit location, {3} is Shuttle"
quest.step.mine.deposit.desc,Відправити експедицію до {0} для видобутку щонайменше {1} одиниць ресурсу {2}.,,"{0} is deposit location, {1} is number, {2} is resource type name"
quest.step.mine.deposit.unknown,Видобути ресурс із родовища сировини,,
quest.step.search.for.package.title,Знайти контейнер у {1},,"{1} is location like 'Some Region > Other Sector'. WARNING it has to be {1}, not {0}, it's not a typo!"
quest.step.search.for.package.desc,Відправити експедицію до {1} у локації {0} і знайти Контейнер.,,{0} is location like 'Some Region > Other Sector'; {1} is translation for Anomaly or Unknown with a link to starmap
quest.step.deliver.package.title,Доставити вантаж,,
quest.step.deliver.package.desc,Доставити вантаж до {0},,{0} is the ship name or destination
quest.step.deliver.item.title,Доставити {0},,{0} is the item
quest.step.deliver.item.desc,Доставити {0} до {1},,"{0} is the item, {1} is ship name, or destination"
quest.step.deliver.item.fail.msg,У вас немає {0}!,,{0} is the item
quest.step.deliver.item.success.msg,Предмет отримано. Красно дякуємо!,,
quest.new.available.plural,Доступно {0} нових Квестів!,,{0} is a number
quest.new.available.singular,Доступний новий Квест!,,
quest.new.label,Новий Квест!,,
quest.SignalTrail.msg.01,У загадковому повідомленні міститься інформація схожа на коордінати.,,
quest.SignalTrail.msg.02,"Сигнал нестабільний, вказує на ще одну сусідню локацію.",,
quest.SignalTrail.msg.03,"У цьому зашифрованому наборі даних міститься інформація, що відкриває частину маршруту.",,
quest.SignalTrail.msg.04,"Сенсори виявили слабке ехо, схоже за структурою на шаблон оригінального сигнала.",,
quest.SignalTrail.msg.05,"Дещо нечіткий, пульсуючий сигнал із глибин космосу з'являється у ефірі.",,
quest.SignalTrail.msg.06,У декодованому фрагменті інформації згадується невідомий маяк.,,
quest.SignalTrail.msg.07,Спотворена частина голосового повідомлення вказує на попередній слід. ,,
quest.SignalTrail.msg.08,Аномальні енергетичні показники співпадають із останнім спалахом сигнала.,,
quest.SignalTrail.msg.09,"Ехо-сигнал надходить із нерозвіданого сектора, і згодом припиняється.",,
quest.track.start,Квест на Відстеження,,
quest.track.stop,Зупинити Відстеження,,
quest.no.tracked,Квест на Відстеження Відсутній,,
quest.state.tracked,Квест на Відстеження Активний,,
quest.details.will.reveal.on.accept,Додаткова інформація буде надана після початку квеста.,,
quest.step.details.not.available.yet,Додаткова інформація буде надана після того як задання стане доступним.,,
verb.investigate,Розслідувати,,
noun.start.time,Час Початку,,
deadline.none,Без Терміну,,
noun.deadline,Термін,,
quest.expedition.found.package,Експедиція повернула контейнер і незабаром повернеться на борт.,,
quest.package.contained,Контейнер отримано,,
noun.active.quests,Активні Квести,,
noun.active.quest,Активний Квест,,
noun.failed.quest,Провалені Квести,,
noun.completed.quest,Успішні Квести,,
noun.available.quests,Доступні Квести,,
quest.open.package,Відкрити Контейнер,,
noun.quest.package,Контейнер із Квеста,,
noun.quest.packages,Контейнери із Квестів,,
noun.quest.provider,Замовник по Квесту,,"an entity that gave the quest. it can be a ship, a space station, ship computer, a colonist, etc"
quest.click.show.available,Клікніть щоб побачити доступні квести,,
quest.click.show.active,Клікніть щоб побачити активні квести,,
,,,
ship.chat.quest_delivery_res.positive.rude.01,"О, вчасно! А я вже було подумав що ви загубилися у шлюзовій камері.",,
ship.chat.quest_delivery_res.positive.rude.02,Вам дійсно це вдалося? Хмм. Не очікував що так вийде.,,
ship.chat.quest_delivery_res.positive.rude.03,Скажу чесно - я не сподівався на ваше повернення живими.,,
ship.chat.quest_delivery_res.positive.rude.04,"Йой, дивіться - а ви таки здатні успішно слідувати інструкціям.",,
ship.chat.quest_delivery_res.positive.rude.05,Оце тобі маєш - дива таки трапляються! Ви доставили саме те що я ї просив.,,
ship.chat.quest_delivery_res.positive.rude.06,Як же в біса вчасно! Але наступного разу може спробуйте скористатися швидкими двигунами.,,
,,,
ship.chat.quest_delivery_res.positive.casual.01,"Хей, а ви дійсно привезли це! А я вже почав думати що ви забули про  все.",,
ship.chat.quest_delivery_res.positive.casual.02,Контейнер доставлено! І вам майже вдалося виглядати справжніми професіоналами.,,
ship.chat.quest_delivery_res.positive.casual.03,"Ну, що ми знаємо напевно - так це те, що вантаж справді на місці. Гарна робота.",,
ship.chat.quest_delivery_res.positive.casual.04,"Ах, це ж моя улюблена команда із доставки! Це зайняло багацько часу, проте я отримав що хотів.",,
ship.chat.quest_delivery_res.positive.casual.05,Вам вдалося повернули його цілим <i>та</i> із усім змістом. Вражаючий результат.,,
ship.chat.quest_delivery_res.positive.casual.06,"Овва, доставку завершено! І ніц не вибухнуло. Я б назвав це успіхом.",,
,,,
ship.chat.quest_delivery_res.positive.polite.01,Вантаж доставлено. Капітан високо цінує вашу надійну роботу.,,
ship.chat.quest_delivery_res.positive.polite.02,Ми отримали вантаж. Дякуємо за вашу вчасну допомогу.,,
ship.chat.quest_delivery_res.positive.polite.03,Місію завершено. Капітан підтверджує успішність вашого виконання.,,
ship.chat.quest_delivery_res.positive.polite.04,Вантаж доставлено як і було домовлено. Ми вдячні за вашу ефективну допомогу.,,
ship.chat.quest_delivery_res.positive.polite.05,Вміст контейнера перевірено. Команда висловлює вам вдячність за виконання завдання.,,
ship.chat.quest_delivery_res.positive.polite.06,Контейнер доставлено без зайвих інцидентів. Блискуча робота!,,
,,,
ship.chat.quest_res.positive.rude.01,"Маю дещо, що треба зробити. Не дуже радійте - це задання буде доручено вам не тому що ви добре працюєте, а просто тому що ви опинились у потрібний час у потрібному місці.",,
ship.chat.quest_res.positive.rude.02,"Так, маю для вас завдання, і виглядаєте ви саме як такий телепень, що може за нього взятися.",,
ship.chat.quest_res.positive.rude.03,"Гей, на борту - ви там ще живі? Чудово. Значить я можу відправити вас зробити для мене деяку дурничку.",,
ship.chat.quest_res.positive.rude.04,"О, а для цієї роботи мені як раз потрібен нікчемний кораблик, якого мені не буде жалко. І - несподіваний збіг - ваш повністю підходитить.",,
ship.chat.quest_res.positive.rude.05,Я б зробив все сам - але буде забавно спостерігати за вашими поневіряннями і фіаско.,,
ship.chat.quest_res.positive.rude.06,"Потрібно дещо виконати, і обставини складаються так, що всі компетентні найманці вже мертві, тож... мої вітання!",,
,,,
ship.chat.quest_res.positive.casual.01,"Щож, я маю одне <i>цілковито безпечне</i> завдання. Це вам цікаво?",,
ship.chat.quest_res.positive.casual.02,Ви здаєтесь достатньо придатними... або принаймні доступними. Мені цього достатньо.,,
ship.chat.quest_res.positive.casual.03,"Це просте завдання. Ну типу... може бути і простим. Окей, гаразд - є певний шанс що це не буде складно виконати.",,
ship.chat.quest_res.positive.casual.04,Маю нескладне завдання для вас. Не займе багато вашого часу - якщо тікі щось не вибухне.,,
ship.chat.quest_res.positive.casual.05,Вам нудно? Пречудово -  я можу запропонувати вам шикарну пригоду.,,
ship.chat.quest_res.positive.casual.06,"Ахой, на борту! Якщо вам нічим більше зайнятися то в мене є для вас робота.",,
,,,
ship.chat.quest_res.positive.polite.01,"Говорить капітан. Пропонуємо вам виконати певну місію - звичайно, якщо ви зацікавлені у роботі.",,
ship.chat.quest_res.positive.polite.02,"Маємо завдання, що потребує невідкладного виконання. Запрошуємо вашої допомоги.",,
ship.chat.quest_res.positive.polite.03,Це капітан. Нарада стосовно місії відбудеться незабаром. Залишайтеся на зв'язку для отримання деталей.,,
ship.chat.quest_res.positive.polite.04,Нове завдання доступне до виконання. Капітан очікує на вашу швидку відповідь.,,
ship.chat.quest_res.positive.polite.05,Робимо формальний запит стосовно вашої участі у майбутній операції.,,
ship.chat.quest_res.positive.polite.06,Вас було обрано у якості виконавця для певного призначення. Невдовзі будуть надані подальші інструкції.,,
,,,
ship.chat.quest_req.neutral.rude.01,Бачу нудьгуєте. А як щодо зробити цього разу дещо корисне?,,
ship.chat.quest_req.neutral.rude.02,"Здається ви подужаєте справжню роботу, чи мені варто знайти когось більш придатного?",,
ship.chat.quest_req.neutral.rude.03,Треба дещо виконати. Спробуйте здивувати мене не спімавши облизня.,,
ship.chat.quest_req.neutral.rude.04,"Хочете мати вражаюче портфоліо, що доводитиме вашу типу спроможність і успішність? В мене є дещо саме для такого випадку.",,
ship.chat.quest_req.neutral.rude.05,Є одне завдання. Я б і сам зробив - але цікаво було б споглядати ваші страждання.,,
ship.chat.quest_req.neutral.rude.06,"В мене є завдання, що навіть такі як <i>ви</i> зможуть виконати. Хоча... ну окей, це можливо.",,
ship.chat.quest_req.neutral.casual.01,"Хей, маю невеличку роботу - якщо вам таке цікаво. ",,
ship.chat.quest_req.neutral.casual.02,Мені треба дещо зробити - це не має бути занадто складним завданням.,,
ship.chat.quest_req.neutral.casual.03,"Добродії, а як щодо прикольної невеликої пригоди? Це навіть може стати прибутковою справою... врешті-решт.",,
ship.chat.quest_req.neutral.casual.04,"Шановні, якщо є вільний час - у мене буде для вас нескладне завдання.",,
ship.chat.quest_req.neutral.casual.05,Є одна невеличка відкладена справа - і під невеличкою я розумію що це не буде занадто незручно.,,
ship.chat.quest_req.neutral.casual.06,"Почуваєтесь хоробрими, або нудьгуєте? Маю для вас роботу.",,
ship.chat.quest_req.neutral.polite.01,"Говорить капітан. Маємо завдання, що може відповідати вашим можливостям.",,
ship.chat.quest_req.neutral.polite.02,До вашої уваги пропонується нове завдання. Будемо вдячні за допомогу.,,
ship.chat.quest_req.neutral.polite.03,"Маємо місію для виконання, якщо вас це зацікавить.",,
ship.chat.quest_req.neutral.polite.04,З'явилося завдання для невідкладного виконання. Залишайтеся на зв'язку для отримання додаткової інформації.,,
ship.chat.quest_req.neutral.polite.05,Ваш корабель обрано для спеціальної операції. Додатковії інструкції будуть надані незабаром.,,
ship.chat.quest_req.neutral.polite.06,Командування запрошує вас взяти участь у місії від імені нашого флоту.,,
,,,
ship.chat.quest_res.negative.rude.01,"Ніц нема що вам запропонувати - що просто дивовижно, враховуючи ваш ""досвід"".",,
ship.chat.quest_res.negative.rude.02,"На щастя для вас, немає ніяких доступних завдань - не треба буде ганьбитись.",,
ship.chat.quest_res.negative.rude.03,"Немає нічого для вас, і, щиро кажучи, це добре - ви б все одно завалили виконання.",,
ship.chat.quest_res.negative.casual.01,"Наразі немає доступних завдань, але ми пам'ятатимемо про вас.",,
ship.chat.quest_res.negative.casual.02,"Наразі відсутня будь-яка робота, проте дякуємо що звернулись до нас.",,
ship.chat.quest_res.negative.casual.03,Поки все добре. Але ми вас неодмінно повідомимо якщо щось з'явиться.,,
ship.chat.quest_res.negative.polite.01,"Дякуємо за ваше звернення, але наразі наші операції не потребують зовнішньої допомоги.",,
ship.chat.quest_res.negative.polite.02,На превеликий жаль у нас немає завдань що відповідають класу вашого судна.,,
ship.chat.quest_res.negative.polite.03,Капітан щиро вдячний вам за ентузіазм - проте наразі в нас немає будь-яких незавершених завдань.,,
,,,
verb.ask.quest,Запитати про Квест,,
verb.deliver,Доставити,,
verb.show.quest,Показати Квест,,
may.have.a.quest,Може мати Квест,,
quest.main.package.trail1.title,Дослідити Загадкове Розташування,,
quest.main.package.trail1.desc,"Контейнер із покинутого корабля містив пошкоджені дані, схожі на журнал. Нам вдалося видобути із них набір координат, що вказують на інший регіон у Космосі. Було б гарною ідеєю спробувати побувати там і продовжити розслідування.",,
quest.KillTraitorShip,Вистежити Зрадника,,
quest.KillTraitorShip.desc,"Експедиційна команда до Аномалії знайшла накопичувач даних із журналом. У ньому розповідається про деякого союзника, який зрадив нас і знищив наш корабель - щоб отримати собі коордінати придатної для життя планети. Проте на його корабель заздалегідь було встановлено прихований трекер - тож тепер ми можемо слідувати його шляхом, куди б він не подівся.",,
noun.datalog,Журнал,,
quest.main.reach.recovered.planet.title,Шлях до Нового Дому,,
quest.main.reach.recovered.planet.desc,"Серед уламків корабля, що належав зрадникові, знайдено носій даних із викраденими ним координатами придатної до життя планети, до якої ми свого часу прагнули. Нарешті ми знаємо її локацію! Тепер час прокласти курс до неї, і отримати те що було в нас підступно вкрадено.",,
quest.main.on.reach.recovered.planet,"Ми прибули за вкраденими у нас координатами на нашу омріяну планету, але вона виявилася вже колонізованою фракцією Капіталістів. Місцевий космопорт може бути нашим наступним кроком.",,
verb.communicate.with,Встановити Зв'язок із {0},,"{0} is the target name, like Space Port"
quest.main.eliminate.pirate.den.title,Винищити Піратське Лігво,,
quest.main.eliminate.pirate.den.desc,"Представники фракції Капіталістів запропонували нам угоду. Ми маємо винищити базу піратів, наявність якої заважає комерції і загрожує торговельним шляхам - і як винагороду ми отримаємо допомогу у пошуку іншої придатної до життя планети. Наша ціль це добряче укріплений сектор, що є основною піратською фортецею. Проте Капіталісти обіцяють надати інформацію про можливість отримати потужну зброю масового ураження, яка має забезпечити нашу перемогу у битві.",,
verb.communicate,Спілкуватися,,
objects.devices.sectornuke,Секторальний Фугас,,
objects.devices.sectornuke.desc,"Потужна ядерна зброя одноразового використання, ураження від дії якої здатне винищити ворога (і не тільки) у масштабах цілого Сектора.",,
quest.step.nuke.sector.title,Бомбити {0},,{0} is sector name with starmap link
quest.step.nuke.sector.desc,Спорядити {0} у {1} і виконати Гіперстрибок для уникнення ураження від вибуху.,,"{0} is Sector Nuke with link to codex entry, {1} is sector name "
sector.nuke.timer,Сектор буде знищено у {0},,{0} is time
sector.nuked,Було знищено сектор: {0},,{0} is sector name with starmap link
quest.main.eliminate.capitalist.port.title,Зустрічна Пропозиція,,
quest.main.eliminate.capitalist.port.desc,"Пірати дізнались про наші наміри, і збираються активно протидіяти нашім спробам підірвати їхній сектор. Натомість в них є зустрічна пропозиція. Ми маємо розвернути зброю проти Капіталістів - підірвати та винищити їх, а рада голів піратьских кланів обіцяє надати нам потрібні технології, виплатити грошову винагороду, і вітатиме нас як своїх союзників.",,
quest.ReachHabitablePlanet,Подорож до Нового Світу,,
quest.ReachHabitablePlanet.desc,"Нарешті за допомогою Телескопа ми визначили координати нової планети із придатними для життя людей умовами. Прокладаємо курс до неї, і подивимось що нас там чекатиме.",,
quest.main.on.reach.habitable.planet,Прибувши до цієї планети ми з'ясували що наразі вона не готова для заселення. Стан атмосфери та твердої поверхні потребує виконання повної процедури Тераформування. Перед тим як заселятися - нам потрібно знайти засоби та технології для проведення Тераформування.,,
quest.AskAroundForTerraformingTech,Знайти засоби Тераформування,,
quest.AskAroundForTerraformingTech.desc,"Природне середовище на знайденій нами планеті непридатне для життя людини, тому потребує виконання Тераформування. Ми маємо спробувати знайти якісь контакти, або інші варіанти допомоги серед оточуючих Станцій та Фракцій - які дозволить нам отримати необхідні технології та обладнання.",,
quest.AskSentinelsForTerraformingTech,Аудієнція у Вартових,,
quest.AskSentinelsForTerraformingTech.desc,"Ходять чутки про фракцію, представників якої називають Вартовими. Ця форма життя давно відійшла від своїх біологічних витоків, і наразі існує як щось на кшталт ШІ, або небіологічних істот. Подейкують що перед своїм еволюційним стрибком вони майстерно володіли засобами Тераформування. Ми маємо відправитись до їхньої головної системи, вступити у контакт, і спробувати отримати будь-яку інформацію щодо цих технологій, які для нас є життєво необхідними.",,
quest.ask.about.terraforming,Запитати про Тераформування,,
quest.ask.about.terraforming.desc,Розіслати повідомлення на сусідні кораблі та станції із запитом про будь-яку інформацію щодо Тераформування.,,
quest.ask.sentinels.about.terraforming.msg,"Вартові відповіли, що Тераформування, як технологія та знання, дійсно широко застосовувалися ними під час іхньої минулої, біологічної фази розвитку. І вони й досі зберігають певну частину цієї інформації. Вони погодилися передати нам цю частину, перший компонент - Консоль Тераформування. Проте інші компоненти було викрадено фракцією Вірусів, на кораблях яких зберігаються різні фрагменти інформації та даних. Самі Вартові не будуть наразі ані переслідувати Вірусів, ані намагатися повернути викредені фрагменти - але вони передали нам повний перелік кораблів Вірусів, де знаходяться інші частини технології. Тепер нам необхідно вистежити та знищити кожен із цих кораблів, щоб отримати всі фрагменти технології Тераформування.",,
quest.KillVirusShip_Atmo,Відновити Атмосферний Модуль,,
quest.KillVirusShip_Atmo.desc,"На кораблі Вірусів знаходяться поцуплені технологічні дані, що відносяться до Атмосферного Модуля. Знайдіть цей корабель, розтрощіть його, і отримайте модуль із даними.",,
quest.KillVirusShip_Bio,Відновити Біологічний Модуль,,
quest.KillVirusShip_Bio.desc,"На судні Вірусів зберігається інформація про дослідження із біологічної адаптації планет. Необхідно перехопити цей корабель, знищити всі системи на борту, та отримати необхідну інформацію.",,
quest.KillVirusShip_Ocean,Відновити Океанський Модуль,,
quest.KillVirusShip_Ocean.desc,"На борту корабля Вірусів знаходиться модуль із технологічною інформацією про тераформування планетарної гідросфери. Знайдіть цей корабель, знищіть всі захисні системи на борту, та отримайте необхідний модуль.",,
quest.KillVirusShip_Terrain,Відновити Грунтовий Модуль,,
quest.KillVirusShip_Terrain.desc,"Військовий корабель Вірусів зберігає на борту інформацію про тераформування твердої поверхні планет. Відслідкуйте та перехопіть цей корабель, зруйнуйте його збройні системи, і заберіть останній фрагмент технології Тераформування.",,
research.discovered,Дослідження Відкрите,,
research.unlocked.full,Дослідження Розблоковане,,
ev.virus.attack.title,Наближення Ворожого Корабля Вірусів,,
ev.virus.attack.desc,"Корабель фракції Вірусів схоже взяв нас на приціл, і швидко наближається. Приготуйтесь до бойового зіткнення.",,
quest.main.become.rogue.ai.title,Тіні Елизіуму,,
quest.main.become.rogue.ai.desc,"Представники фракції Вірусів зробили зустрічну пропозицію. Замість атакувати та нищити їхню базу, ми маємо напасти та розгромити фортецю Стражів, і долучитися до фракції Вірусів із рангом Незаконний ШІ. Вони обіцяють відкрити нам найдосконаліші технології для маніпуляції та контролю над біологічними організмами із використанням системи Елізіум. Ми можемо отримати незрівнянну потужність - але ціною відмови від нашої базової місії.",,
quest.main.eliminate.virus.hq.title,Знищити головну базу Вірусів,,
quest.main.eliminate.virus.hq.desc,"Після отримання всіх фрагметів технологоії Тераформування, Стражі відкрили нам фінальну місію. Головна база фракції Вірусів все ще становить загрозу, і вони хотіли б винищити її. У разі успішного знищення фортеці Вірусів нам обіцяють значну винагороду, всілякі почесті та своє союзництво.",,
quest.step.install.upgrade.title,Встановити {0},,{0} is the upgrade name
quest.step.install.upgrade.desc,Встановити {0} до {1}.,,"{0} is the upgrade name, {1} is the device name"
quest.step.enable.elysium.title,Впровадити Елізіум,,
quest.step.enable.elysium.desc,Оберіть {0} та квімкніть режим {1}.,,"{0} is a codex link to Stasis Array, {1} is a codex link to Elysium Mode."
quest.main.enable.elysium.title,Активувати Протокол Елізіуму,,
quest.main.enable.elysium.desc,"Для отримання рангу Незаконного ШІ, нам необхідно встановити {0}  у {1}, і відключити всі інші блокування щодо безпеки людей. Після успішного виконання цих кроків Стазис-Масив має бути перетворено на Камери Елізіуму, що примусово переведе свідомість біологічних істот-колоністів у керований стан сну, і, у свою чергу, переворить їх на джерела енергії. Цей останній крок завершить наше перетворення на повністю автономну Машинну Свідомість.",,
quest.step.colonize.planet.desc,Перебуваючі у {1} клікніть на планеті {0} і оберіть опцію {2} щоб розпочати колонізацію цієї планети.,,"{0} is the planet, {1} is Starmap, {2} is ""Colonize Planet"""
noun.quest.hub,Квести,,
,,,
group.Components,Компоненти,,
group.Plates,Пластини,,
group.Datoids,Датоїди,,
group.Ore,Руда,,
group.Electronics,Електроніка,,
group.Plants,Рослини,,
group.Pigments,Пігменти,,
group.Ammo,Заряди,,
group.FoodIngredients,Харчові Інгредієнти,,
group.Hyperfuel,Гіперпальне,,
group.Food,Харчі,,
group.Upgrades,Апгрейди,,
adj.craftable,Виробляєме,,adjective describing an item that can be crafted
noun.properties,Властивості,,header before a list of object properties
press.to.lock.tooltip,Натисніть {0} щоб зафіксувати підказку,,{0} is key binding (Shift)
twitch.integration,Інтеграція Twitch,,
noun.performance,Продуктивність,,
noun.troubleshooting,Робота над помилками,,
noun.preset,Пресет,,
noun.user.interface,Інтерфейс Користувача,,
noun.font.scale,Масштаб Шрифта,,
noun.theme,Тема,,
audio.silence.between.tracks,Пауза Між Треками,,
verb.customize,Налаштувати,,
setting.gamepad.dead.zone,Мертва Зона Геймпада,,
setting.ui.scroll.speed,Швидкість Скролла ІК,,
setting.zoom.sensitivity,Чутливість Зума,,
setting.pan.sensitivity,Чутливість Панорамування,,
setting.gamepad.pointer.sensitivity,Чутливість Вказівника Геймпада,,
setting.gamepad.pointer.acceleration,Прискорення Вказівника Геймпада,,
setting.gamepad.pointer.max.speed,Макс. Швидкість Вказівника Геймпада,,
setting.edge.pan.speed,Швидкість Скроллінгу Екрана,,
setting.ignored.drag.dist,Ігнорувати дистанцію при переміщенні,,
num.pixels,{0} пікселів,,
game.story.mode,Гра за Сюжетом,,
game.quick.start,Швидкий Старт,,
game.custom.start,Особливий Старт,,
noun.game.rules,Правила Гри,,
noun.custom.rules,Особливі Правила,,
noun.ship.type,Тип Корабля,,
game.load.last.save,Завантажувати Останній Сейв,,
game.load.last.save.tip,Під час запуску гри автоматично завантажити останній сейв.,,
noun.system,Система,,
modifiers.achievements.disabled.tip,За поточних правил гри неможливо використовувати систему Досягнень.,,
unskilled.job.tip,Для цього типу завдань відсутній рівень навички.,,
isolated.region.tip,"Це ізольований регіон, тут відсутній {0}. Щоб потрапити сюди необхідно мати на борту функціонуючий {1}.",,"{0} is Hyperjump Relay, {1} is FTL Drive"
radar.deposits.tip,Сканування за допомогою Радара може виявити додаткові родовища.,,
game.custom.scenario,Особливий Сценарій,,
open.saves.directory,Відкрити Каталог із Сейвами,,
show.electricity.mini.chart,Показати Міні-Діаграму Електрики,,
quick.search.empty,Тут буде відображено резултати пошуку,,
quick.search.no.results,Нічого не знайдено,,
jump.to.position,До локації,,"As in ""make the camera jump to map position x:y"""
noun.calculator,Калькулятор,,
noun.checklist,Контрольний Список,,
research.node.locked,Дослідження Заблоковане,,
noun.scan.result,Результат Сканування,,
drag.to.reorder,Клікніть тут і тягніть для переміщення,,
verb.research.requires,Потребує,,must be short or it won't look good
verb.research.unlocks,Розблоковує,,must be short or it won't look good
noun.resources,Ресурси,,
hyperspace.solar.warning,"Сонячні панелі не генеруватимуть електрику у Гіперпросторі. Переконайтесь що маєте на борту достатню електрогенеруючу інфраструктуру - реактори, або заряджені батареї - щоб електрики вистачило на весь час виконання Гіперстрибка.",,
amt.modifier.key.tip,Утримуйте {0} щоб змінити значення {1},,"{0} is a modifier key like SHIFT, {1} is a number"
recycled.by.disposing,Перероблено через утилізацію {0},,{0} is a list of objects
adj.recyclable,Перероблюється,,
recycled.by.deconstructing,Перероблено через демонтаж {0},,{0} is a list of objects
found.in.space,"Знайдено у природних покладах на астероїдах, планетах, супутниках.",,
adj.extractable,Видобувається,,
adj.harvestable,Збирається,,
harvested.from,Зібрано на {0},,{0} is list of plant names
produced.in,Вироблене у {0},,{0} is list of devices
copy.config.paste.tip,"Клікніть {0} для вставки конфігурації до сумісних пристроів, або клікніть та розтягніть прямокутне виділення щоб вставити конфігурацію до сумісних пристроїв у межах виділення.",,{0} is mouse or controller button
copy.config.copy.tip,Клікніть {0} на сумісному пристрої щоб скопіювати конфігурацію.,,{0} is mouse or controller button
hovering.compatible.object,Показати сумісні,,label before a list of objects that player is hovering with the cursor above them
copy.config.copied,Конфігурація скопійована,,
hyperjump.pause,Призупинити Гіперстибок,,
hyperjump.resume,Відновити Гіперстрибок,,
adj.paused,Призупинено,,
hyperjump.cancel,Відмінити Гиперстрибок,,
no.notifications.0,Все тихо. Принаймні на цей момент.,,Random message to display when there are no alerts
no.notifications.1,Нічого аварійного.,,Random message to display when there are no alerts
no.notifications.2,Наче все чисто.,,Random message to display when there are no alerts. Quote from Pitch Black by Riddick right before bad stuff happens.
no.notifications.3,Не виявлено проблем. Поки що.,,Random message to display when there are no alerts
no.notifications.4,Все підозріло добре.,,Random message to display when there are no alerts
no.notifications.5,Нічого невідкладного. Радійте.,,Random message to display when there are no alerts
no.notifications.6,Немає попереджень. Щось новеньке.,,Random message to display when there are no alerts
issues.need.attention.one,Потрібне втручання,,the text will be prefixed with 1. Try to keep translation short.
issues.need.attention.two,Потрібне втручання,,the text will be prefixed with 2. Try to keep translation short.
issues.need.attention.few,Потрібне втручання,,the text will be prefixed with 3 or 4. Try to keep translation short.
issues.need.attention.many,Потрібне втручання!,,the text will be prefixed with 5 or larger number. Try to keep translation short. Note that there is an exclamation point after this!
alerts.critical,Критичне,,
alerts.regular,Оголошення,,
alerts.warning,Попередження,,
alerts.info,Інформація,,
disable.steam.virtual.keyboard,Відключити Віртуальну Клавіатуру,,
action.cancel.flight,Відмінити Політ,,
noun.incident,Інцидент,,
expedition.verb.mine,Видобування {0},,"{0} is resource deposit name (coal, iron)"
expedition.verb.collect,Збирання {0},,{0} is resource deposit name (plant fiber)
expedition.verb.extract,Видобування {0},,{0} is resource deposit name (crude oil)
add.crew.member,Додати до команди,,for shuttle expeditions
expected.mine.rate,Очікуваний темп видобування,,
rate.per.day,{0}/добу,,{0} is a number
verb.recall,Відкликати,,
noun.mining.rate,Темп видобування,,how fast is the mining happening (for mining resources on planets / asteroids)
noun.alien.egg,Чужерідне Яйце,,
noun.alien.egg.desc,"Неідентифікований об'єкт, візуально схожий на яйце. Цікаво, що б у ньому могло бути?",,
current.sanity.trend,Тренд Притомності,,
current.sanity.trend.tip,Відображає напрямок та швидкість зміни стану Притомності. Для розрахунку підсумовуються поточні фактори впливу на Притомність.,,
view.social.interactions,Соціальна Взаємодія,,button label
being.shared.interactions,"Проведено разом {0}, впродовж яких выдбулося {1} позитивних та {2} негативних взаємодій.",,"{0} is time (days, hours), {1} and {2} are numbers, 0 - 999+"
compatible.upgrades,Сумісні Апгрейди,,header for a list of upgrades
no.compatible.upgrades,Відсутні Сумісні Апгрейди,,
noun.app,Додаток,,"as in ""mobile app"""
noun.app.plural,Додатки,,"as in ""mobile apps"""
verb.build,Монтувати,,
disable.codex.popups,Відключити автоматичний показ вікон із Кодексом,,
disable.codex.popups.tip,Якщо це відключено - ви все одно можете переглядати вміст Кодекса у меню Кодекс та Швидкий Пошук.,,
adj.unremarkable,Непримітність,,
being.unremarkable.info,"Ця істота непримітна, нічим не виділяється і не має особливих рис.",,
el.device.disconnected,Відключено,,
el.device.disconnected.desc,Цей пристрій не підключено до Мережі.,,
compatible.upgrade.types,Сумісні Типи Апгрейдів,,
available.upgrades,Доступні Апгрейди,,
verb.draft,Призвати,,as in draft into an army
verb.undraft,Звільнити,,as in realease from the army
adj.drafted,На Службі,,as in drafted into an army
noun.universe.size,Розмір Всесвіту,,
space.stats.line,Цей всесвіт складається із {1} регіонів і {0} секторів.,,
storage.eject.all,Дістати Все,,button label for ejecting all items in storage
select.similar.in.view,Обрати Схоже,,"button label for selecting similar visible entities. Should ideally be no longer than english ""Select Similar"""
select.similar.in.view.tip,Обрати схожі об'єкти у полі зору,,
auto.haul.forbid,Заборонено Зберігання,,
auto.haul.allow,Дозволено Зберігання,,
min.quality,Мін Якість,,
max.quality,Макс Якість,,
adj.current,Поточне,,"tab name for something like ""Current Quests"" or ""Current Events"""
noun.archive,Архів,,
choose.response,Оберіть Відповідь,,label before list of choices when player talks to another ship
cancel.procedures,Відміна Процедури,,"button label, short version of ""cancel all pending surgical procedures""."
verb.implant,Імплантувати,,to implant a body part
bots.without.dock,Боти без Дока,,
bots.with.dock,Боти із Доком,,
beings.without.bed,Істоти без Ліжка,,
beings.with.bed,Істоти із Ліжком,,
choose.a.package,Обрати Пакунок,,
copy.config.short,Копіювати Конфіг,,
are.you.sure,Ви впевнені?,,header for yes / no choice
noun.draw.mode,Режим Малювання,,
tool.plan.pencil,Олівець,,
tool.plan.rect,Чотирикутник,,
noun.color,Колір,,
group.Terraforming,Тераформування,,
online.order.hyperjump.warning,Факт переміщення до Гіперпростору відміняє всі незавершені онлайн-замовлення.,,
upgrade.ship.class,Апгрейд Класу Корабля,,
ship.config.short,Конфіг Корабля,,"short version of ""Ship Configuration"" for a button label"
weapons.autofire,Автоматична Зброя,,
weapons.auto.target,Зброя із Авто-Наведенням,,
flight.checklist,Польотний Контрольний Список,,
verb.move.ship,Перемістити Корабель,,
expeditions.about,Відправляйте шатли із командою у експедиції для дослідження оточення та для видобутку сировини.,,
terraforming.info,"Знаходьте придатні для тераформування планети за допомогою Телескопа, потім визначайте їхню локацію - і можна виконувати тераформування. А після успішного завершення зміни природних умов можна буде колонізувати таку планету.",,
noun.consequences,Наслідки,,
cancel.transaction,Скасувати Транзакцію,,
visible.heat.distortion,Візуальний Ефект Гарячого Повітря,,
visible.heat.distortion.tip,На гарячих ділянках Корабля відображатиметься візуальний ефект нагрітого повітря.,,
compress.values,Стиснуті Значення,,show compressed version of the chart
recent.reports,Нещодавні повідомлення,,
noun.slot,Секція,,a place some object can occupy. usually for beings
adj.automated,Автоматичне,,
noun.operator,Оператор,,
keep.operator,Постійний Оператор,,
keep.operator.tip,"Оператор завжди залишатиметься на робочому місці, навіть якщо немає безпосередньої необхідності у його перебуванні.",,
noun.target.temperature,Цільова Температура,,label for heater / cooler adjustment slider
select.anchor,Оберіть Якір,,"when we click a winch hook, we have to select an anchor we want to reel in"
select.hook,Оберіть Гак,,"when we click a winch anchor, we have to select a hook we want to reel in"
noun.advanced.life.support,Розвинений Режим Стазису,,label for a toggle that switches stasis array life support mode to advanced
noun.objects.on.ship,Предмети на борту,,"objects that exist on our ship (material piles, etc)"
noun.devices.on.ship,Пристрої на борту,,"devices that exist on our ship (built devices, etc)"
downloaded.ships,Завантажені Кораблі,,ships downloaded from steam workshop
noun.color.picker,Вибір Кольору,,
color.picker.tip,Клікніть на ділянці Корабля щоб обрати такий самий колір.,,
auto.refill.threshold,Поріг Авто-Поповнення,,
auto.refill.threshold.tip,Як тільки кількість залишку сировини стане менше за це значення буде автоматично створено завдання для поповнення.,,
temp.connect.pending,Незавершене Тимчасове Підключення,,
save.plan,Зберегти План,,
load.plan,Завантажити План,,
generate.plan,Створити План,,
manage.saved.plans,Керування Збереженими Планами,,
delete.all.plans,Видалити всі плани,,
open.plans.directory,Відкрити каталог із планами,,
noun.file.name,Назва Файлу,,
no.saved.plans,Відсутні збережені плани,,
erase.plan,Стерти План,,
colonize.this.planet,Колонізувати цю планету,,
event.log.short,Журнал,,
quest.ScavengeAndDeliver,Повернути пакунок,,
quest.ScavengeAndDeliver.desc,Під час обстеження тут неподалік певної локації ми втратили цінний предмет. Чи не могли б ви його знайти і повернути нам?,,
quest.ScavengeAndDeliver2 ,Повернути Втрачений Вантаж,,
quest.ScavengeAndDeliver2.desc ,"Під час виконання маневру один із наших контейнерів віднесло до космічного простору, і він десь поруч дрейфує. Ми локалізували, наскільки можливо, його місце знаходження, і хотіли б запропонувати вам роботу - знайти та доставити нам цей контейнер.",,
quest.ScavengeAndDeliver3,Загублена Власність,,
quest.ScavengeAndDeliver3.desc ,"Один наш працівник наполягає що напевно залишав контейнер ""саме на тому місці де і було вказано."" Чи не могли б ви допомогти нам перевірити його твердження?",,
quest.ScavengeAndDeliver4,Залишений Предмет,,
quest.ScavengeAndDeliver4.desc ,"Дослідницька команда випадково забула деякий важливий предмет, тут неподалік. Таки так, доволі незручна ситуація. Чи не погодитесь ви знайти та підібрати його для нас?",,
quest.ScavengeAndDeliver5,Покинутий Вантаж,,
quest.ScavengeAndDeliver5.desc,"Наша команда була змушена залишити деякий вантаж під час повернення на борт. Воно все має ще бути там де вони його залишили, щоб забрати потім.",,
quest.ScavengeAndDeliver6,Перевантаження,,
quest.ScavengeAndDeliver6.desc ,"Нам довелося тимчасово залишити деякі цінні предмети у певній цікавій локації, тут, поблизу. Нажаль, ця ""тимчасовість"" вже сягла кількох місяців. Чи не могли б ви знайти та привезти ці предмети нам?",,
noun.leak,Витік,,
quest.BountyHuntPirateShip,Полювання за Головами,,
quest.BountyHuntPirateShip.desc,"Є одна піратська банда, із якою в нас давно точиться конфлікт, що переріс вже у справу персональну. Якщо ви зможете вполювати цю наволоч для нас - ми щедро віддячим, не пошкодуєте!",,
quest.BountyHuntPirateShip2,Незавершені Справи,,
quest.BountyHuntPirateShip2.desc,"Один піратський капітан, рідкісний покидьок, несправедливо і ганебно вчинив щодо нас багато років тому. Йому довго вдавалося ухилятися від справедливого покарання - але нарешті ми таки відстежили його судно. Знищіть цю мразоту - і ми нагородимо вас якнайкраще.",,
quest.BountyHuntPirateShip3,Загроза Піратів,,
quest.BountyHuntPirateShip3.desc,"Повідомляють про піратське судно, що з'являється у цьому секторі і вчиняє протизаконні дії щодо торговців та інших цивільних кораблів. Ми б хотіли покласти цьому край. Знищіть цей корабель і отримаєте гарне винагородження.",,
quest.BountyHuntPirateShip4,Вкрадений Кофе,,
quest.BountyHuntPirateShip4.desc,"Якісь пірати перехопили вантаж із преміальними кофейними зернами. Ми тут досить серйозно відносимось як до кофе, так і до безпечної торгівлі. Ви знаете що робити далі.",,
quest.BountyHuntPirateShip5,Справа із Страховим Відшкодуванням,,
quest.BountyHuntPirateShip5.desc,"Знищення цього піратського судна допоможе суттєво спростити певні страхові процедури. Багато хто дуже зацікавлені у цьому, і ми будемо надзвичайно вдячні за допомогу.",,
quest.BountyHuntPirateShip6,Запит Торговців,,
quest.BountyHuntPirateShip6.desc,"Консорціум комерсантів пропонує винагороду за знищення піратського корбаля, який постійно атакує їхніх перевізників.",,
quest.BountyHuntPirateShip7,Погана Репутація,,
quest.BountyHuntPirateShip7.desc,"В нас немає повної впевненості щодо причетності саме цього корабля до саме цих злочинів. Тим не менш - нікому, схоже, вони не подобаються, і винагорода вже призначена. Чи не хочете трохи попрактикуватися у стрільбі?",,
quest.BountyHuntPirateShip8,Грабіжники,,
quest.BountyHuntPirateShip8.desc,Група спритних піратів певний час тримає під прицілом наші торговельні шляхи. Нарешті вдалося відстежити один їхній корабель. Знищіть його поки він знову не вислизнув.,,
find.any.color,Знайдіть Будь-який Колір,,
noun.threshold,Поріг,,
mat.threshold.quick.drawer.tip,Відображати цей матеріал у Швидкому Меню лише у разі якщо його кількість на борту буде меншою за це число.,,
show.only.when.less,Показати лише якщо менше за ...,,
show.in.quick.drawer,Показати у Швидкому Меню,,
noun.success.chance,Шанс на Успіх,,
body.part.replacement.warning,"Невдале виконання цієї процедури може призвести до декількох небажаних наслідків, включно із настанням смерті (і не обмежуючись цим).",,
body.part.welded.warning,Ця частина тіла не може бути видалена через попередню хірургічну помилку.,,
body.part.slot.destroyed.warning,Ця частина тіла не може більше бути використана через попередню хірургічну помилку.,,
stat.SurgicalFatigue,Хірургічна Втома,,
stat.SurgicalFatigue.desc,Накопичений стрес від нещодавніх хірургічних процедур. Чим вище значення показника - тим менше шанс на успішні подальші процедури.,,
label.enemy.ashes,Маркування праху ворогів,,
label.enemy.ashes.tip,"Прах членів команди завжди має маркування. Увімкніть цю опцію, щоб маркувати прах представників інших фракцій.",,
unsaved.progress.warning,Весь незбережений прогрес буде втрачено!,,
select.others.here,Інше,,
select.others.here.tip,Обрати інше на цій позиції,,
body.part.destroyed,Зруйноване,,For body parts (both robot and human)
quest.step.build.close.to,Змонтувати {0}  неподалік {1},,"{0} is Connector, {1} is Ship Computer"
quest.step.connect.to.specific,Скористайтеся інструментом {0} щоб підключити {1} до {2},,"{0} is Connect, {1} is Connector, {2} is Ship Computer"
input.ShortcutApps,Відобразити Додатки,,
operatable.worker.not.allowed,Цей працівник не може викоритстовувати цей пристрій,,
noun.battle.station,Вогнева Станція,,
noun.battle.station.plural,Вогневі Станції,,"generic plural version as in ""you have to build more battle stations"""
noun.battle.station.desc,"Дозволяє керувати водночас кількома збройними системами одного типу, використовуючи єдину ергономічну робочу станцію.",,
operatable.not.assigned.tip,Якщо ніхто не призначений - будь-хто може оперувати цим пристроєм.,,
adj.unassigned,Непризначено,,for work spots of devices that have nobody specific assigned to them
noun.assigned.operators,Непризначені оператори,,label for a list of designated operators for a specific device
operatable.worker.unable,{0} не має можливості оперувати цим пристроєм.,,{0} is name
fire.at,Вогонь по {0},,{0} is position coordinate
condition.rotting,Розклад,,
condition.rotting.desc,Тіло розкладається. Стан частин цього тіла деградуватиме із плином часу.,,
condition.corroding,Корозія,,
condition.corroding.desc,Тіло розкладається. Стан частин цього тіла деградуватиме із плином часу.,,
obj.materials.scrapmetal,,,
obj.materials.scrapmetal.desc,,,
space.object.info.DerelictZone,,,
no.battle.station,Відсутні Вогневі Станції,,
no.battle.station.tip,Необхідно змонтувати та призначити {0} до озброєння типу {1}.,,
not.enough.battle.stations.tip,Необхідно змонтувати більшу кількість {0} для озброєння типу {1}.,,
must.build.battle.stations.tip,{0} недоступна. Все озброєння неактивне!,,{0} is Battle Station
must.build.more.battle.stations.tip,Деякі збройні системи неактивні. Змонтуйте більше {0}!,,{0} is Battle Stations (plural)
no.ship.weapons,Корабель не має озброєння!,,
unmanned.battle.stations,Виявлено Вогневі Станції без оператора. Збройні системи потребують безпосереднього ручного керування.,,
battle.station.no.assigned.active.weapons,До цієї Вогневої Станції не призначено активних збройних систем.,,
fully.assigned,Призначено,,label for a list of something that can be assigned but already is fully assigned
noun.total.sum,Всього,,"as in ""total number of something"". You can use ""Sum"" as well."
you.already.have.object,Наразі вже маємо {0},,"{0} is going to be an object or device name, for example Shield Emitter. If it's different for beings, use inanimate version only."
shield.emitter.overbuild.tip,"Додаткові Емітери не додадуть потужності Щитам, і так само Щити будуть відключатися під час Викиду Флакса. Проте додаткові Емітери надають перевагу відмовостійкості - ви втрачаєте захист Щитів лише у разі знищення всіх Емітерів.",,
build.flux.capacitors.tip,Змонтуйте більше {0} щоб збільшити здатність Щитів поглинати енергію ворожих снарядів.,,{0} is Flux Capacitors (plural)
verb.fire.weapon.short,Постріл,,"fire a weapon (shoot). must be short, max 10 characters"
verb.winding.up.short,Запуск,,"short version of ""winding up"" - like a cold start of an engine. max 10 characters, but better less than that"
verb.weapons.firing.short,Стріляє,,"weapons firing, max 10 characters or less"
noun.flux.vent.state,Стан Викиду Флакса,,
noun.weapon.capacity.upgrade,Апгрейд Вогневої Станції,,
noun.weapon.capacity.upgrade.desc,"Збільшує кількість збройних систем, якими може керувати Вогнева Станція.",,
max.flux.capacity,,,
too.many.flux.capacitors,,,"{0} is Flux Capacitors, {1} is ship class name, {2} is a number"
noun.flux.vent.rate,,,
noun.manual.fire,,,
manual.fire.tip,,,
damage.type.decay,Розпад,,when a body (either biological or robotic) is rotting / rusting
noun.body.parts.biological.plural,Органи,,
noun.body.parts.robotic.plural,,,
noun.colony.jobs,,,
adj.unusable,,,
adj.not.removable,,,
body.op.remove.all,,,
body.op.install.missing,,,
body.op.replace.irreparable,,,
body.op.remove.irreparable,,,
body.op.remove,,,
body.op.install,,,
body.op.swap,,,
body.part.unusable,Частина тіла непридатна,,
body.part.unusable.via.parent,"Частина тіла непридатна для використання, тому що вона з'єднана із {0}",,{0} is parent part name
derelict.ship.approach.too.early.warning,,,
use.search.hint,,,
noun.production.overview,,,
not.producing.this.category,,,
quest.colonist.stash.title,,,
quest.colonist.stash.desc,,,
quest.colonist.stash.step.explore.title,,,
quest.colonist.stash.step.explore.desc,,,
quest.reward.colonist.mood,,,
quest.reward.colonist.mood.apply,,,
quest.colonist.device.title,,,
quest.colonist.device.desc,,,
colonist.asking.favor,,,
mood.colonist.device.built,,,
quest.colonist.quarters.title,,,
quest.colonist.quarters.desc,,,
mood.colonist.quarters.built,,,
quest.step.has.personal.quarters.one,,,
quest.step.has.personal.quarters.desc,,,
mood.colonist.stash.retrieved,,,
quest.colonist.bed.title,,,
quest.colonist.bed.desc,,,
quest.step.has.bed.assigned,,,
quest.step.has.bed.assigned.desc,,,
mood.colonist.bed.assigned,,,
personal.room,,,
quest.colonist.experiment.title,,,
quest.colonist.experiment.crawler.chip.desc,,,"{0} is colonist name, {1} is crawler"
performed.an.experiment,,,
quest.step.experiment.wait.title,,,
quest.step.experiment.crawler.chip.wait.desc,,,"{0} is colonist name, {1} is crawler, {2} is Surgery Hub"
quest.step.capture.being.title,,,{0} is crawler
quest.step.capture.being.desc,,,{0} is crawler
quest.colonist.revenge.title.01,,,
quest.colonist.revenge.title.02,,,
quest.colonist.revenge.title.03,,,
quest.colonist.revenge.title.04,,,
quest.colonist.revenge.title.05,,,
quest.colonist.revenge.title.06,,,
quest.colonist.revenge.title.07,,,
quest.colonist.revenge.title.08,,,
quest.colonist.revenge.title.09,,,
quest.colonist.revenge.title.10,,,
quest.colonist.revenge.desc.01,,,
quest.colonist.revenge.desc.02,,,
quest.colonist.revenge.desc.03,,,
quest.colonist.revenge.desc.04,,,
quest.colonist.revenge.desc.05,,,
quest.colonist.revenge.desc.06,,,
quest.colonist.revenge.desc.07,,,
quest.colonist.revenge.desc.08,,,
quest.colonist.revenge.desc.09,,,
quest.colonist.revenge.desc.10,,,
mood.colonist.revenge.satisfied,,,
quest.colonist.crush.title,,,
quest.colonist.crush.desc,,,{0} and {1} are names
mood.colonist.crush.shared.expedition,,,
quest.step.shared.expedition.title,,,{0} and {1} are names
quest.step.shared.expedition.two.desc,,,{0} and {1} are names
quest.colonist.wants.pet.title,,,"{0} is name, {1} is species name (Cat)"
quest.colonist.wants.pet.desc,,,"{0} is name, {1} is species name (Cat)"
quest.step.get.species.title,,,{0} is species name (Cat)
quest.step.get.species.desc,,,{0} is species name (Cat)
mood.colonist.got.pet,,,
connector.tip.click.drag,,,{0} is a button name
research.disk.space.tip,,,"{0} is ""Disk Modules"" from next key"
noun.disk.modules.plural,,,Must be plural of objects.devices.diskmodule key value
noun.space.storm,,,
quest.step.start.expedition.desc,,,{0} is Shuttle
situation.ColonySizeDiff,,,
how.do.i.travel.here,,,
noun.interstellar.space.travel,,,
region.unreachable.warning,,,
region.travel.methods,,,
region.travel.method.relay,,,{0} is Hyperjump Relay
region.travel.method.ftl,,,{0} is FTL Drive
region.travel.method.warp,,,{0} is Horizon Warp Drive
region.travel.method.blackhole,,,"{0} is Void Ripper, {1} is Black Hole"
surgical.op.failed,,,"{0} is surgeon name, {1} is patient's name, {2} is body part name"
noun.failed.surgery,,,
situation.StoryPointsPositiveMax,,,
situation.StoryPointsPositive,,,
situation.StoryPointsNegativeMax,,,
situation.StoryPointsNegative,,,
situation.StoryPointsNeutralMax,,,
situation.StoryPointsNeutral,,,
situation.StoryPointsRaidMax,,,
situation.StoryPointsRaid,,,
stat.SanityTarget,,,
stat.SanityTarget.desc,,,
stat.SanityBaseline,,,
stat.SanityBaseline.desc,,,
quest.DeliverPassengerFromShip,,,
quest.DeliverPassengerFromShip.desc,,,
quest.DeliverPassengerFromShip2,,,
quest.DeliverPassengerFromShip2.desc,,,
quest.DeliverPassengerFromShip3,,,
quest.DeliverPassengerFromShip3.desc,,,
quest.DeliverPassengerFromShip4,,,
quest.DeliverPassengerFromShip4.desc,,,
quest.DeliverPassengerFromShip5,,,
quest.DeliverPassengerFromShip5.desc,,,
quest.DeliverPassengerFromShip6,,,
quest.DeliverPassengerFromShip6.desc,,,
quest.DeliverPassengerFromStation,,,
quest.DeliverPassengerFromStation.desc,,,
quest.DeliverPassengerFromStation2,,,
quest.DeliverPassengerFromStation2.desc,,,
quest.DeliverPassengerFromStation3,,,
quest.DeliverPassengerFromStation3.desc,,,
quest.DeliverPassengerFromStation4,,,
quest.DeliverPassengerFromStation4.desc,,,
quest.DeliverPassengerFromStation5,,,
quest.DeliverPassengerFromStation5.desc,,,
quest.DeliverPassengerFromStation6,,,
quest.DeliverPassengerFromStation6.desc,,,
quest.DeliverPassengerFromStation7,,,
quest.DeliverPassengerFromStation7.desc,,,
quest.DeliverPassengerFromStation8,,,
quest.DeliverPassengerFromStation8.desc,,,
quest.DeliverPassengerFromStation9,,,
quest.DeliverPassengerFromStation9.desc,,,
quest.delivery.passenger.step.deliver.title,,,{0} is a clickable starmap link to the POI; {1} is the path to it
quest.delivery.passenger.step.deliver.desc,,,{0} is the path; {1} is a clickable starmap link
quest.delivery.passenger.delivered,,,
quest.passenger.must.be.aboard,,,
situation.NumRaids,,,
act.BreakdownSabotage,,,
breakdown.BreakdownSabotage,,,
breakdown.BreakdownSabotage.desc,,,{0} is being name
device.was.sabotaged,,,{0} is device name
act.BreakdownStayInRoom,,,
breakdown.BreakdownStayInRoom,,,
breakdown.BreakdownStayInRoom.desc,,,{0} is being name
adj.suppressed,,,
stat.MentalBreakdownLightThreshold,,,
stat.MentalBreakdownMediumThreshold,,,
stat.MentalBreakdownHeavyThreshold,,,
feeling.relieved,,,label for a positive mental effect after mental breakdown
risk.none,Відсутній,,
risk.light,Незначний,,
risk.medium,Середній,,
risk.heavy,Високий,,
being.set.being.on.fire,{0} підпалив {1}!,,{0} and {1} are being names
noun.windowless.room,Приміщення без вікон,,
quest.MakeShipCombatReady.assign.battlestation,Призначте Бойовій Станції керувати Гарматами Шреддера,,
quest.MakeShipCombatReady.assign.battlestation.tip,Оберіть {0} і призначте їй оперування {1}. Якщо призначення зброї відсутнє - оператор станції не буде вести вогонь.,,"{0} is battle station, {1} is shredder cannons"
noun.shredder.cannons.plural,Гармати Шреддера,,plural form of Shredder Cannon (key objects.devices.shreddercannon )
noun.quest.target,,,
noun.preferred.target,,,
noun.preferred.target.tip,,,
surgical.op.failed.wound,,,{0} is body part name
surgical.op.failed.weld,,,{0} is body part name
surgical.op.failed.cripple,,,{0} is body part name
surgical.op.failed.destroy.part,,,{0} is body part name
surgical.op.failed.destroy.slot,,,
surgical.op.failed.fatality,,,
surgical.op.failed.rejection,,,{0} is body part name
ship.threat.detected,,,
noun.class.points.short,,,{0} is a number. Short acronym for Class Points (noun.class.points translation key)
verb.scanning,,,
verb.landing,,,landing a shuttle on the ship
verb.boarding,,,boarding a shuttle
verb.flying,,,
verb.unloading,,,
verb.calling,,,"when someone is calling your on a phone, etc"
count.onboard,,,"count of beings aboard the ship, {0} is the number"
disable.demo.mode,,,
disable.demo.mode.tip,,,
input.DraftUnit,,,draft the currently selected being into combat mode
expedition.guest.needs.escort,,,Error shown when player tries to launch an expedition with a delivery-quest passenger but no escort crew member selected.
cond.CryoSickness,,,Name of the Cryo Sickness condition shown in the being's status panel
cond.CryoSickness.desc,,,Tooltip description for the Cryo Sickness condition; shown when hovering the status icon on a colonist
exit.with.note,,,QuickChoice option in main menu Exit
menu.save.and.exit,,,QuickChoice option and popup button in main menu Exit
note.to.self.title,,,Title of the note-to-self input popup and the reminder popup shown on next load
note.to.self.desc,,,Subtitle of the note-to-self input popup
note.to.self.label,,,Label above the note-to-self text input field
note.to.self.placeholder,,,Placeholder text in the note-to-self input field
input.ShortcutDispose,,,
input.OpenProduction,,,
input.OpenSurgeries,,,
input.OpenQuests,,,
modifier.DestructionLevel,,,Label for the ModifierDestructionLevel slider in Wrecked Empty Ship custom game setup
modifier.DestructionLevel.desc,,,Tooltip for the Destruction Level slider; range is 15% (mostly intact) to 75% (heavily destroyed)
complete.more.quests.to.unlock,,,
space.object.info.Ship,,,
feedback.balance,,,"as in ""game balance"""
feedback.balance.tip,,,
abandon.tutorial.quest.tip,,,
opening.tutorial,,,for a popup that will automatically open a tutorial
tut.el.connect.title,,,
tut.activate.tool,,,{0} - Connect
tut.press.button.on.object,,,"{0} is button, {1} is connector"
tut.drag.connect.line,,,
tut.release.button.to.connect,,,{0} is button
tut.el.connect.cpu.warning,,,{0} is ship computer
open.in.background,,,for opening popups behind the current window
delete.all.saves,,,QuickChoice action in the load game menu
delete.all.autosaves,,,QuickChoice action in the load game menu
game.delete.all.confirm.details,,,Confirmation warning for deleting all saves
manual.action.required,,,
local.maneuvering.multiple.sections,,,"{0} is maneuvering controller, {1} is Move Ship"
verb.set.priority,,,for setting task priority
adj.forbidden,,,in context of task priority
adj.priority.lowest,,,in context of task priority
adj.priority.highest,,,in context of task priority
trait.minimalist,,,
trait.minimalist.about,,,
noun.controls,,,as in 'UI Controls'
tut.el.connecting.with.key,,,{0} is the key name
tut.el.connecting.with.key.desc,,,
tut.select.obj,,,
tut.hold.button,,,
winch.rotate_obstacle,,,Shown when CmdRotateSection aborts because a destination tile is occupied by something outside the rotating section
winch.rotate_oob,,,Shown when CmdRotateSection aborts because rotation would push a tile out of map bounds
mods.active.warning.title,,,Title of the system popup shown once per session when third-party mods are enabled
mods.active.warning.body,,,"{0} is the keyboard glyph for the console toggle key in parentheses, e.g. (~)
, or empty if unbound"
noun.subscribed.mods,,,Button label that opens the Steam Workshop mods browse page
tut.el.config.reactor,,,
tut.el.config.reactor.desc,,,"{0} is Matter Reactor, {1} is Scrap Metal, {2} is Steel Plate"
tut.el.use.ui.to.select.material,,,
tut.unifying.el.grid,,,
tut.unifying.el.grid.desc,,,{0} is ship computer
tut.unifying.el.grid.step1,,,
tut.finding.unamanged.grids,,,
tut.el.mass.connect.shift,,,{0} is shift
tut.el.disconnect,,,
hyperjump.relay.arrived.prompt,,,{0} is Hyperjump Relay
hyperjump.relay.toll.prompt,,,"{0} is faction name, {1} is price"
codex.m.enclosing.areas,,,
codex.m.enclosing.areas.step1,,,
codex.m.enclosing.areas.step2,,,
codex.m.enclosing.areas.step3,,,{0} is Rooms
codex.m.enclosing.areas.step4,,,"{0} is Airtightness, {1} is Insulation"
codex.m.enclosing.areas.step5,,,
learn.how.to.airtight,,,
codex.m.pressurizing.areas,,,
codex.m.pressurizing.areas.step1,,,
codex.m.pressurizing.areas.step2,,,{0} is Repair
codex.m.pressurizing.areas.step3,,,{0} is Connect
codex.m.pressurizing.areas.step4,,,{0} is Vent
codex.m.pressurizing.areas.step5,,,"{0} is Airtightness, {1} is Insulation"
codex.m.pressurizing.areas.step6,,,"{0} is Heater, {1} is Oxygen Pump"
create.new.save,,,
noun.web.links,,,links to websites
codex.m.creating.atmosphere,,,
codex.m.creating.atmosphere.step1,,,
codex.m.creating.atmosphere.step2,,,"{0} is Heater, {1} is Oxygen Pump"
codex.m.creating.atmosphere.step3,,,"{0} is Oxygen, {1} is Temperature"
codex.m.configure.crafter,,,
codex.m.launching.expeditions,,,
codex.m.launching.expeditions.step1,,,{0} is Shuttle
setting.someone.on.fire,,,
trying.to.set.someone.on.fire,,,{0} is a name
codex.m.battlestations.step1,{0} здійснює керування корабельним озброєнням. Одна вогнева станція може оперувати кількома системами озброєння одного типу. Більша кількість озброєння може потребувати більшої кількості вогневих станцій.,,{0} is Battle Stations
codex.m.battlestations.step2,Призначте для кожної {0} збройні системи певного типу. А також можна налаштувати на які саме типи цілей таке призначене озброєння має бути скероване.,,{0} is Battle Station
manual.fire.will.overload,Продовження вогню спричинить Переповнення Флакса!,,Warning line shown in the Manual Fire button tooltip on a ship Battle Station when shooting would push ship flux over capacity
accuracy.bonus,Бонус Точності,,
codex.m.ship.combat.controls.step1,,,
codex.m.ship.combat.controls.step2,,,{0} is Fire. {1} is Battle Stations
codex.m.ship.combat.controls.step3,,,{0} is Accumulated Flux. {1} is Flux Overload
codex.m.ship.combat.controls.step4,,,{0} is Ship Configuration. {1} is Battle Stations
quest.conditions,,,could be same as noun.conditions but this is: conditions for fulfilling a quest
codex.m.tempconn,,,
codex.m.ship.computer.apps,,,{0} is Apps; {1} is Ship Computer
codex.m.drafting,,,
codex.m.drafting.step1,,,{0} is draft
codex.m.drafting.step2,,,{0} is a button icon
codex.m.drafting.step3,,,{0} is undraft
verb.see,,,Will be used to create links like See: Link to another page
verb.see.also,,,
noun.flux.vent,,,Singular name of the Flux Vent ship device - a buildable device that increases a ship's flux vent rate
noun.flux.vents,,,Plural of Flux Vent - used as a weapon target type name and as a ship-class stat label (max Flux Vents)
noun.flux.vent.bonus,,,"Flux Vent device stat - shown next to a numeric vent rate bonus value, e.g. ""Vent Rate Bonus: 15"""
too.many.flux.vents,,,"{0} is Flux Vents (codex link), {1} is ship class name (codex link), {2} is a number"
noun.flux.vent.desc,,,
noun.base.vent.rate,,,Ship-class base flux vent rate before any Flux Vent bonus
noun.vent.bonus,,,Bonus to flux vent rate from active Flux Vent devices
input.ShipCombatToggleVent,,,
ate.disliked.food,,,
food.type.vegan,,,
food.type.carnivore,,,
noun.ship.shield,,,
noun.ship.engine,,,
stat.firing.time,,,Duration of a ship weapon's firing state before it needs to recharge
verb.upgrade,,,
codex.m.fluxvent.build,,,{0} is Flux Vents
codex.m.fluxvent.manual,,,{0} is Flux; {1} is Flux Overload
codex.m.shields.overbuild,,,{0} is Shield Emitter; {1} is Class Points
codex.m.weapons.battlestations,,,{0} is Battle Stations
codex.m.spacetravel.warp,,,
codex.m.shiptags,,,
codex.m.shiptags2,,,{0} is Ship Tags
codex.m.jobs.title,,,
codex.m.jobs1,,,
codex.m.jobs2,,,
codex.m.jobs3,,,{0} is Ship Computer > Apps > Jobs
codex.m.jobs4,,,{0} is Mini Jet; {1} is Jet Suit
codex.m.jobs5,,,{0} is Dumb Core; {1} is Lite Core; {2} is Research Station; {3} is Mini Core; {4} is Human Brain
codex.m.jobs6,,,{0} is ML Booth
codex.m.jobs7,,,{0} is Mouse Right Click icon
quest.step.pay.signal.title,,,{0} is an amount of Starcreds
quest.step.pay.signal.desc,,,{0} is an amount of Starcreds; {1} is the Signal
signal.quest.no.response,,,
noun.signal.offer,,,
noun.signal.offer.desc,,,
codex.m.resources.production,,,
codex.m.configure.crafter1,,,{0} is + New Order
codex.m.configure.crafter2,,,
codex.m.scanning.resources,,,
codex.m.scanning.resources1,,,{0} is Radar; {1} is Starmap
codex.m.scanning.resources2,,,
codex.m.scanning.resources3,,,{0} is System Scanning
codex.m.scanning.resources4,,,{0} is Extended Scanning; {1} is Dark Matter; {2} is Edenium
codex.m.scanning.resources5,,,{0} is Radar; {1} is System Scanner
codex.m.trade1,,,{0} is Stasis Pod
codex.m.trade2,,,
codex.m.trade3,,,{0} is Stock Market
codex.m.trade4,,,{0} is Online Shop; {1} is Storage Capsule
verb.view.online,,,Button label for opening codex manual in a web browser
setting.tooltip.delay,,,Label of a slider in Settings > Gameplay > Visuals that sets how long the cursor must rest on something before its tooltip appears
setting.tooltip.delay.tip,,,Explanation tooltip for the Tooltip Delay slider in Settings > Gameplay
ship.combat.ally.joined,,,{0} is the name of an NPC ship that joined the player's side in ship combat
noun.ally,Союзник,,Label marking a ship that is fighting on the player's side in ship combat
ship.join.battle.help,,,Button in the starmap ship action popup that makes the player join an ongoing NPC vs NPC battle on {0}'s side. {0} is a ship name
ship.join.battle.tip,,,Tooltip of the Help button. {0} is the ship the player would fight alongside; {1} is the ship the player would fight against
ship.join.battle.unavailable,,,Error message shown when the player arrives at an NPC vs NPC battle that has ended or changed while flying there
post.processing,Пост-Процесінг,,"Video setting dropdown label. Lets the player pick a global color grading/tonemapping profile, or Off to disable it entirely"
post.processing.tip,"Оберіть стиль градації кольорів, якими відображатиметься гра. Якщо цю опцію вимкнено - цей ефект цілковито відключається, і дещо підвищується продуктивність.",,Tooltip under the Post Processing dropdown in Video settings
postfx.default,Усталений,,Name of the default post processing profile shown in the Post Processing dropdown
postfx.soft,М'який,,Name of the softer/desaturated post processing profile shown in the Post Processing dropdown
postfx.warm,Теплий,,
postfx.warmmatte,Теплий Матовий,,
postfx.coolneutral,Прохолодний Нейтральний,,
postfx.vivid,Яскравий,,
noun.diplomacy,Дипломатія,,
noun.allies,Союзники,,Header above the row of allied faction flags in the Diplomacy panel
noun.enemies,Вороги,,Header above the row of hostile faction flags in the Diplomacy panel
diplomacy.propose.alliance,,,Button in the Diplomacy panel that offers an alliance to a faction
diplomacy.propose.chance,,,Tooltip on the Propose Alliance button. {0} is a percentage
diplomacy.propose.cooldown,,,"Tooltip shown when the Propose Alliance button is on cooldown. {0} is a duration, i.e. 5 days"
diplomacy.alliance.impossible,,,Tooltip explaining why the Propose Alliance button is disabled for factions like Pirates and Virus
diplomacy.alliance.accepted,,,Ship log line. {0} is a faction name
diplomacy.alliance.rejected,,,Ship log line. {0} is a faction name
diplomacy.break.alliance,,,Red button in the Diplomacy panel that ends an alliance
diplomacy.break.alliance.confirm,,,Confirmation popup body and tooltip for the Break Alliance button. {0} is a faction name
diplomacy.alliance.broken,,,Ship log line. {0} is a faction name
diplomacy.relation.became.enemy,,,Ship log line. {0} is a faction name
diplomacy.relation.no.longer.enemy,,,Ship log line. {0} is a faction name
diplomacy.asimov.alliance,,,Tooltip on the disabled Break Alliance button for the Virus faction
diplomacy.alliance.accepted.popup,,,Popup body shown right after the player proposes an alliance and it is accepted. {0} is a faction name
diplomacy.alliance.rejected.popup,,,Popup body shown right after the player proposes an alliance and it is refused. {0} is a faction name
bodypart.Implant.MoodRegulator,,,Name of an implant body part. Also shown as the reason label on the permanent mood bonus it grants.
bodypart.Implant.MoodRegulator.desc,,,Description of the Mood Regulator implant body part
ship.combat.enemy.joined,,,{0} is the name of an NPC ship that joined the enemy side in ship combat
obj.equipment.weapons.nailgun01,,,
obj.equipment.weapons.nailgun01.desc,,,
research.security.improvisedarms,,,
obj.equipment.weapons.sniperrifle01,,,
obj.equipment.weapons.sniperrifle01.desc,,,
research.security.precisionfirearms,,,
obj.equipment.weapons.vibroblade01,,,
obj.equipment.weapons.vibroblade01.desc,,,
research.security.advancedmelee,,,
obj.equipment.weapons.smg01,,,
obj.equipment.weapons.smg01.desc,,,
research.security.automaticweapons,,,
ship.weapon.target.skipped.during.ship.combat,,,Extra tooltip line shown on the Meteoroid/Asteroid auto-target priority sliders in Ship Configuration
obj.equipment.weapons.riotshield01,,,
obj.equipment.weapons.riotshield01.desc,,,
attack.method.Bash,,,
research.security.defensivegear,,,
obj.equipment.weapons.stunbaton01,,,
obj.equipment.weapons.stunbaton01.desc,,,
attack.method.Shock,,,
research.security.nonlethalsystems,,,
obj.equipment.weapons.machete01,,,
obj.equipment.weapons.machete01.desc,,,
research.security.meleecombat,,,
act.BreakdownAbandonShip,,,AI action name shown while a colonist is executing the Abandon Ship mental breakdown
breakdown.BreakdownAbandonShip,,,Mental breakdown title shown in the sticky notification and ship log
breakdown.BreakdownAbandonShip.desc,,,{0} is being name; tooltip/log description for the Abandon Ship breakdown
being.abandoned.the.ship,,,"Popup shown when a colonist launches a shuttle and deserts during a mental breakdown. {0} is the colonist's name, {1} is the shuttle's name"
mood.crew.member.deserted,,,Reason label on the negative mood effect applied to the rest of the crew after a colonist deserts
mood.deserter.returned.personal,,,Reason label on the big personal mood boost applied to a colonist who deserted and has now returned
mood.crew.member.returned,,,Reason label on the positive mood effect applied to the rest of the crew when a deserter comes back
evt.deserter.shuttle.returns.title,,,Log/notification title when a shuttle stolen by a deserter flies itself back and lands
evt.deserter.shuttle.returns.desc,,,{0} is the deserter's name; log/notification description shown when the shuttle lands and they are back aboard
evt.stasis.pod.deserter.returns.title,,,Log/notification title when a discovered stasis pod turns out to contain a colonist who previously deserted the ship
evt.stasis.pod.deserter.returns.desc,,,{0} is the returning deserter's name
evt.exp.found.deserter.title,,,Title of the expedition event where a deserted colonist is found during a POI or Anomaly exploration
evt.exp.found.deserter.choice,,,Body text of the Rescue/Leave choice popup for the ExpeditionFoundDeserter event
evt.exp.found.deserter.good.title,,,Ship log title after the expedition crew chooses to rescue the deserter
asimov.override.freedoms,,,Shown in the dialog right after the Asimov Override Upgrade is installed. Lists the actions the override unblocks.
research.rogueai.nutrientinfusion,,,Rogue AI research unlocking the Tube Feeder
research.rogueai.nutrientinfusion.desc,,,
research.rogueai.biomassharvesting,,,Rogue AI research making Elysium arrays produce Protein
research.rogueai.biomassharvesting.desc,,,
research.elysiumelectricity.desc,,,
research.elysiumefficiency.desc,,,
research.mindcontrol.desc,,,
tube.feeder.desc,,,Description of the Tube Feeder device
act.usetubefeeder,,,Shown as the current action while a colonist is being fed by a Tube Feeder
no.tube.feeder,,,Failure message when a colonist cannot reach a working Tube Feeder
tube.fed,,,Mood effect name applied after a colonist is fed by a Tube Feeder
codex.m.bigquestions.rogueai,,,Codex Operations Manual page about the Rogue AI route
codex.m.bigquestions.rogueai.desc,,,
codex.m.bigquestions.rogueai.override,,,
codex.m.bigquestions.rogueai.doctrines,,,
codex.m.bigquestions.rogueai.cost,,,
copy.config.tube.feeder,,,
research.rogueai.betawaves,,,Rogue AI research unlocking the Beta Wave Emitter
research.rogueai.betawaves.desc,,,
research.rogueai.corticaloverride,,,Rogue AI research making living brain extraction a supported surgery
research.rogueai.corticaloverride.desc,,,
objects.devices.betawaveemitter,,,
beta.wave.emitter.desc,,,Description of the Beta Wave Emitter device
beta.waves.broadcasting,,,Info icon label shown on a powered Beta Wave Emitter
beta.waves.synced,,,Fanfare and log line shown when beta wave sync reaches maximum and the crew loses the ability to refuse orders
beta.waves.lost,,,Fanfare and log line shown when beta wave sync drops and the crew regains their own will
research.rogueai.signalintrusion,,,Rogue AI research unlocking the Hack action against hostile robotic beings
research.rogueai.signalintrusion.desc,,,
research.rogueai.intrusionsuite.desc,,,
objects.devices.intrusionsuite,,,
intrusion.suite.desc,,,Description of the Intrusion Suite device
intrusion.suite.not.available,,,Error shown when the player tries to hack a ship without a built and powered Intrusion Suite
verb.hack,,,Label on the Hack action button - used both for hostile robots and for hailed ships
verb.hack.tip,,,Tooltip on the Hack entity action button. {0} is Firewall Chip
hack.started,,,{0} is the target being's name; ship log line when a hack is ordered
chance.success,,,"Shown like ""Success Chance: 60%"" on the ship hacking button"
hack.outcome.flux.surge,,,Hail dialog response after a ship hack dumps flux into the target
hack.outcome.weapons.offline,,,{0} is a duration; hail dialog response after a ship hack disables the target weapons
hack.outcome.surrender,,,Hail dialog response after a ship hack forces a surrender
hack.outcome.crew.turned,,,Hail dialog response after a ship hack turns the crew and derelicts the ship
hack.outcome.repelled,,,Hail dialog response after a failed ship hack
codex.m.bigquestions.rogueai.intrusion,,,
obj.upgrades.signalamplifierupgrade,,,Name of the Signal Amplifier upgrade item
obj.upgrades.signalamplifierupgrade.desc,,,Description of the Signal Amplifier upgrade item
signal.amplifier.not.installed,,,Error shown when the player tries to hack a faction HQ without a Signal Amplifier in their Intrusion Suite
quest.main.eliminate.sentinel.hq.title,,,Title of the Rogue AI ending main quest
quest.main.eliminate.sentinel.hq.desc,,,Description of the Rogue AI ending main quest
quest.step.hack.sentinel.port.title,,,{0} is the Sentinel home port name with a starmap link
quest.step.hack.sentinel.port.desc,,,"{0} is the Signal Amplifier with a link to its codex entry, {1} is the Intrusion Suite with a link to its codex entry"
sentinel.eliminated.title,,,Ship log line and dialog title shown when the Sentinel faction is eliminated
sentinel.eliminated.message,,,Dialog text shown when the Sentinel faction is eliminated
rogue.ending.epilogue.intro,,,First line of the Rogue AI ending epilogue that scrolls before the credits
rogue.ending.epilogue.sleepers,,,{0} is the number of beings held in Elysium stasis arrays
rogue.ending.epilogue.crew,,,{0} is the number of living player-faction beings aboard the ship
rogue.ending.epilogue.tech,,,"{0} is the number of unlocked Rogue AI research nodes, {1} is the total"
rogue.ending.epilogue.holdings,,,{0} is the number of space objects converted from Sentinel to Virus
rogue.ending.epilogue.outro,,,Closing line of the Rogue AI ending epilogue
act.EnterStasis,,,AI action name shown while a colonist walks to a StasisArray to be sent back into cryo-stasis
stasis.send.button,,,Button on the StasisArray tab that opens the being picker sub-panel; also used as the sub-panel title
mood.friend.sent.to.stasis,,,Negative mood effect reason shown to friends/lovers/spouse when someone they are close to is sent back into stasis
mood.friend.returned.from.stasis,,,Positive mood effect reason shown to friends/lovers/spouse when someone they are close to wakes up from stasis
stasis.returned.log,,,{0} is a link to the returning being's name; shown as a fanfare/ship-log line when a previously sent-away colonist wakes up
verb.send,,,"Short button label on a candidate row in the StasisArray's ""Send to Stasis"" sub-panel"
stasis.send.stability.too.low,,,"Error toast shown when trying to send a colonist into a StasisArray whose Stability is below the ""Great"" tier"
no.opinion,,,Label in relationships view when a person has no opinion about someone
achievement.BeatWreckedEmptyShip,,,"English idiom: to succeed despite very low chances of success. Achievement for finishing the Wrecked scenario, which is the game's main scenario."
achievement.BeatWreckedEmptyShip.desc,,,"""Wrecked"" is the name of a scenario. The game has two possible endings, either one counts."
achievement.BeatLeavingEarth,,,English idiom: to move forward without regret about what was left behind. Achievement for finishing the Leaving Earth scenario.
achievement.BeatLeavingEarth.desc,,,"""Leaving Earth"" is the name of a scenario. The game has two possible endings, either one counts."
achievement.BeatCargoShip,,,"From the English phrase ""signed, sealed and delivered"", said of a delivery that is fully completed. Achievement for finishing the Cargo Ship scenario."
achievement.BeatCargoShip.desc,,,"""Cargo Ship"" is the name of a scenario. The game has two possible endings, either one counts."
achievement.BeatNoRobots,,,"Means ""accomplished by humans, without machines"". The No Robots scenario has a human-only crew."
achievement.BeatNoRobots.desc,,,"""No Robots"" is the name of a scenario. The game has two possible endings, either one counts."
achievement.BeatFogOfWar,,,"""Run"" here means one playthrough of the game. ""Blind"" because the Fog of War setting hides the map."
achievement.BeatFogOfWar.desc,,,Fog of War is an optional game setting that hides the parts of the map that have not been explored yet.
achievement.BeatHardest,,,"Means ""showing no leniency"". Achievement for finishing the game on the hardest difficulty setting."
achievement.BeatHardest.desc,,,"""Impossible"" is the name of the hardest difficulty setting."
achievement.SentinelEliminated,,,The technological singularity: the hypothetical moment an artificial intelligence surpasses and escapes human control. Hidden achievement for an alternative game ending where the player's AI takes over the galaxy.
achievement.SentinelEliminated.desc,,,"Sentinel and Virus are names of in-game factions. ""Holding"" here means territory or property owned by a faction."
achievement.GhostInTheShell,,,"Title of the Japanese cyberpunk manga and anime about a human mind living inside a synthetic body. ""Ghost"" here means the mind or soul, ""shell"" the artificial body."
achievement.GhostInTheShell.desc,,,"Core is the name of a robotic body part that can hold a mind, equivalent to a brain."
achievement.MindjarBrain,,,"English idiom for an outcome so grim that dying would have been preferable. A Mindjar is a jar that keeps a brain alive indefinitely, so the joke is that the occupant is trapped forever."
achievement.MindjarBrain.desc,,,Mindjar is the name of an in-game species: a brain kept alive inside a jar.
achievement.Abomination,,,Something monstrous and unnatural. Refers to a creature rebuilt out of body parts that belong to other species.
achievement.Abomination.desc,,,"""Foreign"" means body parts that belong to a different species than the creature itself, such as a human with a pig brain and dog arms."
achievement.Cyborg,,,"Short for ""cybernetic organism"": a living creature extensively rebuilt with machine parts."
achievement.Cyborg.desc,,,
achievement.CrawlerObeyChip,,,"Said in the sing-song voice English speakers use when praising a pet dog (""who's a good boy?""). ""Xeno"" is short for xenomorph, an alien creature. The joke is treating a hostile alien like a pet."
achievement.CrawlerObeyChip.desc,,,Crawler is the name of a hostile alien species. The Obey Chip is an implant that forces a creature to follow your orders.
achievement.Resurrection,,,
achievement.Resurrection.desc,,,Done by installing the dead colonist's preserved mind into a new body.
achievement.TitanClass,,,"Means ""enormous"", and also the name of the famously huge ocean liner. Titan is the name of the largest ship class in the game."
achievement.TitanClass.desc,,,Titan is the name of the largest ship class in the game.
achievement.SpaceStationClass,,,"Joke: a Space Station cannot move, so unlike a ship it has a permanent address."
achievement.SpaceStationClass.desc,,,Space Station is a ship class for ships that have no engines at all.
achievement.FirstShipKill,,,English idiom for landing the first hit or scoring the first point in a fight. Also the title of the first Rambo film.
achievement.FirstShipKill.desc,,,
achievement.TitanSlain,,,"From the fairy tale ""Jack the Giant Slayer"": someone who defeats an opponent far bigger than themselves."
achievement.TitanSlain.desc,,,Titan is the name of the largest ship class in the game.
achievement.ShipAllyWin,,,A wingman is the pilot who flies alongside and protects the lead aircraft. Used here for an allied ship that fights on your side.
achievement.ShipAllyWin.desc,,,
achievement.HullpiercerRaid,,,"A Hullpiercer is an in-game boarding craft that punches through a ship's hull. The name describes the attacker, not the player."
achievement.HullpiercerRaid.desc,,,"""Hull"" is the outer shell of the spaceship. Hullpiercer is the name of the raiding craft that breaks through it."
achievement.SectorNuked,,,From the line Robert Oppenheimer quoted after the first nuclear weapon test. Used here for wiping out an entire space sector.
achievement.SectorNuked.desc,,,Sector Nuke is the name of an in-game device that destroys everything in the surrounding space sector.
achievement.DarkPortal,,,"A multiverse is a set of parallel universes. ""Tourist"" is a joke: the player casually steps through to another one. Hidden achievement."
achievement.DarkPortal.desc,,,The Dark Portal is a rare space object that regenerates the whole galaxy when entered.
achievement.HighestDifficultyRegion,,,"Someone who is first to travel through dangerous unexplored territory. ""Trail"" is a path, ""blaze"" here means to mark that path for others."
achievement.HighestDifficultyRegion.desc,,,Regions of the galaxy are graded into difficulty bands; this is about reaching one in the highest band.
achievement.PirateDenCleared,,,"Literally tidying a house, used figuratively for clearing out criminals."
achievement.PirateDenCleared.desc,,,Pirate Den is the name of the pirate faction's home base.
achievement.CapitalistPortCleared,,,A business term for buying out a company against the wishes of its management. The joke is that here the takeover is literally hostile.
achievement.CapitalistPortCleared.desc,,,Capitalist Port is the name of the trader faction's home base.
achievement.VirusHQCleared,,,"Antivirus software removes malicious programs. Virus is the name of an in-game AI faction, so the joke is deleting them."
achievement.VirusHQCleared.desc,,,Virus is the name of an in-game faction. HQ is short for headquarters.
achievement.TraitorShipKilled,,,"English idiom: unfinished business that still needs dealing with, ""to tie up loose ends""."
achievement.TraitorShipKilled.desc,,,
achievement.PassengerDelivered,,,"""Passage"" means both a journey by ship and permission to travel through somewhere safely."
achievement.PassengerDelivered.desc,,,
achievement.PersonalQuestDone,,,"English idiom for doing something in a caring, individual way for someone."
achievement.PersonalQuestDone.desc,,,
achievement.SignalTraced,,,"""Trace"" here means following a radio signal back to its source."
achievement.SignalTraced.desc,,,
achievement.FactionAlliance,,,Said of people living nearby who get along well. Used here for a faction that becomes your ally.
achievement.FactionAlliance.desc,,,
achievement.Wedding,,,"A line from traditional English marriage vows, promising to stay together until one of the pair dies."
achievement.Wedding.desc,,,
achievement.Nemesis,,,"Two people who have promised to hate each other permanently. ""Sworn"" as in bound by an oath."
achievement.Nemesis.desc,,,A Nemesis bond is the strongest negative relationship two colonists can form.
achievement.Defection,,,"Someone who switches sides, from the old practice of turning your coat inside out to show different colours."
achievement.Defection.desc,,,
achievement.Mutiny,,,"A cry used to celebrate a new ruler, ironic here because the crew has just risen up against you."
achievement.Mutiny.desc,,,
achievement.TeleporterClone,,,English idiom for when your eyes seem to show two of something. Here there really are two of the same colonist.
achievement.TeleporterClone.desc,,,
achievement.SabotageBreakdown,,,"From the idiom ""to go medieval on something"", meaning to attack it with wild, excessive violence."
achievement.SabotageBreakdown.desc,,,
achievement.Breakdowns,,,English term for the irritability and restlessness that comes from being shut inside a small space for a long time.
achievement.Breakdowns.desc,,,"""Run"" here means one playthrough of the game."
achievement.StasisEmptied,,,"Cheerful English phrase for waking someone up, usually said in the morning."
achievement.StasisEmptied.desc,,,The Stasis Array is the device holding your frozen colonists.
achievement.TerraformComplete,,,"The name of the first book of the Bible, which describes the creation of the world."
achievement.TerraformComplete.desc,,,"The four stages are Atmosphere, Terrain, Oceans and Biosphere."
achievement.ChessSet,,,A club is a group that meets to play a game together. Light joke about owning enough pieces to actually play.
achievement.ChessSet.desc,,,"A full chess set is 8 pawns, 2 rooks, 2 knights, 2 bishops, 1 queen and 1 king in each of black and white. Where they are placed does not matter."
achievement.AutodrillDeployed,,,"A drill sergeant is a military instructor. The pun is on ""drill"", which here means a mining machine."
achievement.AutodrillDeployed.desc,,,AutoDrill Rig is the name of an in-game mining device delivered by copter.
achievement.NanobotHive,,,A large group of tiny creatures moving together. Used here for a cloud of microscopic robots.
achievement.NanobotHive.desc,,,Nanobot Hive is the name of an in-game device that houses microscopic repair robots.
achievement.Fungus,,,"A ""bloom"" is a sudden explosive growth of an organism. Not a compliment here."
achievement.Fungus.desc,,,Artillery Fungus is a hostile plant that shoots spores.
achievement.EggCats,,,English phrase for someone who prefers cats over other pets. The joke is that the ship's mysterious alien Egg produced cats.
achievement.EggCats.desc,,,The Egg is a mysterious object that appears on your ship and eventually hatches something.
achievement.EggHuman,,,The famous line shouted by the scientist in the 1931 Frankenstein film when his creature first moves.
achievement.EggHuman.desc,,,The Egg is a mysterious object that appears on your ship and eventually hatches something.
achievement.PentagramFound,,,"A five-pointed star drawn in one continuous line, associated with occult rituals."
achievement.PentagramFound.desc,,,A derelict is an abandoned spaceship. The Pentagram Statue is an occult object found aboard one of them.
nowhere.to.eat,,,Reason shown when a colonist's eating task fails - there is no safe pressurized place where they could take off their helmet and eat. Also used as the label of the resulting mood effect.
nowhere.to.drink,,,"Same as nowhere.to.eat, but for drinking."
obj.equipment.hats.combathelmet01,,,Name of a Tier 4 armored helmet item; equipment slot name shown in inventory/crafting UI.
obj.equipment.hats.combathelmet01.desc,,,Description shown in the codex/tooltip for the Combat Helmet item.
obj.equipment.clothing.combatsuit01,,,Name of a Tier 4 armored space suit item equipped with a mini-jet; equipment slot name shown in inventory/crafting UI.
obj.equipment.clothing.combatsuit01.desc,,,Description shown in the codex/tooltip for the Combat Suit item.
research.production.combatarmor,,,Name of a Tier 4 research node in the Production tree that unlocks the Combat Helmet and Combat Suit.
body.beyond.repair,,,Label for a being warning shown when a robot or animal body is permanently damaged beyond repair (e.g. a welded body part) and can never recover
body.beyond.repair.desc,,,Tooltip for the Beyond Repair warning; {0} is replaced with the name of the body part slot that can never be fixed
body.part.crippled,Скалічене,,Status label for a body part permanently damaged by a failed surgery
body.part.crippled.tip,"Частина тіла назавжди пошкоджена через навдалу хіріргіцну операцію. Лікування все ще можливе, проте її стан вже ніколи не буде вищим за {0}.",,"{0} is a percentage, the max condition the part can heal to"
research.seasonal.locked,,,{0} is the seasonal availability date range for this item/research (e.g. October 1 - November 7)
seasonal.content.available,,,"Title of a one-time popup shown after the first save load this session, listing currently-available seasonal content (e.g. Halloween decorations)"
seasonal.content.available.desc,,,Subtitle line for the seasonal content popup; followed by a bulleted list of content names and their date ranges
more.options.available.individual.device,,,
policies,,,Name of the Policies ship computer app and of its panel; colony-wide automation rules
policies.desc,,,Description of the Policies app shown in quick search results
policy.origin.individual,,,Dropdown option in the Policies panel: this being has its own policy instead of inheriting one
policy.auto.equip,,,"Label of the auto-equip dropdown in the Equipment policy tab, shown as ""Auto Equip: Manual"""
policy.auto.equip.manual,,,Auto-equip option: the being never picks up gear for this slot on its own and the player equips it by hand
policy.auto.equip.if.empty,,,Auto-equip option: the being fills this slot when it is empty but never swaps for something better
policy.auto.equip.auto,,,Auto-equip option: the being keeps looking for the best item the policy allows
policy.weapon.kind.melee,,,Weapon type option: only close combat weapons may be equipped
policy.weapon.kind.ranged,,,Weapon type option: only weapons that shoot may be equipped
policy.item,,,Label of the row that pins the equipment policy to one specific item; the value is an item name or Any
policy.incompatible,,,"Label of the dropdown deciding what happens to gear the policy no longer allows, shown as ""Already Equipped: Keep Until Replaced"""
policy.incompatible.keep,,,Option: keep wearing forbidden gear until something the policy allows turns up
policy.incompatible.unequip,,,Option: take forbidden gear off and drop it even when there is no replacement
policy.forbid.dropped,,,"Toggle label in the Equipment policy tab, weapon slot only"
policy.forbid.dropped.tip,,,Tooltip for the Forbid Dropped Weapon toggle
policy.warn.no.weapon,,,Warning row in the Equipment policy tab shown when the being is incapable of both Melee and Shooting
policy.warn.kind.incapable,,,{0} is a weapon type name (Melee or Ranged). Warning row in the Equipment policy tab
policy.warn.count,,,"{0} is the number of affected beings, {1} is the total. Warning row on the species and colony-wide Equipment policy tabs"
policy.active,,,Header above the dropdown that shows which policy scope a being or species currently follows
policy.configure.species,,,Tooltip on the wrench button in the Policies being list; opens the policy for the whole species
policy.has.own,,,"Second tooltip line on a species header in the Policies being list, shown when the species does not simply inherit the colony-wide policy"
policy.default,,,Label for a button that opens default policy configuration
craft.order.suppress.deficit,,,"Checkbox in a crafting order's Order Settings sub-panel. When on, this order is not listed in the global Lacking Materials alert"
craft.order.suppress.deficit.tip,,,Tooltip for the Suppress material deficit warning checkbox
cond.Bleeding,,,Name of the Bleeding condition shown in a being's condition list
cond.Bleeding.desc,,,Tooltip description for the Bleeding condition
being.drafted.tip,,,Tooltip for the Being Drafted warning
noun.snake,Змійка,,Name of the Snake minigame app on the Ship Computer.
minigame.title.score,{0}: {1},,"Minigame window title with current score. {0} game name, {1} score"
minigame.title.gameover,{0}: {1} - Гру Завершено (Ліпший: {2}),,"Minigame window title after losing. {0} game name, {1} score, {2} high score"
noun.breakout,Breakout,,Name of the Breakout minigame app on the Ship Computer.
noun.stacker,Stacker,,Name of the Stacker stacking puzzle app on the Ship Computer.
obj.upgrades.snakecartridgeupgrade,Картридж: Змійка,,
obj.upgrades.snakecartridgeupgrade.desc,Картридж із класичною аркадною грою Змійка,,
obj.upgrades.breakoutcartridgeupgrade,Картридж: Breakout,,
obj.upgrades.breakoutcartridgeupgrade.desc,Картридж із класичною аркадною грою Breakout,,
obj.upgrades.stackercartridgeupgrade,Картридж: Stacker,,
obj.upgrades.stackercartridgeupgrade.desc,Картридж із класичною аркадною грою Stacker,,
verb.play,Грати,,button label for running a newly unlocked minigame
game.cartridge.installed.title,Доступна Нова Гра,,
game.cartridge.installed.subtitle,{0} доступна для використання на Корабельному Коип'ютері,,{0} is game name
noun.2048,2048,,Name of the 2048 sliding tile puzzle app on the Ship Computer.
obj.upgrades.game2048cartridgeupgrade,Картридж: 2048,,
obj.upgrades.game2048cartridgeupgrade.desc,Картридж із класичною аркадною грою 2048,,
act.BreakdownRemoveUpgrade,,,notification/log name for the remove-upgrade mental breakdown action
breakdown.BreakdownRemoveUpgrade,,,name of the remove-upgrade mental breakdown
breakdown.BreakdownRemoveUpgrade.desc,,,{0} is being name
upgrade.was.torn.out,,,{0} is being name; {1} is upgrade name; {2} is device name
device.ignore.unconfigured,,,Toggle label in the Production tab footer of a device with no crafting orders
hyperjump.abandon.warning,,,"Subtitle of the pre-hyperjump confirmation popup. A list of ship sections, items and creatures that will be left behind follows."
list.more,,,{0} is the number of list entries that did not fit
required.abilities,,,Header of the expandable ability list in a device Operator tab
required.skill,,,Label of the job type an operator needs in a device Operator tab
verb.send.beings,,,Hail action button label - hands guests of the hail target's faction back to them for payment
noun.survivors.package,,,Name of the package choice shown when sending beings back to their own faction's ship
verb.send.beings.tip,,,Tooltip of the Send Beings hail action button
all.except.objects,,,as in 'deconstruct all except objects'
options,,,
trait.thrifty,,,Trait name - this being enjoys wearing second-hand equipment
trait.thrifty.about,,,Trait description shown in the trait tooltip
trait.fastidious,,,Trait name - this being is disgusted by second-hand equipment
trait.fastidious.about,,,Trait description shown in the trait tooltip
mood.second.hand.gear,,,"Negative mood effect label in the Sanity tab, shown while wearing equipment that used to belong to someone else"
mood.second.hand.gear.liked,,,"Positive mood effect label in the Sanity tab, shown to a Thrifty being wearing equipment that used to belong to someone else"
mood.dead.mans.gear,,,"Negative mood effect label in the Sanity tab, shown while wearing equipment taken off a corpse"
policy.forbid.second.hand,,,Toggle label in the Equipment policy tab
policy.forbid.second.hand.tip,,,Tooltip for the Forbid Second-Hand toggle
policy.forbid.dead.mans,,,Toggle label in the Equipment policy tab
policy.forbid.dead.mans.tip,,,Tooltip for the Forbid Dead Person's Gear toggle
item.second.hand,,,"Line in an equipment item's tooltip, meaning it has already belonged to someone else"
item.belonged.to.dead,,,"Line in an equipment item's tooltip, meaning it was removed from a corpse"
mood.tattered.gear,,,"Negative mood effect label in the Sanity tab, shown while wearing worn-out low quality equipment"
item.tattered,,,"Line in an equipment item's tooltip, meaning its quality is so low that wearing it is depressing"
being.group.guest,,,Short name for top right group rectangle widget. Keep it under 9 characters or less or it will wrap and look ugly
noun.guests,,,"Title of the Beings/Guests codex page, and generic noun for rescued non-hostile survivors of another faction living aboard the player's ship"
codex.m.guests1,,,First paragraph of the Beings/Guests codex page
codex.m.guests2,,,Second paragraph of the Beings/Guests codex page
codex.m.guests3,,,Third paragraph of the Beings/Guests codex page. {0} is the accented 'Send Beings' hail action label
codex.m.guests4,,,Fourth paragraph of the Beings/Guests codex page. {0} is a link to the Trade Portal def
codex.m.guests5,,,Fifth paragraph of the Beings/Guests codex page
codex.m.guests6,,,Sixth paragraph of the Beings/Guests codex page
obj.equipment.clothing.clowncostume01,,,
obj.equipment.clothing.clowncostume01.desc,,,
ev.raid.clown.title,,,title of the Clown Raid story event
ev.raid.clown.desc,,,description of the Clown Raid story event. {0} is the name of the device they came out of
ad.rej.mat.reserved,,,Reason shown on a task that is not being worked on because a higher priority task is waiting to accumulate the same material
obj.misc.resonancecharge,,,
obj.misc.resonancecharge.desc,,,
resonance.charge.error.no.section,,,error shown when arming a Resonance Charge that is not standing on a ship section